id,wsc_lsid,originalName,family,genus,species,subspecies,trait,traitFullName,traitCategory,value,value_numeric,measure,sex,lifeStage,frequency,sampleSize,treatment,method,methodFullName,dateText,dateStart,dateEnd,note,location,decimalLatitude,decimalLongitude,altitude,verbatimLocality,countryCode,countryName,habitatVerbatim,microhabitatVerbatim,datasetName,datasetRestrictedAccess,reference,referenceFull,referenceDOI,rowLinks
240993,urn:lsid:nmbe.ch:spidersp:017583,Arctosa fulvolineata,Lycosidae,Arctosa,fulvolineata,,bodm,Body mass,Morphometry,0.0152,0.0152,Single observation,Female,Adult,,,,mor,Morphometry,May 2007,Tue May 01 2007 00:00:00 GMT+0200 (Central European Summer Time),Tue May 01 2007 00:00:00 GMT+0200 (Central European Summer Time),,MontSt-Michel Bay-vb8BmG0bZI,4.15,-2.3,,Mont St-Michel Bay,,,salt-marsh,,Pétillon et al. published lycosid traits,Free access,Puzin et al. 2011,"Puzin C, Acou A, Bonte D. & Pétillon J. 2011. Comparison of reproductive traits between two salt-marsh wolf spiders (Araneae, Lycosidae) under different habitat suitability conditions. Animal Biology 61: 127-138.",,5785
240994,urn:lsid:nmbe.ch:spidersp:017583,Arctosa fulvolineata,Lycosidae,Arctosa,fulvolineata,,bodm,Body mass,Morphometry,0.0405,0.0405,Single observation,Female,Adult,,,,mor,Morphometry,May 2007,Tue May 01 2007 00:00:00 GMT+0200 (Central European Summer Time),Tue May 01 2007 00:00:00 GMT+0200 (Central European Summer Time),,MontSt-Michel Bay-vb8BmG0bZI,4.15,-2.3,,Mont St-Michel Bay,,,salt-marsh,,Pétillon et al. published lycosid traits,Free access,Puzin et al. 2011,"Puzin C, Acou A, Bonte D. & Pétillon J. 2011. Comparison of reproductive traits between two salt-marsh wolf spiders (Araneae, Lycosidae) under different habitat suitability conditions. Animal Biology 61: 127-138.",,5867
240995,urn:lsid:nmbe.ch:spidersp:017583,Arctosa fulvolineata,Lycosidae,Arctosa,fulvolineata,,bodm,Body mass,Morphometry,0.0182,0.0182,Single observation,Female,Adult,,,,mor,Morphometry,May 2007,Tue May 01 2007 00:00:00 GMT+0200 (Central European Summer Time),Tue May 01 2007 00:00:00 GMT+0200 (Central European Summer Time),,MontSt-Michel Bay-vb8BmG0bZI,4.15,-2.3,,Mont St-Michel Bay,,,salt-marsh,,Pétillon et al. published lycosid traits,Free access,Puzin et al. 2011,"Puzin C, Acou A, Bonte D. & Pétillon J. 2011. Comparison of reproductive traits between two salt-marsh wolf spiders (Araneae, Lycosidae) under different habitat suitability conditions. Animal Biology 61: 127-138.",,5900
240996,urn:lsid:nmbe.ch:spidersp:017583,Arctosa fulvolineata,Lycosidae,Arctosa,fulvolineata,,bodm,Body mass,Morphometry,0.0188,0.0188,Single observation,Female,Adult,,,,mor,Morphometry,May 2007,Tue May 01 2007 00:00:00 GMT+0200 (Central European Summer Time),Tue May 01 2007 00:00:00 GMT+0200 (Central European Summer Time),,MontSt-Michel Bay-vb8BmG0bZI,4.15,-2.3,,Mont St-Michel Bay,,,salt-marsh,,Pétillon et al. published lycosid traits,Free access,Puzin et al. 2011,"Puzin C, Acou A, Bonte D. & Pétillon J. 2011. Comparison of reproductive traits between two salt-marsh wolf spiders (Araneae, Lycosidae) under different habitat suitability conditions. Animal Biology 61: 127-138.",,5933
240997,urn:lsid:nmbe.ch:spidersp:017583,Arctosa fulvolineata,Lycosidae,Arctosa,fulvolineata,,bodm,Body mass,Morphometry,0.0288,0.0288,Single observation,Female,Adult,,,,mor,Morphometry,May 2007,Tue May 01 2007 00:00:00 GMT+0200 (Central European Summer Time),Tue May 01 2007 00:00:00 GMT+0200 (Central European Summer Time),,MontSt-Michel Bay-vb8BmG0bZI,4.15,-2.3,,Mont St-Michel Bay,,,salt-marsh,,Pétillon et al. published lycosid traits,Free access,Puzin et al. 2011,"Puzin C, Acou A, Bonte D. & Pétillon J. 2011. Comparison of reproductive traits between two salt-marsh wolf spiders (Araneae, Lycosidae) under different habitat suitability conditions. Animal Biology 61: 127-138.",,5966
240998,urn:lsid:nmbe.ch:spidersp:017583,Arctosa fulvolineata,Lycosidae,Arctosa,fulvolineata,,bodm,Body mass,Morphometry,0.0206,0.0206,Single observation,Female,Adult,,,,mor,Morphometry,May 2007,Tue May 01 2007 00:00:00 GMT+0200 (Central European Summer Time),Tue May 01 2007 00:00:00 GMT+0200 (Central European Summer Time),,MontSt-Michel Bay-vb8BmG0bZI,4.15,-2.3,,Mont St-Michel Bay,,,salt-marsh,,Pétillon et al. published lycosid traits,Free access,Puzin et al. 2011,"Puzin C, Acou A, Bonte D. & Pétillon J. 2011. Comparison of reproductive traits between two salt-marsh wolf spiders (Araneae, Lycosidae) under different habitat suitability conditions. Animal Biology 61: 127-138.",,5999
240999,urn:lsid:nmbe.ch:spidersp:017583,Arctosa fulvolineata,Lycosidae,Arctosa,fulvolineata,,bodm,Body mass,Morphometry,0.0245,0.0245,Single observation,Female,Adult,,,,mor,Morphometry,May 2007,Tue May 01 2007 00:00:00 GMT+0200 (Central European Summer Time),Tue May 01 2007 00:00:00 GMT+0200 (Central European Summer Time),,MontSt-Michel Bay-vb8BmG0bZI,4.15,-2.3,,Mont St-Michel Bay,,,salt-marsh,,Pétillon et al. published lycosid traits,Free access,Puzin et al. 2011,"Puzin C, Acou A, Bonte D. & Pétillon J. 2011. Comparison of reproductive traits between two salt-marsh wolf spiders (Araneae, Lycosidae) under different habitat suitability conditions. Animal Biology 61: 127-138.",,6029
241000,urn:lsid:nmbe.ch:spidersp:017583,Arctosa fulvolineata,Lycosidae,Arctosa,fulvolineata,,bodm,Body mass,Morphometry,0.0199,0.0199,Single observation,Female,Adult,,,,mor,Morphometry,May 2007,Tue May 01 2007 00:00:00 GMT+0200 (Central European Summer Time),Tue May 01 2007 00:00:00 GMT+0200 (Central European Summer Time),,MontSt-Michel Bay-vb8BmG0bZI,4.15,-2.3,,Mont St-Michel Bay,,,salt-marsh,,Pétillon et al. published lycosid traits,Free access,Puzin et al. 2011,"Puzin C, Acou A, Bonte D. & Pétillon J. 2011. Comparison of reproductive traits between two salt-marsh wolf spiders (Araneae, Lycosidae) under different habitat suitability conditions. Animal Biology 61: 127-138.",,6057
241001,urn:lsid:nmbe.ch:spidersp:017583,Arctosa fulvolineata,Lycosidae,Arctosa,fulvolineata,,bodm,Body mass,Morphometry,0.0171,0.0171,Single observation,Female,Adult,,,,mor,Morphometry,May 2007,Tue May 01 2007 00:00:00 GMT+0200 (Central European Summer Time),Tue May 01 2007 00:00:00 GMT+0200 (Central European Summer Time),,MontSt-Michel Bay-vb8BmG0bZI,4.15,-2.3,,Mont St-Michel Bay,,,salt-marsh,,Pétillon et al. published lycosid traits,Free access,Puzin et al. 2011,"Puzin C, Acou A, Bonte D. & Pétillon J. 2011. Comparison of reproductive traits between two salt-marsh wolf spiders (Araneae, Lycosidae) under different habitat suitability conditions. Animal Biology 61: 127-138.",,6084
241002,urn:lsid:nmbe.ch:spidersp:017583,Arctosa fulvolineata,Lycosidae,Arctosa,fulvolineata,,bodm,Body mass,Morphometry,0.0216,0.0216,Single observation,Female,Adult,,,,mor,Morphometry,May 2007,Tue May 01 2007 00:00:00 GMT+0200 (Central European Summer Time),Tue May 01 2007 00:00:00 GMT+0200 (Central European Summer Time),,MontSt-Michel Bay-vb8BmG0bZI,4.15,-2.3,,Mont St-Michel Bay,,,salt-marsh,,Pétillon et al. published lycosid traits,Free access,Puzin et al. 2011,"Puzin C, Acou A, Bonte D. & Pétillon J. 2011. Comparison of reproductive traits between two salt-marsh wolf spiders (Araneae, Lycosidae) under different habitat suitability conditions. Animal Biology 61: 127-138.",,5788
241003,urn:lsid:nmbe.ch:spidersp:017583,Arctosa fulvolineata,Lycosidae,Arctosa,fulvolineata,,bodm,Body mass,Morphometry,0.0204,0.0204,Single observation,Female,Adult,,,,mor,Morphometry,May 2007,Tue May 01 2007 00:00:00 GMT+0200 (Central European Summer Time),Tue May 01 2007 00:00:00 GMT+0200 (Central European Summer Time),,MontSt-Michel Bay-vb8BmG0bZI,4.15,-2.3,,Mont St-Michel Bay,,,salt-marsh,,Pétillon et al. published lycosid traits,Free access,Puzin et al. 2011,"Puzin C, Acou A, Bonte D. & Pétillon J. 2011. Comparison of reproductive traits between two salt-marsh wolf spiders (Araneae, Lycosidae) under different habitat suitability conditions. Animal Biology 61: 127-138.",,5816
241004,urn:lsid:nmbe.ch:spidersp:017583,Arctosa fulvolineata,Lycosidae,Arctosa,fulvolineata,,bodm,Body mass,Morphometry,0.0201,0.0201,Single observation,Female,Adult,,,,mor,Morphometry,May 2007,Tue May 01 2007 00:00:00 GMT+0200 (Central European Summer Time),Tue May 01 2007 00:00:00 GMT+0200 (Central European Summer Time),,MontSt-Michel Bay-vb8BmG0bZI,4.15,-2.3,,Mont St-Michel Bay,,,salt-marsh,,Pétillon et al. published lycosid traits,Free access,Puzin et al. 2011,"Puzin C, Acou A, Bonte D. & Pétillon J. 2011. Comparison of reproductive traits between two salt-marsh wolf spiders (Araneae, Lycosidae) under different habitat suitability conditions. Animal Biology 61: 127-138.",,5841
241005,urn:lsid:nmbe.ch:spidersp:017583,Arctosa fulvolineata,Lycosidae,Arctosa,fulvolineata,,bodm,Body mass,Morphometry,0.0413,0.0413,Single observation,Female,Adult,,,,mor,Morphometry,May 2007,Tue May 01 2007 00:00:00 GMT+0200 (Central European Summer Time),Tue May 01 2007 00:00:00 GMT+0200 (Central European Summer Time),,MontSt-Michel Bay-vb8BmG0bZI,4.15,-2.3,,Mont St-Michel Bay,,,salt-marsh,,Pétillon et al. published lycosid traits,Free access,Puzin et al. 2011,"Puzin C, Acou A, Bonte D. & Pétillon J. 2011. Comparison of reproductive traits between two salt-marsh wolf spiders (Araneae, Lycosidae) under different habitat suitability conditions. Animal Biology 61: 127-138.",,5846
241006,urn:lsid:nmbe.ch:spidersp:017583,Arctosa fulvolineata,Lycosidae,Arctosa,fulvolineata,,bodm,Body mass,Morphometry,0.0203,0.0203,Single observation,Female,Adult,,,,mor,Morphometry,May 2007,Tue May 01 2007 00:00:00 GMT+0200 (Central European Summer Time),Tue May 01 2007 00:00:00 GMT+0200 (Central European Summer Time),,MontSt-Michel Bay-vb8BmG0bZI,4.15,-2.3,,Mont St-Michel Bay,,,salt-marsh,,Pétillon et al. published lycosid traits,Free access,Puzin et al. 2011,"Puzin C, Acou A, Bonte D. & Pétillon J. 2011. Comparison of reproductive traits between two salt-marsh wolf spiders (Araneae, Lycosidae) under different habitat suitability conditions. Animal Biology 61: 127-138.",,5849
241007,urn:lsid:nmbe.ch:spidersp:017583,Arctosa fulvolineata,Lycosidae,Arctosa,fulvolineata,,bodm,Body mass,Morphometry,0.0297,0.0297,Single observation,Female,Adult,,,,mor,Morphometry,May 2007,Tue May 01 2007 00:00:00 GMT+0200 (Central European Summer Time),Tue May 01 2007 00:00:00 GMT+0200 (Central European Summer Time),,MontSt-Michel Bay-vb8BmG0bZI,4.15,-2.3,,Mont St-Michel Bay,,,salt-marsh,,Pétillon et al. published lycosid traits,Free access,Puzin et al. 2011,"Puzin C, Acou A, Bonte D. & Pétillon J. 2011. Comparison of reproductive traits between two salt-marsh wolf spiders (Araneae, Lycosidae) under different habitat suitability conditions. Animal Biology 61: 127-138.",,5852
241008,urn:lsid:nmbe.ch:spidersp:017583,Arctosa fulvolineata,Lycosidae,Arctosa,fulvolineata,,bodm,Body mass,Morphometry,0.0286,0.0286,Single observation,Female,Adult,,,,mor,Morphometry,May 2007,Tue May 01 2007 00:00:00 GMT+0200 (Central European Summer Time),Tue May 01 2007 00:00:00 GMT+0200 (Central European Summer Time),,MontSt-Michel Bay-vb8BmG0bZI,4.15,-2.3,,Mont St-Michel Bay,,,salt-marsh,,Pétillon et al. published lycosid traits,Free access,Puzin et al. 2011,"Puzin C, Acou A, Bonte D. & Pétillon J. 2011. Comparison of reproductive traits between two salt-marsh wolf spiders (Araneae, Lycosidae) under different habitat suitability conditions. Animal Biology 61: 127-138.",,5855
241009,urn:lsid:nmbe.ch:spidersp:017583,Arctosa fulvolineata,Lycosidae,Arctosa,fulvolineata,,bodm,Body mass,Morphometry,0.0242,0.0242,Single observation,Female,Adult,,,,mor,Morphometry,May 2007,Tue May 01 2007 00:00:00 GMT+0200 (Central European Summer Time),Tue May 01 2007 00:00:00 GMT+0200 (Central European Summer Time),,MontSt-Michel Bay-vb8BmG0bZI,4.15,-2.3,,Mont St-Michel Bay,,,salt-marsh,,Pétillon et al. published lycosid traits,Free access,Puzin et al. 2011,"Puzin C, Acou A, Bonte D. & Pétillon J. 2011. Comparison of reproductive traits between two salt-marsh wolf spiders (Araneae, Lycosidae) under different habitat suitability conditions. Animal Biology 61: 127-138.",,5858
241010,urn:lsid:nmbe.ch:spidersp:017583,Arctosa fulvolineata,Lycosidae,Arctosa,fulvolineata,,bodm,Body mass,Morphometry,0.0168,0.0168,Single observation,Female,Adult,,,,mor,Morphometry,May 2007,Tue May 01 2007 00:00:00 GMT+0200 (Central European Summer Time),Tue May 01 2007 00:00:00 GMT+0200 (Central European Summer Time),,MontSt-Michel Bay-vb8BmG0bZI,4.15,-2.3,,Mont St-Michel Bay,,,salt-marsh,,Pétillon et al. published lycosid traits,Free access,Puzin et al. 2011,"Puzin C, Acou A, Bonte D. & Pétillon J. 2011. Comparison of reproductive traits between two salt-marsh wolf spiders (Araneae, Lycosidae) under different habitat suitability conditions. Animal Biology 61: 127-138.",,5861
241011,urn:lsid:nmbe.ch:spidersp:017583,Arctosa fulvolineata,Lycosidae,Arctosa,fulvolineata,,bodm,Body mass,Morphometry,0.0071,0.0071,Single observation,Female,Adult,,,,mor,Morphometry,May 2007,Tue May 01 2007 00:00:00 GMT+0200 (Central European Summer Time),Tue May 01 2007 00:00:00 GMT+0200 (Central European Summer Time),,MontSt-Michel Bay-vb8BmG0bZI,4.15,-2.3,,Mont St-Michel Bay,,,salt-marsh,,Pétillon et al. published lycosid traits,Free access,Puzin et al. 2011,"Puzin C, Acou A, Bonte D. & Pétillon J. 2011. Comparison of reproductive traits between two salt-marsh wolf spiders (Araneae, Lycosidae) under different habitat suitability conditions. Animal Biology 61: 127-138.",,5864
241012,urn:lsid:nmbe.ch:spidersp:017583,Arctosa fulvolineata,Lycosidae,Arctosa,fulvolineata,,bodm,Body mass,Morphometry,0.0422,0.0422,Single observation,Female,Adult,,,,mor,Morphometry,May 2007,Tue May 01 2007 00:00:00 GMT+0200 (Central European Summer Time),Tue May 01 2007 00:00:00 GMT+0200 (Central European Summer Time),,MontSt-Michel Bay-vb8BmG0bZI,4.15,-2.3,,Mont St-Michel Bay,,,salt-marsh,,Pétillon et al. published lycosid traits,Free access,Puzin et al. 2011,"Puzin C, Acou A, Bonte D. & Pétillon J. 2011. Comparison of reproductive traits between two salt-marsh wolf spiders (Araneae, Lycosidae) under different habitat suitability conditions. Animal Biology 61: 127-138.",,5870
241013,urn:lsid:nmbe.ch:spidersp:017583,Arctosa fulvolineata,Lycosidae,Arctosa,fulvolineata,,bodm,Body mass,Morphometry,0.0193,0.0193,Single observation,Female,Adult,,,,mor,Morphometry,May 2007,Tue May 01 2007 00:00:00 GMT+0200 (Central European Summer Time),Tue May 01 2007 00:00:00 GMT+0200 (Central European Summer Time),,MontSt-Michel Bay-vb8BmG0bZI,4.15,-2.3,,Mont St-Michel Bay,,,salt-marsh,,Pétillon et al. published lycosid traits,Free access,Puzin et al. 2011,"Puzin C, Acou A, Bonte D. & Pétillon J. 2011. Comparison of reproductive traits between two salt-marsh wolf spiders (Araneae, Lycosidae) under different habitat suitability conditions. Animal Biology 61: 127-138.",,5873
241014,urn:lsid:nmbe.ch:spidersp:017583,Arctosa fulvolineata,Lycosidae,Arctosa,fulvolineata,,bodm,Body mass,Morphometry,0.0134,0.0134,Single observation,Female,Adult,,,,mor,Morphometry,May 2007,Tue May 01 2007 00:00:00 GMT+0200 (Central European Summer Time),Tue May 01 2007 00:00:00 GMT+0200 (Central European Summer Time),,MontSt-Michel Bay-vb8BmG0bZI,4.15,-2.3,,Mont St-Michel Bay,,,salt-marsh,,Pétillon et al. published lycosid traits,Free access,Puzin et al. 2011,"Puzin C, Acou A, Bonte D. & Pétillon J. 2011. Comparison of reproductive traits between two salt-marsh wolf spiders (Araneae, Lycosidae) under different habitat suitability conditions. Animal Biology 61: 127-138.",,5876
241015,urn:lsid:nmbe.ch:spidersp:017583,Arctosa fulvolineata,Lycosidae,Arctosa,fulvolineata,,bodm,Body mass,Morphometry,0.0208,0.0208,Single observation,Female,Adult,,,,mor,Morphometry,May 2007,Tue May 01 2007 00:00:00 GMT+0200 (Central European Summer Time),Tue May 01 2007 00:00:00 GMT+0200 (Central European Summer Time),,MontSt-Michel Bay-vb8BmG0bZI,4.15,-2.3,,Mont St-Michel Bay,,,salt-marsh,,Pétillon et al. published lycosid traits,Free access,Puzin et al. 2011,"Puzin C, Acou A, Bonte D. & Pétillon J. 2011. Comparison of reproductive traits between two salt-marsh wolf spiders (Araneae, Lycosidae) under different habitat suitability conditions. Animal Biology 61: 127-138.",,5879
241016,urn:lsid:nmbe.ch:spidersp:017583,Arctosa fulvolineata,Lycosidae,Arctosa,fulvolineata,,bodm,Body mass,Morphometry,0.0275,0.0275,Single observation,Female,Adult,,,,mor,Morphometry,May 2007,Tue May 01 2007 00:00:00 GMT+0200 (Central European Summer Time),Tue May 01 2007 00:00:00 GMT+0200 (Central European Summer Time),,MontSt-Michel Bay-vb8BmG0bZI,4.15,-2.3,,Mont St-Michel Bay,,,salt-marsh,,Pétillon et al. published lycosid traits,Free access,Puzin et al. 2011,"Puzin C, Acou A, Bonte D. & Pétillon J. 2011. Comparison of reproductive traits between two salt-marsh wolf spiders (Araneae, Lycosidae) under different habitat suitability conditions. Animal Biology 61: 127-138.",,5882
241017,urn:lsid:nmbe.ch:spidersp:017583,Arctosa fulvolineata,Lycosidae,Arctosa,fulvolineata,,bodm,Body mass,Morphometry,0.0327,0.0327,Single observation,Female,Adult,,,,mor,Morphometry,May 2007,Tue May 01 2007 00:00:00 GMT+0200 (Central European Summer Time),Tue May 01 2007 00:00:00 GMT+0200 (Central European Summer Time),,MontSt-Michel Bay-vb8BmG0bZI,4.15,-2.3,,Mont St-Michel Bay,,,salt-marsh,,Pétillon et al. published lycosid traits,Free access,Puzin et al. 2011,"Puzin C, Acou A, Bonte D. & Pétillon J. 2011. Comparison of reproductive traits between two salt-marsh wolf spiders (Araneae, Lycosidae) under different habitat suitability conditions. Animal Biology 61: 127-138.",,5885
241018,urn:lsid:nmbe.ch:spidersp:017583,Arctosa fulvolineata,Lycosidae,Arctosa,fulvolineata,,bodm,Body mass,Morphometry,0.0181,0.0181,Single observation,Female,Adult,,,,mor,Morphometry,May 2007,Tue May 01 2007 00:00:00 GMT+0200 (Central European Summer Time),Tue May 01 2007 00:00:00 GMT+0200 (Central European Summer Time),,MontSt-Michel Bay-vb8BmG0bZI,4.15,-2.3,,Mont St-Michel Bay,,,salt-marsh,,Pétillon et al. published lycosid traits,Free access,Puzin et al. 2011,"Puzin C, Acou A, Bonte D. & Pétillon J. 2011. Comparison of reproductive traits between two salt-marsh wolf spiders (Araneae, Lycosidae) under different habitat suitability conditions. Animal Biology 61: 127-138.",,5888
241019,urn:lsid:nmbe.ch:spidersp:017583,Arctosa fulvolineata,Lycosidae,Arctosa,fulvolineata,,bodm,Body mass,Morphometry,0.0132,0.0132,Single observation,Female,Adult,,,,mor,Morphometry,May 2007,Tue May 01 2007 00:00:00 GMT+0200 (Central European Summer Time),Tue May 01 2007 00:00:00 GMT+0200 (Central European Summer Time),,MontSt-Michel Bay-vb8BmG0bZI,4.15,-2.3,,Mont St-Michel Bay,,,salt-marsh,,Pétillon et al. published lycosid traits,Free access,Puzin et al. 2011,"Puzin C, Acou A, Bonte D. & Pétillon J. 2011. Comparison of reproductive traits between two salt-marsh wolf spiders (Araneae, Lycosidae) under different habitat suitability conditions. Animal Biology 61: 127-138.",,5891
241020,urn:lsid:nmbe.ch:spidersp:017583,Arctosa fulvolineata,Lycosidae,Arctosa,fulvolineata,,bodm,Body mass,Morphometry,0.0171,0.0171,Single observation,Female,Adult,,,,mor,Morphometry,May 2007,Tue May 01 2007 00:00:00 GMT+0200 (Central European Summer Time),Tue May 01 2007 00:00:00 GMT+0200 (Central European Summer Time),,MontSt-Michel Bay-vb8BmG0bZI,4.15,-2.3,,Mont St-Michel Bay,,,salt-marsh,,Pétillon et al. published lycosid traits,Free access,Puzin et al. 2011,"Puzin C, Acou A, Bonte D. & Pétillon J. 2011. Comparison of reproductive traits between two salt-marsh wolf spiders (Araneae, Lycosidae) under different habitat suitability conditions. Animal Biology 61: 127-138.",,5894
241021,urn:lsid:nmbe.ch:spidersp:017583,Arctosa fulvolineata,Lycosidae,Arctosa,fulvolineata,,bodm,Body mass,Morphometry,0.0142,0.0142,Single observation,Female,Adult,,,,mor,Morphometry,May 2007,Tue May 01 2007 00:00:00 GMT+0200 (Central European Summer Time),Tue May 01 2007 00:00:00 GMT+0200 (Central European Summer Time),,MontSt-Michel Bay-vb8BmG0bZI,4.15,-2.3,,Mont St-Michel Bay,,,salt-marsh,,Pétillon et al. published lycosid traits,Free access,Puzin et al. 2011,"Puzin C, Acou A, Bonte D. & Pétillon J. 2011. Comparison of reproductive traits between two salt-marsh wolf spiders (Araneae, Lycosidae) under different habitat suitability conditions. Animal Biology 61: 127-138.",,5897
241022,urn:lsid:nmbe.ch:spidersp:017583,Arctosa fulvolineata,Lycosidae,Arctosa,fulvolineata,,bodm,Body mass,Morphometry,0.0224,0.0224,Single observation,Female,Adult,,,,mor,Morphometry,May 2007,Tue May 01 2007 00:00:00 GMT+0200 (Central European Summer Time),Tue May 01 2007 00:00:00 GMT+0200 (Central European Summer Time),,MontSt-Michel Bay-vb8BmG0bZI,4.15,-2.3,,Mont St-Michel Bay,,,salt-marsh,,Pétillon et al. published lycosid traits,Free access,Puzin et al. 2011,"Puzin C, Acou A, Bonte D. & Pétillon J. 2011. Comparison of reproductive traits between two salt-marsh wolf spiders (Araneae, Lycosidae) under different habitat suitability conditions. Animal Biology 61: 127-138.",,5903
241023,urn:lsid:nmbe.ch:spidersp:017583,Arctosa fulvolineata,Lycosidae,Arctosa,fulvolineata,,bodm,Body mass,Morphometry,0.012,0.012,Single observation,Female,Adult,,,,mor,Morphometry,May 2007,Tue May 01 2007 00:00:00 GMT+0200 (Central European Summer Time),Tue May 01 2007 00:00:00 GMT+0200 (Central European Summer Time),,MontSt-Michel Bay-vb8BmG0bZI,4.15,-2.3,,Mont St-Michel Bay,,,salt-marsh,,Pétillon et al. published lycosid traits,Free access,Puzin et al. 2011,"Puzin C, Acou A, Bonte D. & Pétillon J. 2011. Comparison of reproductive traits between two salt-marsh wolf spiders (Araneae, Lycosidae) under different habitat suitability conditions. Animal Biology 61: 127-138.",,5906
241024,urn:lsid:nmbe.ch:spidersp:017583,Arctosa fulvolineata,Lycosidae,Arctosa,fulvolineata,,bodm,Body mass,Morphometry,0.0727,0.0727,Single observation,Female,Adult,,,,mor,Morphometry,May 2007,Tue May 01 2007 00:00:00 GMT+0200 (Central European Summer Time),Tue May 01 2007 00:00:00 GMT+0200 (Central European Summer Time),,MontSt-Michel Bay-vb8BmG0bZI,4.15,-2.3,,Mont St-Michel Bay,,,salt-marsh,,Pétillon et al. published lycosid traits,Free access,Puzin et al. 2011,"Puzin C, Acou A, Bonte D. & Pétillon J. 2011. Comparison of reproductive traits between two salt-marsh wolf spiders (Araneae, Lycosidae) under different habitat suitability conditions. Animal Biology 61: 127-138.",,5909
241025,urn:lsid:nmbe.ch:spidersp:017583,Arctosa fulvolineata,Lycosidae,Arctosa,fulvolineata,,bodm,Body mass,Morphometry,0.0249,0.0249,Single observation,Female,Adult,,,,mor,Morphometry,May 2007,Tue May 01 2007 00:00:00 GMT+0200 (Central European Summer Time),Tue May 01 2007 00:00:00 GMT+0200 (Central European Summer Time),,MontSt-Michel Bay-vb8BmG0bZI,4.15,-2.3,,Mont St-Michel Bay,,,salt-marsh,,Pétillon et al. published lycosid traits,Free access,Puzin et al. 2011,"Puzin C, Acou A, Bonte D. & Pétillon J. 2011. Comparison of reproductive traits between two salt-marsh wolf spiders (Araneae, Lycosidae) under different habitat suitability conditions. Animal Biology 61: 127-138.",,5912
241026,urn:lsid:nmbe.ch:spidersp:017583,Arctosa fulvolineata,Lycosidae,Arctosa,fulvolineata,,bodm,Body mass,Morphometry,0.0355,0.0355,Single observation,Female,Adult,,,,mor,Morphometry,May 2007,Tue May 01 2007 00:00:00 GMT+0200 (Central European Summer Time),Tue May 01 2007 00:00:00 GMT+0200 (Central European Summer Time),,MontSt-Michel Bay-vb8BmG0bZI,4.15,-2.3,,Mont St-Michel Bay,,,salt-marsh,,Pétillon et al. published lycosid traits,Free access,Puzin et al. 2011,"Puzin C, Acou A, Bonte D. & Pétillon J. 2011. Comparison of reproductive traits between two salt-marsh wolf spiders (Araneae, Lycosidae) under different habitat suitability conditions. Animal Biology 61: 127-138.",,5915
241027,urn:lsid:nmbe.ch:spidersp:017583,Arctosa fulvolineata,Lycosidae,Arctosa,fulvolineata,,bodm,Body mass,Morphometry,0.0233,0.0233,Single observation,Female,Adult,,,,mor,Morphometry,May 2007,Tue May 01 2007 00:00:00 GMT+0200 (Central European Summer Time),Tue May 01 2007 00:00:00 GMT+0200 (Central European Summer Time),,MontSt-Michel Bay-vb8BmG0bZI,4.15,-2.3,,Mont St-Michel Bay,,,salt-marsh,,Pétillon et al. published lycosid traits,Free access,Puzin et al. 2011,"Puzin C, Acou A, Bonte D. & Pétillon J. 2011. Comparison of reproductive traits between two salt-marsh wolf spiders (Araneae, Lycosidae) under different habitat suitability conditions. Animal Biology 61: 127-138.",,5918
241028,urn:lsid:nmbe.ch:spidersp:017583,Arctosa fulvolineata,Lycosidae,Arctosa,fulvolineata,,bodm,Body mass,Morphometry,0.0264,0.0264,Single observation,Female,Adult,,,,mor,Morphometry,May 2007,Tue May 01 2007 00:00:00 GMT+0200 (Central European Summer Time),Tue May 01 2007 00:00:00 GMT+0200 (Central European Summer Time),,MontSt-Michel Bay-vb8BmG0bZI,4.15,-2.3,,Mont St-Michel Bay,,,salt-marsh,,Pétillon et al. published lycosid traits,Free access,Puzin et al. 2011,"Puzin C, Acou A, Bonte D. & Pétillon J. 2011. Comparison of reproductive traits between two salt-marsh wolf spiders (Araneae, Lycosidae) under different habitat suitability conditions. Animal Biology 61: 127-138.",,5921
241029,urn:lsid:nmbe.ch:spidersp:017583,Arctosa fulvolineata,Lycosidae,Arctosa,fulvolineata,,bodm,Body mass,Morphometry,0.0308,0.0308,Single observation,Female,Adult,,,,mor,Morphometry,May 2007,Tue May 01 2007 00:00:00 GMT+0200 (Central European Summer Time),Tue May 01 2007 00:00:00 GMT+0200 (Central European Summer Time),,MontSt-Michel Bay-vb8BmG0bZI,4.15,-2.3,,Mont St-Michel Bay,,,salt-marsh,,Pétillon et al. published lycosid traits,Free access,Puzin et al. 2011,"Puzin C, Acou A, Bonte D. & Pétillon J. 2011. Comparison of reproductive traits between two salt-marsh wolf spiders (Araneae, Lycosidae) under different habitat suitability conditions. Animal Biology 61: 127-138.",,5924
241030,urn:lsid:nmbe.ch:spidersp:017583,Arctosa fulvolineata,Lycosidae,Arctosa,fulvolineata,,bodm,Body mass,Morphometry,0.0139,0.0139,Single observation,Female,Adult,,,,mor,Morphometry,May 2007,Tue May 01 2007 00:00:00 GMT+0200 (Central European Summer Time),Tue May 01 2007 00:00:00 GMT+0200 (Central European Summer Time),,MontSt-Michel Bay-vb8BmG0bZI,4.15,-2.3,,Mont St-Michel Bay,,,salt-marsh,,Pétillon et al. published lycosid traits,Free access,Puzin et al. 2011,"Puzin C, Acou A, Bonte D. & Pétillon J. 2011. Comparison of reproductive traits between two salt-marsh wolf spiders (Araneae, Lycosidae) under different habitat suitability conditions. Animal Biology 61: 127-138.",,5927
241031,urn:lsid:nmbe.ch:spidersp:017583,Arctosa fulvolineata,Lycosidae,Arctosa,fulvolineata,,bodm,Body mass,Morphometry,0.025,0.025,Single observation,Female,Adult,,,,mor,Morphometry,May 2007,Tue May 01 2007 00:00:00 GMT+0200 (Central European Summer Time),Tue May 01 2007 00:00:00 GMT+0200 (Central European Summer Time),,MontSt-Michel Bay-vb8BmG0bZI,4.15,-2.3,,Mont St-Michel Bay,,,salt-marsh,,Pétillon et al. published lycosid traits,Free access,Puzin et al. 2011,"Puzin C, Acou A, Bonte D. & Pétillon J. 2011. Comparison of reproductive traits between two salt-marsh wolf spiders (Araneae, Lycosidae) under different habitat suitability conditions. Animal Biology 61: 127-138.",,5930
241032,urn:lsid:nmbe.ch:spidersp:017583,Arctosa fulvolineata,Lycosidae,Arctosa,fulvolineata,,bodm,Body mass,Morphometry,0.0327,0.0327,Single observation,Female,Adult,,,,mor,Morphometry,May 2007,Tue May 01 2007 00:00:00 GMT+0200 (Central European Summer Time),Tue May 01 2007 00:00:00 GMT+0200 (Central European Summer Time),,MontSt-Michel Bay-vb8BmG0bZI,4.15,-2.3,,Mont St-Michel Bay,,,salt-marsh,,Pétillon et al. published lycosid traits,Free access,Puzin et al. 2011,"Puzin C, Acou A, Bonte D. & Pétillon J. 2011. Comparison of reproductive traits between two salt-marsh wolf spiders (Araneae, Lycosidae) under different habitat suitability conditions. Animal Biology 61: 127-138.",,5936
241033,urn:lsid:nmbe.ch:spidersp:017583,Arctosa fulvolineata,Lycosidae,Arctosa,fulvolineata,,bodm,Body mass,Morphometry,0.0196,0.0196,Single observation,Female,Adult,,,,mor,Morphometry,May 2007,Tue May 01 2007 00:00:00 GMT+0200 (Central European Summer Time),Tue May 01 2007 00:00:00 GMT+0200 (Central European Summer Time),,MontSt-Michel Bay-vb8BmG0bZI,4.15,-2.3,,Mont St-Michel Bay,,,salt-marsh,,Pétillon et al. published lycosid traits,Free access,Puzin et al. 2011,"Puzin C, Acou A, Bonte D. & Pétillon J. 2011. Comparison of reproductive traits between two salt-marsh wolf spiders (Araneae, Lycosidae) under different habitat suitability conditions. Animal Biology 61: 127-138.",,5939
241034,urn:lsid:nmbe.ch:spidersp:017583,Arctosa fulvolineata,Lycosidae,Arctosa,fulvolineata,,bodm,Body mass,Morphometry,0.0237,0.0237,Single observation,Female,Adult,,,,mor,Morphometry,May 2007,Tue May 01 2007 00:00:00 GMT+0200 (Central European Summer Time),Tue May 01 2007 00:00:00 GMT+0200 (Central European Summer Time),,MontSt-Michel Bay-vb8BmG0bZI,4.15,-2.3,,Mont St-Michel Bay,,,salt-marsh,,Pétillon et al. published lycosid traits,Free access,Puzin et al. 2011,"Puzin C, Acou A, Bonte D. & Pétillon J. 2011. Comparison of reproductive traits between two salt-marsh wolf spiders (Araneae, Lycosidae) under different habitat suitability conditions. Animal Biology 61: 127-138.",,5942
241035,urn:lsid:nmbe.ch:spidersp:017583,Arctosa fulvolineata,Lycosidae,Arctosa,fulvolineata,,bodm,Body mass,Morphometry,0.0296,0.0296,Single observation,Female,Adult,,,,mor,Morphometry,May 2007,Tue May 01 2007 00:00:00 GMT+0200 (Central European Summer Time),Tue May 01 2007 00:00:00 GMT+0200 (Central European Summer Time),,MontSt-Michel Bay-vb8BmG0bZI,4.15,-2.3,,Mont St-Michel Bay,,,salt-marsh,,Pétillon et al. published lycosid traits,Free access,Puzin et al. 2011,"Puzin C, Acou A, Bonte D. & Pétillon J. 2011. Comparison of reproductive traits between two salt-marsh wolf spiders (Araneae, Lycosidae) under different habitat suitability conditions. Animal Biology 61: 127-138.",,5945
241036,urn:lsid:nmbe.ch:spidersp:017583,Arctosa fulvolineata,Lycosidae,Arctosa,fulvolineata,,bodm,Body mass,Morphometry,0.0235,0.0235,Single observation,Female,Adult,,,,mor,Morphometry,May 2007,Tue May 01 2007 00:00:00 GMT+0200 (Central European Summer Time),Tue May 01 2007 00:00:00 GMT+0200 (Central European Summer Time),,MontSt-Michel Bay-vb8BmG0bZI,4.15,-2.3,,Mont St-Michel Bay,,,salt-marsh,,Pétillon et al. published lycosid traits,Free access,Puzin et al. 2011,"Puzin C, Acou A, Bonte D. & Pétillon J. 2011. Comparison of reproductive traits between two salt-marsh wolf spiders (Araneae, Lycosidae) under different habitat suitability conditions. Animal Biology 61: 127-138.",,5948
241037,urn:lsid:nmbe.ch:spidersp:017583,Arctosa fulvolineata,Lycosidae,Arctosa,fulvolineata,,bodm,Body mass,Morphometry,0.0157,0.0157,Single observation,Female,Adult,,,,mor,Morphometry,May 2007,Tue May 01 2007 00:00:00 GMT+0200 (Central European Summer Time),Tue May 01 2007 00:00:00 GMT+0200 (Central European Summer Time),,MontSt-Michel Bay-vb8BmG0bZI,4.15,-2.3,,Mont St-Michel Bay,,,salt-marsh,,Pétillon et al. published lycosid traits,Free access,Puzin et al. 2011,"Puzin C, Acou A, Bonte D. & Pétillon J. 2011. Comparison of reproductive traits between two salt-marsh wolf spiders (Araneae, Lycosidae) under different habitat suitability conditions. Animal Biology 61: 127-138.",,5951
241038,urn:lsid:nmbe.ch:spidersp:017583,Arctosa fulvolineata,Lycosidae,Arctosa,fulvolineata,,bodm,Body mass,Morphometry,0.0201,0.0201,Single observation,Female,Adult,,,,mor,Morphometry,May 2007,Tue May 01 2007 00:00:00 GMT+0200 (Central European Summer Time),Tue May 01 2007 00:00:00 GMT+0200 (Central European Summer Time),,MontSt-Michel Bay-vb8BmG0bZI,4.15,-2.3,,Mont St-Michel Bay,,,salt-marsh,,Pétillon et al. published lycosid traits,Free access,Puzin et al. 2011,"Puzin C, Acou A, Bonte D. & Pétillon J. 2011. Comparison of reproductive traits between two salt-marsh wolf spiders (Araneae, Lycosidae) under different habitat suitability conditions. Animal Biology 61: 127-138.",,5954
241039,urn:lsid:nmbe.ch:spidersp:017583,Arctosa fulvolineata,Lycosidae,Arctosa,fulvolineata,,bodm,Body mass,Morphometry,0.0361,0.0361,Single observation,Female,Adult,,,,mor,Morphometry,May 2007,Tue May 01 2007 00:00:00 GMT+0200 (Central European Summer Time),Tue May 01 2007 00:00:00 GMT+0200 (Central European Summer Time),,MontSt-Michel Bay-vb8BmG0bZI,4.15,-2.3,,Mont St-Michel Bay,,,salt-marsh,,Pétillon et al. published lycosid traits,Free access,Puzin et al. 2011,"Puzin C, Acou A, Bonte D. & Pétillon J. 2011. Comparison of reproductive traits between two salt-marsh wolf spiders (Araneae, Lycosidae) under different habitat suitability conditions. Animal Biology 61: 127-138.",,5957
241040,urn:lsid:nmbe.ch:spidersp:017583,Arctosa fulvolineata,Lycosidae,Arctosa,fulvolineata,,bodm,Body mass,Morphometry,0.0398,0.0398,Single observation,Female,Adult,,,,mor,Morphometry,May 2007,Tue May 01 2007 00:00:00 GMT+0200 (Central European Summer Time),Tue May 01 2007 00:00:00 GMT+0200 (Central European Summer Time),,MontSt-Michel Bay-vb8BmG0bZI,4.15,-2.3,,Mont St-Michel Bay,,,salt-marsh,,Pétillon et al. published lycosid traits,Free access,Puzin et al. 2011,"Puzin C, Acou A, Bonte D. & Pétillon J. 2011. Comparison of reproductive traits between two salt-marsh wolf spiders (Araneae, Lycosidae) under different habitat suitability conditions. Animal Biology 61: 127-138.",,5960
241041,urn:lsid:nmbe.ch:spidersp:017583,Arctosa fulvolineata,Lycosidae,Arctosa,fulvolineata,,bodm,Body mass,Morphometry,0.0264,0.0264,Single observation,Female,Adult,,,,mor,Morphometry,May 2007,Tue May 01 2007 00:00:00 GMT+0200 (Central European Summer Time),Tue May 01 2007 00:00:00 GMT+0200 (Central European Summer Time),,MontSt-Michel Bay-vb8BmG0bZI,4.15,-2.3,,Mont St-Michel Bay,,,salt-marsh,,Pétillon et al. published lycosid traits,Free access,Puzin et al. 2011,"Puzin C, Acou A, Bonte D. & Pétillon J. 2011. Comparison of reproductive traits between two salt-marsh wolf spiders (Araneae, Lycosidae) under different habitat suitability conditions. Animal Biology 61: 127-138.",,5963
241042,urn:lsid:nmbe.ch:spidersp:017583,Arctosa fulvolineata,Lycosidae,Arctosa,fulvolineata,,bodm,Body mass,Morphometry,0.0204,0.0204,Single observation,Female,Adult,,,,mor,Morphometry,May 2007,Tue May 01 2007 00:00:00 GMT+0200 (Central European Summer Time),Tue May 01 2007 00:00:00 GMT+0200 (Central European Summer Time),,MontSt-Michel Bay-vb8BmG0bZI,4.15,-2.3,,Mont St-Michel Bay,,,salt-marsh,,Pétillon et al. published lycosid traits,Free access,Puzin et al. 2011,"Puzin C, Acou A, Bonte D. & Pétillon J. 2011. Comparison of reproductive traits between two salt-marsh wolf spiders (Araneae, Lycosidae) under different habitat suitability conditions. Animal Biology 61: 127-138.",,5969
241043,urn:lsid:nmbe.ch:spidersp:017583,Arctosa fulvolineata,Lycosidae,Arctosa,fulvolineata,,bodm,Body mass,Morphometry,0.0253,0.0253,Single observation,Female,Adult,,,,mor,Morphometry,May 2007,Tue May 01 2007 00:00:00 GMT+0200 (Central European Summer Time),Tue May 01 2007 00:00:00 GMT+0200 (Central European Summer Time),,MontSt-Michel Bay-vb8BmG0bZI,4.15,-2.3,,Mont St-Michel Bay,,,salt-marsh,,Pétillon et al. published lycosid traits,Free access,Puzin et al. 2011,"Puzin C, Acou A, Bonte D. & Pétillon J. 2011. Comparison of reproductive traits between two salt-marsh wolf spiders (Araneae, Lycosidae) under different habitat suitability conditions. Animal Biology 61: 127-138.",,5972
241044,urn:lsid:nmbe.ch:spidersp:017583,Arctosa fulvolineata,Lycosidae,Arctosa,fulvolineata,,bodm,Body mass,Morphometry,0.0189,0.0189,Single observation,Female,Adult,,,,mor,Morphometry,May 2007,Tue May 01 2007 00:00:00 GMT+0200 (Central European Summer Time),Tue May 01 2007 00:00:00 GMT+0200 (Central European Summer Time),,MontSt-Michel Bay-vb8BmG0bZI,4.15,-2.3,,Mont St-Michel Bay,,,salt-marsh,,Pétillon et al. published lycosid traits,Free access,Puzin et al. 2011,"Puzin C, Acou A, Bonte D. & Pétillon J. 2011. Comparison of reproductive traits between two salt-marsh wolf spiders (Araneae, Lycosidae) under different habitat suitability conditions. Animal Biology 61: 127-138.",,5975
241045,urn:lsid:nmbe.ch:spidersp:017583,Arctosa fulvolineata,Lycosidae,Arctosa,fulvolineata,,bodm,Body mass,Morphometry,0.0242,0.0242,Single observation,Female,Adult,,,,mor,Morphometry,May 2007,Tue May 01 2007 00:00:00 GMT+0200 (Central European Summer Time),Tue May 01 2007 00:00:00 GMT+0200 (Central European Summer Time),,MontSt-Michel Bay-vb8BmG0bZI,4.15,-2.3,,Mont St-Michel Bay,,,salt-marsh,,Pétillon et al. published lycosid traits,Free access,Puzin et al. 2011,"Puzin C, Acou A, Bonte D. & Pétillon J. 2011. Comparison of reproductive traits between two salt-marsh wolf spiders (Araneae, Lycosidae) under different habitat suitability conditions. Animal Biology 61: 127-138.",,5978
241046,urn:lsid:nmbe.ch:spidersp:017583,Arctosa fulvolineata,Lycosidae,Arctosa,fulvolineata,,bodm,Body mass,Morphometry,0.0436,0.0436,Single observation,Female,Adult,,,,mor,Morphometry,May 2007,Tue May 01 2007 00:00:00 GMT+0200 (Central European Summer Time),Tue May 01 2007 00:00:00 GMT+0200 (Central European Summer Time),,MontSt-Michel Bay-vb8BmG0bZI,4.15,-2.3,,Mont St-Michel Bay,,,salt-marsh,,Pétillon et al. published lycosid traits,Free access,Puzin et al. 2011,"Puzin C, Acou A, Bonte D. & Pétillon J. 2011. Comparison of reproductive traits between two salt-marsh wolf spiders (Araneae, Lycosidae) under different habitat suitability conditions. Animal Biology 61: 127-138.",,5981
241047,urn:lsid:nmbe.ch:spidersp:017583,Arctosa fulvolineata,Lycosidae,Arctosa,fulvolineata,,bodm,Body mass,Morphometry,0.0287,0.0287,Single observation,Female,Adult,,,,mor,Morphometry,May 2007,Tue May 01 2007 00:00:00 GMT+0200 (Central European Summer Time),Tue May 01 2007 00:00:00 GMT+0200 (Central European Summer Time),,MontSt-Michel Bay-vb8BmG0bZI,4.15,-2.3,,Mont St-Michel Bay,,,salt-marsh,,Pétillon et al. published lycosid traits,Free access,Puzin et al. 2011,"Puzin C, Acou A, Bonte D. & Pétillon J. 2011. Comparison of reproductive traits between two salt-marsh wolf spiders (Araneae, Lycosidae) under different habitat suitability conditions. Animal Biology 61: 127-138.",,5984
241048,urn:lsid:nmbe.ch:spidersp:017583,Arctosa fulvolineata,Lycosidae,Arctosa,fulvolineata,,bodm,Body mass,Morphometry,0.0434,0.0434,Single observation,Female,Adult,,,,mor,Morphometry,May 2007,Tue May 01 2007 00:00:00 GMT+0200 (Central European Summer Time),Tue May 01 2007 00:00:00 GMT+0200 (Central European Summer Time),,MontSt-Michel Bay-vb8BmG0bZI,4.15,-2.3,,Mont St-Michel Bay,,,salt-marsh,,Pétillon et al. published lycosid traits,Free access,Puzin et al. 2011,"Puzin C, Acou A, Bonte D. & Pétillon J. 2011. Comparison of reproductive traits between two salt-marsh wolf spiders (Araneae, Lycosidae) under different habitat suitability conditions. Animal Biology 61: 127-138.",,5987
241049,urn:lsid:nmbe.ch:spidersp:017583,Arctosa fulvolineata,Lycosidae,Arctosa,fulvolineata,,bodm,Body mass,Morphometry,0.0243,0.0243,Single observation,Female,Adult,,,,mor,Morphometry,May 2007,Tue May 01 2007 00:00:00 GMT+0200 (Central European Summer Time),Tue May 01 2007 00:00:00 GMT+0200 (Central European Summer Time),,MontSt-Michel Bay-vb8BmG0bZI,4.15,-2.3,,Mont St-Michel Bay,,,salt-marsh,,Pétillon et al. published lycosid traits,Free access,Puzin et al. 2011,"Puzin C, Acou A, Bonte D. & Pétillon J. 2011. Comparison of reproductive traits between two salt-marsh wolf spiders (Araneae, Lycosidae) under different habitat suitability conditions. Animal Biology 61: 127-138.",,5990
241050,urn:lsid:nmbe.ch:spidersp:017583,Arctosa fulvolineata,Lycosidae,Arctosa,fulvolineata,,bodm,Body mass,Morphometry,0.0219,0.0219,Single observation,Female,Adult,,,,mor,Morphometry,May 2007,Tue May 01 2007 00:00:00 GMT+0200 (Central European Summer Time),Tue May 01 2007 00:00:00 GMT+0200 (Central European Summer Time),,MontSt-Michel Bay-vb8BmG0bZI,4.15,-2.3,,Mont St-Michel Bay,,,salt-marsh,,Pétillon et al. published lycosid traits,Free access,Puzin et al. 2011,"Puzin C, Acou A, Bonte D. & Pétillon J. 2011. Comparison of reproductive traits between two salt-marsh wolf spiders (Araneae, Lycosidae) under different habitat suitability conditions. Animal Biology 61: 127-138.",,5993
241051,urn:lsid:nmbe.ch:spidersp:017583,Arctosa fulvolineata,Lycosidae,Arctosa,fulvolineata,,bodm,Body mass,Morphometry,0.0146,0.0146,Single observation,Female,Adult,,,,mor,Morphometry,May 2007,Tue May 01 2007 00:00:00 GMT+0200 (Central European Summer Time),Tue May 01 2007 00:00:00 GMT+0200 (Central European Summer Time),,MontSt-Michel Bay-vb8BmG0bZI,4.15,-2.3,,Mont St-Michel Bay,,,salt-marsh,,Pétillon et al. published lycosid traits,Free access,Puzin et al. 2011,"Puzin C, Acou A, Bonte D. & Pétillon J. 2011. Comparison of reproductive traits between two salt-marsh wolf spiders (Araneae, Lycosidae) under different habitat suitability conditions. Animal Biology 61: 127-138.",,5996
241052,urn:lsid:nmbe.ch:spidersp:017583,Arctosa fulvolineata,Lycosidae,Arctosa,fulvolineata,,bodm,Body mass,Morphometry,0.0144,0.0144,Single observation,Female,Adult,,,,mor,Morphometry,May 2007,Tue May 01 2007 00:00:00 GMT+0200 (Central European Summer Time),Tue May 01 2007 00:00:00 GMT+0200 (Central European Summer Time),,MontSt-Michel Bay-vb8BmG0bZI,4.15,-2.3,,Mont St-Michel Bay,,,salt-marsh,,Pétillon et al. published lycosid traits,Free access,Puzin et al. 2011,"Puzin C, Acou A, Bonte D. & Pétillon J. 2011. Comparison of reproductive traits between two salt-marsh wolf spiders (Araneae, Lycosidae) under different habitat suitability conditions. Animal Biology 61: 127-138.",,6002
241053,urn:lsid:nmbe.ch:spidersp:018502,Pardosa purbeckensis,Lycosidae,Pardosa,purbeckensis,,bodm,Body mass,Morphometry,0.0071,0.0071,Single observation,Female,Adult,,,,mor,Morphometry,May 2007,Tue May 01 2007 00:00:00 GMT+0200 (Central European Summer Time),Tue May 01 2007 00:00:00 GMT+0200 (Central European Summer Time),,MontSt-Michel Bay-vb8BmG0bZI,4.15,-2.3,,Mont St-Michel Bay,,,salt-marsh,,Pétillon et al. published lycosid traits,Free access,Puzin et al. 2011,"Puzin C, Acou A, Bonte D. & Pétillon J. 2011. Comparison of reproductive traits between two salt-marsh wolf spiders (Araneae, Lycosidae) under different habitat suitability conditions. Animal Biology 61: 127-138.",,6005
241054,urn:lsid:nmbe.ch:spidersp:018502,Pardosa purbeckensis,Lycosidae,Pardosa,purbeckensis,,bodm,Body mass,Morphometry,0.0093,0.0093,Single observation,Female,Adult,,,,mor,Morphometry,May 2007,Tue May 01 2007 00:00:00 GMT+0200 (Central European Summer Time),Tue May 01 2007 00:00:00 GMT+0200 (Central European Summer Time),,MontSt-Michel Bay-vb8BmG0bZI,4.15,-2.3,,Mont St-Michel Bay,,,salt-marsh,,Pétillon et al. published lycosid traits,Free access,Puzin et al. 2011,"Puzin C, Acou A, Bonte D. & Pétillon J. 2011. Comparison of reproductive traits between two salt-marsh wolf spiders (Araneae, Lycosidae) under different habitat suitability conditions. Animal Biology 61: 127-138.",,6007
241055,urn:lsid:nmbe.ch:spidersp:018502,Pardosa purbeckensis,Lycosidae,Pardosa,purbeckensis,,bodm,Body mass,Morphometry,0.0088,0.0088,Single observation,Female,Adult,,,,mor,Morphometry,May 2007,Tue May 01 2007 00:00:00 GMT+0200 (Central European Summer Time),Tue May 01 2007 00:00:00 GMT+0200 (Central European Summer Time),,MontSt-Michel Bay-vb8BmG0bZI,4.15,-2.3,,Mont St-Michel Bay,,,salt-marsh,,Pétillon et al. published lycosid traits,Free access,Puzin et al. 2011,"Puzin C, Acou A, Bonte D. & Pétillon J. 2011. Comparison of reproductive traits between two salt-marsh wolf spiders (Araneae, Lycosidae) under different habitat suitability conditions. Animal Biology 61: 127-138.",,6010
241056,urn:lsid:nmbe.ch:spidersp:018502,Pardosa purbeckensis,Lycosidae,Pardosa,purbeckensis,,bodm,Body mass,Morphometry,0.0123,0.0123,Single observation,Female,Adult,,,,mor,Morphometry,May 2007,Tue May 01 2007 00:00:00 GMT+0200 (Central European Summer Time),Tue May 01 2007 00:00:00 GMT+0200 (Central European Summer Time),,MontSt-Michel Bay-vb8BmG0bZI,4.15,-2.3,,Mont St-Michel Bay,,,salt-marsh,,Pétillon et al. published lycosid traits,Free access,Puzin et al. 2011,"Puzin C, Acou A, Bonte D. & Pétillon J. 2011. Comparison of reproductive traits between two salt-marsh wolf spiders (Araneae, Lycosidae) under different habitat suitability conditions. Animal Biology 61: 127-138.",,6012
241057,urn:lsid:nmbe.ch:spidersp:018502,Pardosa purbeckensis,Lycosidae,Pardosa,purbeckensis,,bodm,Body mass,Morphometry,0.0078,0.0078,Single observation,Female,Adult,,,,mor,Morphometry,May 2007,Tue May 01 2007 00:00:00 GMT+0200 (Central European Summer Time),Tue May 01 2007 00:00:00 GMT+0200 (Central European Summer Time),,MontSt-Michel Bay-vb8BmG0bZI,4.15,-2.3,,Mont St-Michel Bay,,,salt-marsh,,Pétillon et al. published lycosid traits,Free access,Puzin et al. 2011,"Puzin C, Acou A, Bonte D. & Pétillon J. 2011. Comparison of reproductive traits between two salt-marsh wolf spiders (Araneae, Lycosidae) under different habitat suitability conditions. Animal Biology 61: 127-138.",,6015
241058,urn:lsid:nmbe.ch:spidersp:018502,Pardosa purbeckensis,Lycosidae,Pardosa,purbeckensis,,bodm,Body mass,Morphometry,0.0052,0.0052,Single observation,Female,Adult,,,,mor,Morphometry,May 2007,Tue May 01 2007 00:00:00 GMT+0200 (Central European Summer Time),Tue May 01 2007 00:00:00 GMT+0200 (Central European Summer Time),,MontSt-Michel Bay-vb8BmG0bZI,4.15,-2.3,,Mont St-Michel Bay,,,salt-marsh,,Pétillon et al. published lycosid traits,Free access,Puzin et al. 2011,"Puzin C, Acou A, Bonte D. & Pétillon J. 2011. Comparison of reproductive traits between two salt-marsh wolf spiders (Araneae, Lycosidae) under different habitat suitability conditions. Animal Biology 61: 127-138.",,6018
241059,urn:lsid:nmbe.ch:spidersp:018502,Pardosa purbeckensis,Lycosidae,Pardosa,purbeckensis,,bodm,Body mass,Morphometry,0.0092,0.0092,Single observation,Female,Adult,,,,mor,Morphometry,May 2007,Tue May 01 2007 00:00:00 GMT+0200 (Central European Summer Time),Tue May 01 2007 00:00:00 GMT+0200 (Central European Summer Time),,MontSt-Michel Bay-vb8BmG0bZI,4.15,-2.3,,Mont St-Michel Bay,,,salt-marsh,,Pétillon et al. published lycosid traits,Free access,Puzin et al. 2011,"Puzin C, Acou A, Bonte D. & Pétillon J. 2011. Comparison of reproductive traits between two salt-marsh wolf spiders (Araneae, Lycosidae) under different habitat suitability conditions. Animal Biology 61: 127-138.",,6021
241060,urn:lsid:nmbe.ch:spidersp:018502,Pardosa purbeckensis,Lycosidae,Pardosa,purbeckensis,,bodm,Body mass,Morphometry,0.0089,0.0089,Single observation,Female,Adult,,,,mor,Morphometry,May 2007,Tue May 01 2007 00:00:00 GMT+0200 (Central European Summer Time),Tue May 01 2007 00:00:00 GMT+0200 (Central European Summer Time),,MontSt-Michel Bay-vb8BmG0bZI,4.15,-2.3,,Mont St-Michel Bay,,,salt-marsh,,Pétillon et al. published lycosid traits,Free access,Puzin et al. 2011,"Puzin C, Acou A, Bonte D. & Pétillon J. 2011. Comparison of reproductive traits between two salt-marsh wolf spiders (Araneae, Lycosidae) under different habitat suitability conditions. Animal Biology 61: 127-138.",,6024
241061,urn:lsid:nmbe.ch:spidersp:018502,Pardosa purbeckensis,Lycosidae,Pardosa,purbeckensis,,bodm,Body mass,Morphometry,0.0066,0.0066,Single observation,Female,Adult,,,,mor,Morphometry,May 2007,Tue May 01 2007 00:00:00 GMT+0200 (Central European Summer Time),Tue May 01 2007 00:00:00 GMT+0200 (Central European Summer Time),,MontSt-Michel Bay-vb8BmG0bZI,4.15,-2.3,,Mont St-Michel Bay,,,salt-marsh,,Pétillon et al. published lycosid traits,Free access,Puzin et al. 2011,"Puzin C, Acou A, Bonte D. & Pétillon J. 2011. Comparison of reproductive traits between two salt-marsh wolf spiders (Araneae, Lycosidae) under different habitat suitability conditions. Animal Biology 61: 127-138.",,6026
241062,urn:lsid:nmbe.ch:spidersp:018502,Pardosa purbeckensis,Lycosidae,Pardosa,purbeckensis,,bodm,Body mass,Morphometry,0.0093,0.0093,Single observation,Female,Adult,,,,mor,Morphometry,May 2007,Tue May 01 2007 00:00:00 GMT+0200 (Central European Summer Time),Tue May 01 2007 00:00:00 GMT+0200 (Central European Summer Time),,MontSt-Michel Bay-vb8BmG0bZI,4.15,-2.3,,Mont St-Michel Bay,,,salt-marsh,,Pétillon et al. published lycosid traits,Free access,Puzin et al. 2011,"Puzin C, Acou A, Bonte D. & Pétillon J. 2011. Comparison of reproductive traits between two salt-marsh wolf spiders (Araneae, Lycosidae) under different habitat suitability conditions. Animal Biology 61: 127-138.",,6032
241063,urn:lsid:nmbe.ch:spidersp:018502,Pardosa purbeckensis,Lycosidae,Pardosa,purbeckensis,,bodm,Body mass,Morphometry,0.008,0.008,Single observation,Female,Adult,,,,mor,Morphometry,May 2007,Tue May 01 2007 00:00:00 GMT+0200 (Central European Summer Time),Tue May 01 2007 00:00:00 GMT+0200 (Central European Summer Time),,MontSt-Michel Bay-vb8BmG0bZI,4.15,-2.3,,Mont St-Michel Bay,,,salt-marsh,,Pétillon et al. published lycosid traits,Free access,Puzin et al. 2011,"Puzin C, Acou A, Bonte D. & Pétillon J. 2011. Comparison of reproductive traits between two salt-marsh wolf spiders (Araneae, Lycosidae) under different habitat suitability conditions. Animal Biology 61: 127-138.",,6035
241064,urn:lsid:nmbe.ch:spidersp:018502,Pardosa purbeckensis,Lycosidae,Pardosa,purbeckensis,,bodm,Body mass,Morphometry,0.0079,0.0079,Single observation,Female,Adult,,,,mor,Morphometry,May 2007,Tue May 01 2007 00:00:00 GMT+0200 (Central European Summer Time),Tue May 01 2007 00:00:00 GMT+0200 (Central European Summer Time),,MontSt-Michel Bay-vb8BmG0bZI,4.15,-2.3,,Mont St-Michel Bay,,,salt-marsh,,Pétillon et al. published lycosid traits,Free access,Puzin et al. 2011,"Puzin C, Acou A, Bonte D. & Pétillon J. 2011. Comparison of reproductive traits between two salt-marsh wolf spiders (Araneae, Lycosidae) under different habitat suitability conditions. Animal Biology 61: 127-138.",,6038
241065,urn:lsid:nmbe.ch:spidersp:018502,Pardosa purbeckensis,Lycosidae,Pardosa,purbeckensis,,bodm,Body mass,Morphometry,0.0059,0.0059,Single observation,Female,Adult,,,,mor,Morphometry,May 2007,Tue May 01 2007 00:00:00 GMT+0200 (Central European Summer Time),Tue May 01 2007 00:00:00 GMT+0200 (Central European Summer Time),,MontSt-Michel Bay-vb8BmG0bZI,4.15,-2.3,,Mont St-Michel Bay,,,salt-marsh,,Pétillon et al. published lycosid traits,Free access,Puzin et al. 2011,"Puzin C, Acou A, Bonte D. & Pétillon J. 2011. Comparison of reproductive traits between two salt-marsh wolf spiders (Araneae, Lycosidae) under different habitat suitability conditions. Animal Biology 61: 127-138.",,6041
241066,urn:lsid:nmbe.ch:spidersp:018502,Pardosa purbeckensis,Lycosidae,Pardosa,purbeckensis,,bodm,Body mass,Morphometry,0.0056,0.0056,Single observation,Female,Adult,,,,mor,Morphometry,May 2007,Tue May 01 2007 00:00:00 GMT+0200 (Central European Summer Time),Tue May 01 2007 00:00:00 GMT+0200 (Central European Summer Time),,MontSt-Michel Bay-vb8BmG0bZI,4.15,-2.3,,Mont St-Michel Bay,,,salt-marsh,,Pétillon et al. published lycosid traits,Free access,Puzin et al. 2011,"Puzin C, Acou A, Bonte D. & Pétillon J. 2011. Comparison of reproductive traits between two salt-marsh wolf spiders (Araneae, Lycosidae) under different habitat suitability conditions. Animal Biology 61: 127-138.",,6044
241067,urn:lsid:nmbe.ch:spidersp:018502,Pardosa purbeckensis,Lycosidae,Pardosa,purbeckensis,,bodm,Body mass,Morphometry,0.007,0.007,Single observation,Female,Adult,,,,mor,Morphometry,May 2007,Tue May 01 2007 00:00:00 GMT+0200 (Central European Summer Time),Tue May 01 2007 00:00:00 GMT+0200 (Central European Summer Time),,MontSt-Michel Bay-vb8BmG0bZI,4.15,-2.3,,Mont St-Michel Bay,,,salt-marsh,,Pétillon et al. published lycosid traits,Free access,Puzin et al. 2011,"Puzin C, Acou A, Bonte D. & Pétillon J. 2011. Comparison of reproductive traits between two salt-marsh wolf spiders (Araneae, Lycosidae) under different habitat suitability conditions. Animal Biology 61: 127-138.",,6046
241068,urn:lsid:nmbe.ch:spidersp:018502,Pardosa purbeckensis,Lycosidae,Pardosa,purbeckensis,,bodm,Body mass,Morphometry,0.0062,0.0062,Single observation,Female,Adult,,,,mor,Morphometry,May 2007,Tue May 01 2007 00:00:00 GMT+0200 (Central European Summer Time),Tue May 01 2007 00:00:00 GMT+0200 (Central European Summer Time),,MontSt-Michel Bay-vb8BmG0bZI,4.15,-2.3,,Mont St-Michel Bay,,,salt-marsh,,Pétillon et al. published lycosid traits,Free access,Puzin et al. 2011,"Puzin C, Acou A, Bonte D. & Pétillon J. 2011. Comparison of reproductive traits between two salt-marsh wolf spiders (Araneae, Lycosidae) under different habitat suitability conditions. Animal Biology 61: 127-138.",,6048
241069,urn:lsid:nmbe.ch:spidersp:018502,Pardosa purbeckensis,Lycosidae,Pardosa,purbeckensis,,bodm,Body mass,Morphometry,0.0078,0.0078,Single observation,Female,Adult,,,,mor,Morphometry,May 2007,Tue May 01 2007 00:00:00 GMT+0200 (Central European Summer Time),Tue May 01 2007 00:00:00 GMT+0200 (Central European Summer Time),,MontSt-Michel Bay-vb8BmG0bZI,4.15,-2.3,,Mont St-Michel Bay,,,salt-marsh,,Pétillon et al. published lycosid traits,Free access,Puzin et al. 2011,"Puzin C, Acou A, Bonte D. & Pétillon J. 2011. Comparison of reproductive traits between two salt-marsh wolf spiders (Araneae, Lycosidae) under different habitat suitability conditions. Animal Biology 61: 127-138.",,6050
241070,urn:lsid:nmbe.ch:spidersp:018502,Pardosa purbeckensis,Lycosidae,Pardosa,purbeckensis,,bodm,Body mass,Morphometry,0.0078,0.0078,Single observation,Female,Adult,,,,mor,Morphometry,May 2007,Tue May 01 2007 00:00:00 GMT+0200 (Central European Summer Time),Tue May 01 2007 00:00:00 GMT+0200 (Central European Summer Time),,MontSt-Michel Bay-vb8BmG0bZI,4.15,-2.3,,Mont St-Michel Bay,,,salt-marsh,,Pétillon et al. published lycosid traits,Free access,Puzin et al. 2011,"Puzin C, Acou A, Bonte D. & Pétillon J. 2011. Comparison of reproductive traits between two salt-marsh wolf spiders (Araneae, Lycosidae) under different habitat suitability conditions. Animal Biology 61: 127-138.",,6052
241071,urn:lsid:nmbe.ch:spidersp:018502,Pardosa purbeckensis,Lycosidae,Pardosa,purbeckensis,,bodm,Body mass,Morphometry,0.0167,0.0167,Single observation,Female,Adult,,,,mor,Morphometry,May 2007,Tue May 01 2007 00:00:00 GMT+0200 (Central European Summer Time),Tue May 01 2007 00:00:00 GMT+0200 (Central European Summer Time),,MontSt-Michel Bay-vb8BmG0bZI,4.15,-2.3,,Mont St-Michel Bay,,,salt-marsh,,Pétillon et al. published lycosid traits,Free access,Puzin et al. 2011,"Puzin C, Acou A, Bonte D. & Pétillon J. 2011. Comparison of reproductive traits between two salt-marsh wolf spiders (Araneae, Lycosidae) under different habitat suitability conditions. Animal Biology 61: 127-138.",,6054
241072,urn:lsid:nmbe.ch:spidersp:018502,Pardosa purbeckensis,Lycosidae,Pardosa,purbeckensis,,bodm,Body mass,Morphometry,0.008,0.008,Single observation,Female,Adult,,,,mor,Morphometry,May 2007,Tue May 01 2007 00:00:00 GMT+0200 (Central European Summer Time),Tue May 01 2007 00:00:00 GMT+0200 (Central European Summer Time),,MontSt-Michel Bay-vb8BmG0bZI,4.15,-2.3,,Mont St-Michel Bay,,,salt-marsh,,Pétillon et al. published lycosid traits,Free access,Puzin et al. 2011,"Puzin C, Acou A, Bonte D. & Pétillon J. 2011. Comparison of reproductive traits between two salt-marsh wolf spiders (Araneae, Lycosidae) under different habitat suitability conditions. Animal Biology 61: 127-138.",,6059
241073,urn:lsid:nmbe.ch:spidersp:018502,Pardosa purbeckensis,Lycosidae,Pardosa,purbeckensis,,bodm,Body mass,Morphometry,0.0088,0.0088,Single observation,Female,Adult,,,,mor,Morphometry,May 2007,Tue May 01 2007 00:00:00 GMT+0200 (Central European Summer Time),Tue May 01 2007 00:00:00 GMT+0200 (Central European Summer Time),,MontSt-Michel Bay-vb8BmG0bZI,4.15,-2.3,,Mont St-Michel Bay,,,salt-marsh,,Pétillon et al. published lycosid traits,Free access,Puzin et al. 2011,"Puzin C, Acou A, Bonte D. & Pétillon J. 2011. Comparison of reproductive traits between two salt-marsh wolf spiders (Araneae, Lycosidae) under different habitat suitability conditions. Animal Biology 61: 127-138.",,6061
241074,urn:lsid:nmbe.ch:spidersp:018502,Pardosa purbeckensis,Lycosidae,Pardosa,purbeckensis,,bodm,Body mass,Morphometry,0.0093,0.0093,Single observation,Female,Adult,,,,mor,Morphometry,May 2007,Tue May 01 2007 00:00:00 GMT+0200 (Central European Summer Time),Tue May 01 2007 00:00:00 GMT+0200 (Central European Summer Time),,MontSt-Michel Bay-vb8BmG0bZI,4.15,-2.3,,Mont St-Michel Bay,,,salt-marsh,,Pétillon et al. published lycosid traits,Free access,Puzin et al. 2011,"Puzin C, Acou A, Bonte D. & Pétillon J. 2011. Comparison of reproductive traits between two salt-marsh wolf spiders (Araneae, Lycosidae) under different habitat suitability conditions. Animal Biology 61: 127-138.",,6064
241075,urn:lsid:nmbe.ch:spidersp:018502,Pardosa purbeckensis,Lycosidae,Pardosa,purbeckensis,,bodm,Body mass,Morphometry,0.0063,0.0063,Single observation,Female,Adult,,,,mor,Morphometry,May 2007,Tue May 01 2007 00:00:00 GMT+0200 (Central European Summer Time),Tue May 01 2007 00:00:00 GMT+0200 (Central European Summer Time),,MontSt-Michel Bay-vb8BmG0bZI,4.15,-2.3,,Mont St-Michel Bay,,,salt-marsh,,Pétillon et al. published lycosid traits,Free access,Puzin et al. 2011,"Puzin C, Acou A, Bonte D. & Pétillon J. 2011. Comparison of reproductive traits between two salt-marsh wolf spiders (Araneae, Lycosidae) under different habitat suitability conditions. Animal Biology 61: 127-138.",,6067
241076,urn:lsid:nmbe.ch:spidersp:018502,Pardosa purbeckensis,Lycosidae,Pardosa,purbeckensis,,bodm,Body mass,Morphometry,0.0077,0.0077,Single observation,Female,Adult,,,,mor,Morphometry,May 2007,Tue May 01 2007 00:00:00 GMT+0200 (Central European Summer Time),Tue May 01 2007 00:00:00 GMT+0200 (Central European Summer Time),,MontSt-Michel Bay-vb8BmG0bZI,4.15,-2.3,,Mont St-Michel Bay,,,salt-marsh,,Pétillon et al. published lycosid traits,Free access,Puzin et al. 2011,"Puzin C, Acou A, Bonte D. & Pétillon J. 2011. Comparison of reproductive traits between two salt-marsh wolf spiders (Araneae, Lycosidae) under different habitat suitability conditions. Animal Biology 61: 127-138.",,6069
241077,urn:lsid:nmbe.ch:spidersp:018502,Pardosa purbeckensis,Lycosidae,Pardosa,purbeckensis,,bodm,Body mass,Morphometry,0.0134,0.0134,Single observation,Female,Adult,,,,mor,Morphometry,May 2007,Tue May 01 2007 00:00:00 GMT+0200 (Central European Summer Time),Tue May 01 2007 00:00:00 GMT+0200 (Central European Summer Time),,MontSt-Michel Bay-vb8BmG0bZI,4.15,-2.3,,Mont St-Michel Bay,,,salt-marsh,,Pétillon et al. published lycosid traits,Free access,Puzin et al. 2011,"Puzin C, Acou A, Bonte D. & Pétillon J. 2011. Comparison of reproductive traits between two salt-marsh wolf spiders (Araneae, Lycosidae) under different habitat suitability conditions. Animal Biology 61: 127-138.",,6071
241078,urn:lsid:nmbe.ch:spidersp:018502,Pardosa purbeckensis,Lycosidae,Pardosa,purbeckensis,,bodm,Body mass,Morphometry,0.0041,0.0041,Single observation,Female,Adult,,,,mor,Morphometry,May 2007,Tue May 01 2007 00:00:00 GMT+0200 (Central European Summer Time),Tue May 01 2007 00:00:00 GMT+0200 (Central European Summer Time),,MontSt-Michel Bay-vb8BmG0bZI,4.15,-2.3,,Mont St-Michel Bay,,,salt-marsh,,Pétillon et al. published lycosid traits,Free access,Puzin et al. 2011,"Puzin C, Acou A, Bonte D. & Pétillon J. 2011. Comparison of reproductive traits between two salt-marsh wolf spiders (Araneae, Lycosidae) under different habitat suitability conditions. Animal Biology 61: 127-138.",,6073
241079,urn:lsid:nmbe.ch:spidersp:018502,Pardosa purbeckensis,Lycosidae,Pardosa,purbeckensis,,bodm,Body mass,Morphometry,0.005,0.005,Single observation,Female,Adult,,,,mor,Morphometry,May 2007,Tue May 01 2007 00:00:00 GMT+0200 (Central European Summer Time),Tue May 01 2007 00:00:00 GMT+0200 (Central European Summer Time),,MontSt-Michel Bay-vb8BmG0bZI,4.15,-2.3,,Mont St-Michel Bay,,,salt-marsh,,Pétillon et al. published lycosid traits,Free access,Puzin et al. 2011,"Puzin C, Acou A, Bonte D. & Pétillon J. 2011. Comparison of reproductive traits between two salt-marsh wolf spiders (Araneae, Lycosidae) under different habitat suitability conditions. Animal Biology 61: 127-138.",,6075
241080,urn:lsid:nmbe.ch:spidersp:018502,Pardosa purbeckensis,Lycosidae,Pardosa,purbeckensis,,bodm,Body mass,Morphometry,0.0082,0.0082,Single observation,Female,Adult,,,,mor,Morphometry,May 2007,Tue May 01 2007 00:00:00 GMT+0200 (Central European Summer Time),Tue May 01 2007 00:00:00 GMT+0200 (Central European Summer Time),,MontSt-Michel Bay-vb8BmG0bZI,4.15,-2.3,,Mont St-Michel Bay,,,salt-marsh,,Pétillon et al. published lycosid traits,Free access,Puzin et al. 2011,"Puzin C, Acou A, Bonte D. & Pétillon J. 2011. Comparison of reproductive traits between two salt-marsh wolf spiders (Araneae, Lycosidae) under different habitat suitability conditions. Animal Biology 61: 127-138.",,6078
241081,urn:lsid:nmbe.ch:spidersp:018502,Pardosa purbeckensis,Lycosidae,Pardosa,purbeckensis,,bodm,Body mass,Morphometry,0.0059,0.0059,Single observation,Female,Adult,,,,mor,Morphometry,May 2007,Tue May 01 2007 00:00:00 GMT+0200 (Central European Summer Time),Tue May 01 2007 00:00:00 GMT+0200 (Central European Summer Time),,MontSt-Michel Bay-vb8BmG0bZI,4.15,-2.3,,Mont St-Michel Bay,,,salt-marsh,,Pétillon et al. published lycosid traits,Free access,Puzin et al. 2011,"Puzin C, Acou A, Bonte D. & Pétillon J. 2011. Comparison of reproductive traits between two salt-marsh wolf spiders (Araneae, Lycosidae) under different habitat suitability conditions. Animal Biology 61: 127-138.",,6081
241082,urn:lsid:nmbe.ch:spidersp:018502,Pardosa purbeckensis,Lycosidae,Pardosa,purbeckensis,,bodm,Body mass,Morphometry,0.0061,0.0061,Single observation,Female,Adult,,,,mor,Morphometry,May 2007,Tue May 01 2007 00:00:00 GMT+0200 (Central European Summer Time),Tue May 01 2007 00:00:00 GMT+0200 (Central European Summer Time),,MontSt-Michel Bay-vb8BmG0bZI,4.15,-2.3,,Mont St-Michel Bay,,,salt-marsh,,Pétillon et al. published lycosid traits,Free access,Puzin et al. 2011,"Puzin C, Acou A, Bonte D. & Pétillon J. 2011. Comparison of reproductive traits between two salt-marsh wolf spiders (Araneae, Lycosidae) under different habitat suitability conditions. Animal Biology 61: 127-138.",,6086
241083,urn:lsid:nmbe.ch:spidersp:018502,Pardosa purbeckensis,Lycosidae,Pardosa,purbeckensis,,bodm,Body mass,Morphometry,0.0074,0.0074,Single observation,Female,Adult,,,,mor,Morphometry,May 2007,Tue May 01 2007 00:00:00 GMT+0200 (Central European Summer Time),Tue May 01 2007 00:00:00 GMT+0200 (Central European Summer Time),,MontSt-Michel Bay-vb8BmG0bZI,4.15,-2.3,,Mont St-Michel Bay,,,salt-marsh,,Pétillon et al. published lycosid traits,Free access,Puzin et al. 2011,"Puzin C, Acou A, Bonte D. & Pétillon J. 2011. Comparison of reproductive traits between two salt-marsh wolf spiders (Araneae, Lycosidae) under different habitat suitability conditions. Animal Biology 61: 127-138.",,6089
241084,urn:lsid:nmbe.ch:spidersp:018502,Pardosa purbeckensis,Lycosidae,Pardosa,purbeckensis,,bodm,Body mass,Morphometry,0.0073,0.0073,Single observation,Female,Adult,,,,mor,Morphometry,May 2007,Tue May 01 2007 00:00:00 GMT+0200 (Central European Summer Time),Tue May 01 2007 00:00:00 GMT+0200 (Central European Summer Time),,MontSt-Michel Bay-vb8BmG0bZI,4.15,-2.3,,Mont St-Michel Bay,,,salt-marsh,,Pétillon et al. published lycosid traits,Free access,Puzin et al. 2011,"Puzin C, Acou A, Bonte D. & Pétillon J. 2011. Comparison of reproductive traits between two salt-marsh wolf spiders (Araneae, Lycosidae) under different habitat suitability conditions. Animal Biology 61: 127-138.",,6091
241085,urn:lsid:nmbe.ch:spidersp:018502,Pardosa purbeckensis,Lycosidae,Pardosa,purbeckensis,,bodm,Body mass,Morphometry,0.009,0.009,Single observation,Female,Adult,,,,mor,Morphometry,May 2007,Tue May 01 2007 00:00:00 GMT+0200 (Central European Summer Time),Tue May 01 2007 00:00:00 GMT+0200 (Central European Summer Time),,MontSt-Michel Bay-vb8BmG0bZI,4.15,-2.3,,Mont St-Michel Bay,,,salt-marsh,,Pétillon et al. published lycosid traits,Free access,Puzin et al. 2011,"Puzin C, Acou A, Bonte D. & Pétillon J. 2011. Comparison of reproductive traits between two salt-marsh wolf spiders (Araneae, Lycosidae) under different habitat suitability conditions. Animal Biology 61: 127-138.",,6093
241086,urn:lsid:nmbe.ch:spidersp:018502,Pardosa purbeckensis,Lycosidae,Pardosa,purbeckensis,,bodm,Body mass,Morphometry,0.0066,0.0066,Single observation,Female,Adult,,,,mor,Morphometry,May 2007,Tue May 01 2007 00:00:00 GMT+0200 (Central European Summer Time),Tue May 01 2007 00:00:00 GMT+0200 (Central European Summer Time),,MontSt-Michel Bay-vb8BmG0bZI,4.15,-2.3,,Mont St-Michel Bay,,,salt-marsh,,Pétillon et al. published lycosid traits,Free access,Puzin et al. 2011,"Puzin C, Acou A, Bonte D. & Pétillon J. 2011. Comparison of reproductive traits between two salt-marsh wolf spiders (Araneae, Lycosidae) under different habitat suitability conditions. Animal Biology 61: 127-138.",,6095
241087,urn:lsid:nmbe.ch:spidersp:018502,Pardosa purbeckensis,Lycosidae,Pardosa,purbeckensis,,bodm,Body mass,Morphometry,0.0071,0.0071,Single observation,Female,Adult,,,,mor,Morphometry,May 2007,Tue May 01 2007 00:00:00 GMT+0200 (Central European Summer Time),Tue May 01 2007 00:00:00 GMT+0200 (Central European Summer Time),,MontSt-Michel Bay-vb8BmG0bZI,4.15,-2.3,,Mont St-Michel Bay,,,salt-marsh,,Pétillon et al. published lycosid traits,Free access,Puzin et al. 2011,"Puzin C, Acou A, Bonte D. & Pétillon J. 2011. Comparison of reproductive traits between two salt-marsh wolf spiders (Araneae, Lycosidae) under different habitat suitability conditions. Animal Biology 61: 127-138.",,6097
241088,urn:lsid:nmbe.ch:spidersp:018502,Pardosa purbeckensis,Lycosidae,Pardosa,purbeckensis,,bodm,Body mass,Morphometry,0.0069,0.0069,Single observation,Female,Adult,,,,mor,Morphometry,May 2007,Tue May 01 2007 00:00:00 GMT+0200 (Central European Summer Time),Tue May 01 2007 00:00:00 GMT+0200 (Central European Summer Time),,MontSt-Michel Bay-vb8BmG0bZI,4.15,-2.3,,Mont St-Michel Bay,,,salt-marsh,,Pétillon et al. published lycosid traits,Free access,Puzin et al. 2011,"Puzin C, Acou A, Bonte D. & Pétillon J. 2011. Comparison of reproductive traits between two salt-marsh wolf spiders (Araneae, Lycosidae) under different habitat suitability conditions. Animal Biology 61: 127-138.",,6099
241089,urn:lsid:nmbe.ch:spidersp:018502,Pardosa purbeckensis,Lycosidae,Pardosa,purbeckensis,,bodm,Body mass,Morphometry,0.0071,0.0071,Single observation,Female,Adult,,,,mor,Morphometry,May 2007,Tue May 01 2007 00:00:00 GMT+0200 (Central European Summer Time),Tue May 01 2007 00:00:00 GMT+0200 (Central European Summer Time),,MontSt-Michel Bay-vb8BmG0bZI,4.15,-2.3,,Mont St-Michel Bay,,,salt-marsh,,Pétillon et al. published lycosid traits,Free access,Puzin et al. 2011,"Puzin C, Acou A, Bonte D. & Pétillon J. 2011. Comparison of reproductive traits between two salt-marsh wolf spiders (Araneae, Lycosidae) under different habitat suitability conditions. Animal Biology 61: 127-138.",,6101
241090,urn:lsid:nmbe.ch:spidersp:018502,Pardosa purbeckensis,Lycosidae,Pardosa,purbeckensis,,bodm,Body mass,Morphometry,0.006,0.006,Single observation,Female,Adult,,,,mor,Morphometry,May 2007,Tue May 01 2007 00:00:00 GMT+0200 (Central European Summer Time),Tue May 01 2007 00:00:00 GMT+0200 (Central European Summer Time),,MontSt-Michel Bay-vb8BmG0bZI,4.15,-2.3,,Mont St-Michel Bay,,,salt-marsh,,Pétillon et al. published lycosid traits,Free access,Puzin et al. 2011,"Puzin C, Acou A, Bonte D. & Pétillon J. 2011. Comparison of reproductive traits between two salt-marsh wolf spiders (Araneae, Lycosidae) under different habitat suitability conditions. Animal Biology 61: 127-138.",,6103
241091,urn:lsid:nmbe.ch:spidersp:018502,Pardosa purbeckensis,Lycosidae,Pardosa,purbeckensis,,bodm,Body mass,Morphometry,0.0044,0.0044,Single observation,Female,Adult,,,,mor,Morphometry,May 2007,Tue May 01 2007 00:00:00 GMT+0200 (Central European Summer Time),Tue May 01 2007 00:00:00 GMT+0200 (Central European Summer Time),,MontSt-Michel Bay-vb8BmG0bZI,4.15,-2.3,,Mont St-Michel Bay,,,salt-marsh,,Pétillon et al. published lycosid traits,Free access,Puzin et al. 2011,"Puzin C, Acou A, Bonte D. & Pétillon J. 2011. Comparison of reproductive traits between two salt-marsh wolf spiders (Araneae, Lycosidae) under different habitat suitability conditions. Animal Biology 61: 127-138.",,6106
241092,urn:lsid:nmbe.ch:spidersp:018502,Pardosa purbeckensis,Lycosidae,Pardosa,purbeckensis,,bodm,Body mass,Morphometry,0.0067,0.0067,Single observation,Female,Adult,,,,mor,Morphometry,May 2007,Tue May 01 2007 00:00:00 GMT+0200 (Central European Summer Time),Tue May 01 2007 00:00:00 GMT+0200 (Central European Summer Time),,MontSt-Michel Bay-vb8BmG0bZI,4.15,-2.3,,Mont St-Michel Bay,,,salt-marsh,,Pétillon et al. published lycosid traits,Free access,Puzin et al. 2011,"Puzin C, Acou A, Bonte D. & Pétillon J. 2011. Comparison of reproductive traits between two salt-marsh wolf spiders (Araneae, Lycosidae) under different habitat suitability conditions. Animal Biology 61: 127-138.",,5790
241093,urn:lsid:nmbe.ch:spidersp:018502,Pardosa purbeckensis,Lycosidae,Pardosa,purbeckensis,,bodm,Body mass,Morphometry,0.0103,0.0103,Single observation,Female,Adult,,,,mor,Morphometry,May 2007,Tue May 01 2007 00:00:00 GMT+0200 (Central European Summer Time),Tue May 01 2007 00:00:00 GMT+0200 (Central European Summer Time),,MontSt-Michel Bay-vb8BmG0bZI,4.15,-2.3,,Mont St-Michel Bay,,,salt-marsh,,Pétillon et al. published lycosid traits,Free access,Puzin et al. 2011,"Puzin C, Acou A, Bonte D. & Pétillon J. 2011. Comparison of reproductive traits between two salt-marsh wolf spiders (Araneae, Lycosidae) under different habitat suitability conditions. Animal Biology 61: 127-138.",,5793
241094,urn:lsid:nmbe.ch:spidersp:018502,Pardosa purbeckensis,Lycosidae,Pardosa,purbeckensis,,bodm,Body mass,Morphometry,0.0096,0.0096,Single observation,Female,Adult,,,,mor,Morphometry,May 2007,Tue May 01 2007 00:00:00 GMT+0200 (Central European Summer Time),Tue May 01 2007 00:00:00 GMT+0200 (Central European Summer Time),,MontSt-Michel Bay-vb8BmG0bZI,4.15,-2.3,,Mont St-Michel Bay,,,salt-marsh,,Pétillon et al. published lycosid traits,Free access,Puzin et al. 2011,"Puzin C, Acou A, Bonte D. & Pétillon J. 2011. Comparison of reproductive traits between two salt-marsh wolf spiders (Araneae, Lycosidae) under different habitat suitability conditions. Animal Biology 61: 127-138.",,5796
241095,urn:lsid:nmbe.ch:spidersp:018502,Pardosa purbeckensis,Lycosidae,Pardosa,purbeckensis,,bodm,Body mass,Morphometry,0.0101,0.0101,Single observation,Female,Adult,,,,mor,Morphometry,May 2007,Tue May 01 2007 00:00:00 GMT+0200 (Central European Summer Time),Tue May 01 2007 00:00:00 GMT+0200 (Central European Summer Time),,MontSt-Michel Bay-vb8BmG0bZI,4.15,-2.3,,Mont St-Michel Bay,,,salt-marsh,,Pétillon et al. published lycosid traits,Free access,Puzin et al. 2011,"Puzin C, Acou A, Bonte D. & Pétillon J. 2011. Comparison of reproductive traits between two salt-marsh wolf spiders (Araneae, Lycosidae) under different habitat suitability conditions. Animal Biology 61: 127-138.",,5799
241096,urn:lsid:nmbe.ch:spidersp:018502,Pardosa purbeckensis,Lycosidae,Pardosa,purbeckensis,,bodm,Body mass,Morphometry,0.0058,0.0058,Single observation,Female,Adult,,,,mor,Morphometry,May 2007,Tue May 01 2007 00:00:00 GMT+0200 (Central European Summer Time),Tue May 01 2007 00:00:00 GMT+0200 (Central European Summer Time),,MontSt-Michel Bay-vb8BmG0bZI,4.15,-2.3,,Mont St-Michel Bay,,,salt-marsh,,Pétillon et al. published lycosid traits,Free access,Puzin et al. 2011,"Puzin C, Acou A, Bonte D. & Pétillon J. 2011. Comparison of reproductive traits between two salt-marsh wolf spiders (Araneae, Lycosidae) under different habitat suitability conditions. Animal Biology 61: 127-138.",,5802
241097,urn:lsid:nmbe.ch:spidersp:018502,Pardosa purbeckensis,Lycosidae,Pardosa,purbeckensis,,bodm,Body mass,Morphometry,0.015,0.015,Single observation,Female,Adult,,,,mor,Morphometry,May 2007,Tue May 01 2007 00:00:00 GMT+0200 (Central European Summer Time),Tue May 01 2007 00:00:00 GMT+0200 (Central European Summer Time),,MontSt-Michel Bay-vb8BmG0bZI,4.15,-2.3,,Mont St-Michel Bay,,,salt-marsh,,Pétillon et al. published lycosid traits,Free access,Puzin et al. 2011,"Puzin C, Acou A, Bonte D. & Pétillon J. 2011. Comparison of reproductive traits between two salt-marsh wolf spiders (Araneae, Lycosidae) under different habitat suitability conditions. Animal Biology 61: 127-138.",,5804
241098,urn:lsid:nmbe.ch:spidersp:018502,Pardosa purbeckensis,Lycosidae,Pardosa,purbeckensis,,bodm,Body mass,Morphometry,0.0085,0.0085,Single observation,Female,Adult,,,,mor,Morphometry,May 2007,Tue May 01 2007 00:00:00 GMT+0200 (Central European Summer Time),Tue May 01 2007 00:00:00 GMT+0200 (Central European Summer Time),,MontSt-Michel Bay-vb8BmG0bZI,4.15,-2.3,,Mont St-Michel Bay,,,salt-marsh,,Pétillon et al. published lycosid traits,Free access,Puzin et al. 2011,"Puzin C, Acou A, Bonte D. & Pétillon J. 2011. Comparison of reproductive traits between two salt-marsh wolf spiders (Araneae, Lycosidae) under different habitat suitability conditions. Animal Biology 61: 127-138.",,5806
241099,urn:lsid:nmbe.ch:spidersp:018502,Pardosa purbeckensis,Lycosidae,Pardosa,purbeckensis,,bodm,Body mass,Morphometry,0.0134,0.0134,Single observation,Female,Adult,,,,mor,Morphometry,May 2007,Tue May 01 2007 00:00:00 GMT+0200 (Central European Summer Time),Tue May 01 2007 00:00:00 GMT+0200 (Central European Summer Time),,MontSt-Michel Bay-vb8BmG0bZI,4.15,-2.3,,Mont St-Michel Bay,,,salt-marsh,,Pétillon et al. published lycosid traits,Free access,Puzin et al. 2011,"Puzin C, Acou A, Bonte D. & Pétillon J. 2011. Comparison of reproductive traits between two salt-marsh wolf spiders (Araneae, Lycosidae) under different habitat suitability conditions. Animal Biology 61: 127-138.",,5808
241100,urn:lsid:nmbe.ch:spidersp:018502,Pardosa purbeckensis,Lycosidae,Pardosa,purbeckensis,,bodm,Body mass,Morphometry,0.0072,0.0072,Single observation,Female,Adult,,,,mor,Morphometry,May 2007,Tue May 01 2007 00:00:00 GMT+0200 (Central European Summer Time),Tue May 01 2007 00:00:00 GMT+0200 (Central European Summer Time),,MontSt-Michel Bay-vb8BmG0bZI,4.15,-2.3,,Mont St-Michel Bay,,,salt-marsh,,Pétillon et al. published lycosid traits,Free access,Puzin et al. 2011,"Puzin C, Acou A, Bonte D. & Pétillon J. 2011. Comparison of reproductive traits between two salt-marsh wolf spiders (Araneae, Lycosidae) under different habitat suitability conditions. Animal Biology 61: 127-138.",,5811
241101,urn:lsid:nmbe.ch:spidersp:018502,Pardosa purbeckensis,Lycosidae,Pardosa,purbeckensis,,bodm,Body mass,Morphometry,0.0054,0.0054,Single observation,Female,Adult,,,,mor,Morphometry,May 2007,Tue May 01 2007 00:00:00 GMT+0200 (Central European Summer Time),Tue May 01 2007 00:00:00 GMT+0200 (Central European Summer Time),,MontSt-Michel Bay-vb8BmG0bZI,4.15,-2.3,,Mont St-Michel Bay,,,salt-marsh,,Pétillon et al. published lycosid traits,Free access,Puzin et al. 2011,"Puzin C, Acou A, Bonte D. & Pétillon J. 2011. Comparison of reproductive traits between two salt-marsh wolf spiders (Araneae, Lycosidae) under different habitat suitability conditions. Animal Biology 61: 127-138.",,5813
241102,urn:lsid:nmbe.ch:spidersp:018502,Pardosa purbeckensis,Lycosidae,Pardosa,purbeckensis,,bodm,Body mass,Morphometry,0.0083,0.0083,Single observation,Female,Adult,,,,mor,Morphometry,May 2007,Tue May 01 2007 00:00:00 GMT+0200 (Central European Summer Time),Tue May 01 2007 00:00:00 GMT+0200 (Central European Summer Time),,MontSt-Michel Bay-vb8BmG0bZI,4.15,-2.3,,Mont St-Michel Bay,,,salt-marsh,,Pétillon et al. published lycosid traits,Free access,Puzin et al. 2011,"Puzin C, Acou A, Bonte D. & Pétillon J. 2011. Comparison of reproductive traits between two salt-marsh wolf spiders (Araneae, Lycosidae) under different habitat suitability conditions. Animal Biology 61: 127-138.",,5818
241103,urn:lsid:nmbe.ch:spidersp:018502,Pardosa purbeckensis,Lycosidae,Pardosa,purbeckensis,,bodm,Body mass,Morphometry,0.0038,0.0038,Single observation,Female,Adult,,,,mor,Morphometry,May 2007,Tue May 01 2007 00:00:00 GMT+0200 (Central European Summer Time),Tue May 01 2007 00:00:00 GMT+0200 (Central European Summer Time),,MontSt-Michel Bay-vb8BmG0bZI,4.15,-2.3,,Mont St-Michel Bay,,,salt-marsh,,Pétillon et al. published lycosid traits,Free access,Puzin et al. 2011,"Puzin C, Acou A, Bonte D. & Pétillon J. 2011. Comparison of reproductive traits between two salt-marsh wolf spiders (Araneae, Lycosidae) under different habitat suitability conditions. Animal Biology 61: 127-138.",,5821
241104,urn:lsid:nmbe.ch:spidersp:018502,Pardosa purbeckensis,Lycosidae,Pardosa,purbeckensis,,bodm,Body mass,Morphometry,0.0056,0.0056,Single observation,Female,Adult,,,,mor,Morphometry,May 2007,Tue May 01 2007 00:00:00 GMT+0200 (Central European Summer Time),Tue May 01 2007 00:00:00 GMT+0200 (Central European Summer Time),,MontSt-Michel Bay-vb8BmG0bZI,4.15,-2.3,,Mont St-Michel Bay,,,salt-marsh,,Pétillon et al. published lycosid traits,Free access,Puzin et al. 2011,"Puzin C, Acou A, Bonte D. & Pétillon J. 2011. Comparison of reproductive traits between two salt-marsh wolf spiders (Araneae, Lycosidae) under different habitat suitability conditions. Animal Biology 61: 127-138.",,5823
241105,urn:lsid:nmbe.ch:spidersp:018502,Pardosa purbeckensis,Lycosidae,Pardosa,purbeckensis,,bodm,Body mass,Morphometry,0.0118,0.0118,Single observation,Female,Adult,,,,mor,Morphometry,May 2007,Tue May 01 2007 00:00:00 GMT+0200 (Central European Summer Time),Tue May 01 2007 00:00:00 GMT+0200 (Central European Summer Time),,MontSt-Michel Bay-vb8BmG0bZI,4.15,-2.3,,Mont St-Michel Bay,,,salt-marsh,,Pétillon et al. published lycosid traits,Free access,Puzin et al. 2011,"Puzin C, Acou A, Bonte D. & Pétillon J. 2011. Comparison of reproductive traits between two salt-marsh wolf spiders (Araneae, Lycosidae) under different habitat suitability conditions. Animal Biology 61: 127-138.",,5825
241106,urn:lsid:nmbe.ch:spidersp:018502,Pardosa purbeckensis,Lycosidae,Pardosa,purbeckensis,,bodm,Body mass,Morphometry,0.0112,0.0112,Single observation,Female,Adult,,,,mor,Morphometry,May 2007,Tue May 01 2007 00:00:00 GMT+0200 (Central European Summer Time),Tue May 01 2007 00:00:00 GMT+0200 (Central European Summer Time),,MontSt-Michel Bay-vb8BmG0bZI,4.15,-2.3,,Mont St-Michel Bay,,,salt-marsh,,Pétillon et al. published lycosid traits,Free access,Puzin et al. 2011,"Puzin C, Acou A, Bonte D. & Pétillon J. 2011. Comparison of reproductive traits between two salt-marsh wolf spiders (Araneae, Lycosidae) under different habitat suitability conditions. Animal Biology 61: 127-138.",,5827
241107,urn:lsid:nmbe.ch:spidersp:018502,Pardosa purbeckensis,Lycosidae,Pardosa,purbeckensis,,bodm,Body mass,Morphometry,0.0068,0.0068,Single observation,Female,Adult,,,,mor,Morphometry,May 2007,Tue May 01 2007 00:00:00 GMT+0200 (Central European Summer Time),Tue May 01 2007 00:00:00 GMT+0200 (Central European Summer Time),,MontSt-Michel Bay-vb8BmG0bZI,4.15,-2.3,,Mont St-Michel Bay,,,salt-marsh,,Pétillon et al. published lycosid traits,Free access,Puzin et al. 2011,"Puzin C, Acou A, Bonte D. & Pétillon J. 2011. Comparison of reproductive traits between two salt-marsh wolf spiders (Araneae, Lycosidae) under different habitat suitability conditions. Animal Biology 61: 127-138.",,5829
241108,urn:lsid:nmbe.ch:spidersp:018502,Pardosa purbeckensis,Lycosidae,Pardosa,purbeckensis,,bodm,Body mass,Morphometry,0.0064,0.0064,Single observation,Female,Adult,,,,mor,Morphometry,May 2007,Tue May 01 2007 00:00:00 GMT+0200 (Central European Summer Time),Tue May 01 2007 00:00:00 GMT+0200 (Central European Summer Time),,MontSt-Michel Bay-vb8BmG0bZI,4.15,-2.3,,Mont St-Michel Bay,,,salt-marsh,,Pétillon et al. published lycosid traits,Free access,Puzin et al. 2011,"Puzin C, Acou A, Bonte D. & Pétillon J. 2011. Comparison of reproductive traits between two salt-marsh wolf spiders (Araneae, Lycosidae) under different habitat suitability conditions. Animal Biology 61: 127-138.",,5831
241109,urn:lsid:nmbe.ch:spidersp:018502,Pardosa purbeckensis,Lycosidae,Pardosa,purbeckensis,,bodm,Body mass,Morphometry,0.0076,0.0076,Single observation,Female,Adult,,,,mor,Morphometry,May 2007,Tue May 01 2007 00:00:00 GMT+0200 (Central European Summer Time),Tue May 01 2007 00:00:00 GMT+0200 (Central European Summer Time),,MontSt-Michel Bay-vb8BmG0bZI,4.15,-2.3,,Mont St-Michel Bay,,,salt-marsh,,Pétillon et al. published lycosid traits,Free access,Puzin et al. 2011,"Puzin C, Acou A, Bonte D. & Pétillon J. 2011. Comparison of reproductive traits between two salt-marsh wolf spiders (Araneae, Lycosidae) under different habitat suitability conditions. Animal Biology 61: 127-138.",,5833
241110,urn:lsid:nmbe.ch:spidersp:018502,Pardosa purbeckensis,Lycosidae,Pardosa,purbeckensis,,bodm,Body mass,Morphometry,0.008,0.008,Single observation,Female,Adult,,,,mor,Morphometry,May 2007,Tue May 01 2007 00:00:00 GMT+0200 (Central European Summer Time),Tue May 01 2007 00:00:00 GMT+0200 (Central European Summer Time),,MontSt-Michel Bay-vb8BmG0bZI,4.15,-2.3,,Mont St-Michel Bay,,,salt-marsh,,Pétillon et al. published lycosid traits,Free access,Puzin et al. 2011,"Puzin C, Acou A, Bonte D. & Pétillon J. 2011. Comparison of reproductive traits between two salt-marsh wolf spiders (Araneae, Lycosidae) under different habitat suitability conditions. Animal Biology 61: 127-138.",,5835
241111,urn:lsid:nmbe.ch:spidersp:018502,Pardosa purbeckensis,Lycosidae,Pardosa,purbeckensis,,bodm,Body mass,Morphometry,0.0041,0.0041,Single observation,Female,Adult,,,,mor,Morphometry,May 2007,Tue May 01 2007 00:00:00 GMT+0200 (Central European Summer Time),Tue May 01 2007 00:00:00 GMT+0200 (Central European Summer Time),,MontSt-Michel Bay-vb8BmG0bZI,4.15,-2.3,,Mont St-Michel Bay,,,salt-marsh,,Pétillon et al. published lycosid traits,Free access,Puzin et al. 2011,"Puzin C, Acou A, Bonte D. & Pétillon J. 2011. Comparison of reproductive traits between two salt-marsh wolf spiders (Araneae, Lycosidae) under different habitat suitability conditions. Animal Biology 61: 127-138.",,5838
241112,urn:lsid:nmbe.ch:spidersp:018502,Pardosa purbeckensis,Lycosidae,Pardosa,purbeckensis,,bodm,Body mass,Morphometry,0.0086,0.0086,Single observation,Female,Adult,,,,mor,Morphometry,May 2007,Tue May 01 2007 00:00:00 GMT+0200 (Central European Summer Time),Tue May 01 2007 00:00:00 GMT+0200 (Central European Summer Time),,MontSt-Michel Bay-vb8BmG0bZI,4.15,-2.3,,Mont St-Michel Bay,,,salt-marsh,,Pétillon et al. published lycosid traits,Free access,Puzin et al. 2011,"Puzin C, Acou A, Bonte D. & Pétillon J. 2011. Comparison of reproductive traits between two salt-marsh wolf spiders (Araneae, Lycosidae) under different habitat suitability conditions. Animal Biology 61: 127-138.",,5843
245547,urn:lsid:nmbe.ch:spidersp:018902,Pardosa saltans,Lycosidae,Pardosa,saltans,,bodm,Body mass,Morphometry,0.254,0.254,Single observation,Female,Adult,,,,mor,Morphometry,April-June 2014,Sun Jun 01 2014 00:00:00 GMT+0200 (Central European Summer Time),Sun Jun 01 2014 00:00:00 GMT+0200 (Central European Summer Time),,FRAPaimpont-1VesL1ypyA,48.001575,-2.229625,,Paimpont,FRA,France,deciduous forest,,Pétillon et al. published lycosid traits,Free access,Ruhland et al. 2016,"Ruhland F, Pétillon J & Trabalon M. 2016. Physiological costs during the first maternal care in the wolf spider Pardosa saltans (Araneae, Lycosidae). Journal of Insect Physiology 95: 42-50.",,
245548,urn:lsid:nmbe.ch:spidersp:018902,Pardosa saltans,Lycosidae,Pardosa,saltans,,bodm,Body mass,Morphometry,0.328,0.328,Single observation,Female,Adult,,,,mor,Morphometry,April-June 2014,Sun Jun 01 2014 00:00:00 GMT+0200 (Central European Summer Time),Sun Jun 01 2014 00:00:00 GMT+0200 (Central European Summer Time),,FRAPaimpont-1VesL1ypyA,48.001575,-2.229625,,Paimpont,FRA,France,deciduous forest,,Pétillon et al. published lycosid traits,Free access,Ruhland et al. 2016,"Ruhland F, Pétillon J & Trabalon M. 2016. Physiological costs during the first maternal care in the wolf spider Pardosa saltans (Araneae, Lycosidae). Journal of Insect Physiology 95: 42-50.",,
245549,urn:lsid:nmbe.ch:spidersp:018902,Pardosa saltans,Lycosidae,Pardosa,saltans,,bodm,Body mass,Morphometry,0.238,0.238,Single observation,Female,Adult,,,,mor,Morphometry,April-June 2014,Sun Jun 01 2014 00:00:00 GMT+0200 (Central European Summer Time),Sun Jun 01 2014 00:00:00 GMT+0200 (Central European Summer Time),,FRAPaimpont-1VesL1ypyA,48.001575,-2.229625,,Paimpont,FRA,France,deciduous forest,,Pétillon et al. published lycosid traits,Free access,Ruhland et al. 2016,"Ruhland F, Pétillon J & Trabalon M. 2016. Physiological costs during the first maternal care in the wolf spider Pardosa saltans (Araneae, Lycosidae). Journal of Insect Physiology 95: 42-50.",,
245550,urn:lsid:nmbe.ch:spidersp:018902,Pardosa saltans,Lycosidae,Pardosa,saltans,,bodm,Body mass,Morphometry,0.403,0.403,Single observation,Female,Adult,,,,mor,Morphometry,April-June 2014,Sun Jun 01 2014 00:00:00 GMT+0200 (Central European Summer Time),Sun Jun 01 2014 00:00:00 GMT+0200 (Central European Summer Time),,FRAPaimpont-1VesL1ypyA,48.001575,-2.229625,,Paimpont,FRA,France,deciduous forest,,Pétillon et al. published lycosid traits,Free access,Ruhland et al. 2016,"Ruhland F, Pétillon J & Trabalon M. 2016. Physiological costs during the first maternal care in the wolf spider Pardosa saltans (Araneae, Lycosidae). Journal of Insect Physiology 95: 42-50.",,
245551,urn:lsid:nmbe.ch:spidersp:018902,Pardosa saltans,Lycosidae,Pardosa,saltans,,bodm,Body mass,Morphometry,0.367,0.367,Single observation,Female,Adult,,,,mor,Morphometry,April-June 2014,Sun Jun 01 2014 00:00:00 GMT+0200 (Central European Summer Time),Sun Jun 01 2014 00:00:00 GMT+0200 (Central European Summer Time),,FRAPaimpont-1VesL1ypyA,48.001575,-2.229625,,Paimpont,FRA,France,deciduous forest,,Pétillon et al. published lycosid traits,Free access,Ruhland et al. 2016,"Ruhland F, Pétillon J & Trabalon M. 2016. Physiological costs during the first maternal care in the wolf spider Pardosa saltans (Araneae, Lycosidae). Journal of Insect Physiology 95: 42-50.",,
245552,urn:lsid:nmbe.ch:spidersp:018902,Pardosa saltans,Lycosidae,Pardosa,saltans,,bodm,Body mass,Morphometry,0.375,0.375,Single observation,Female,Adult,,,,mor,Morphometry,April-June 2014,Sun Jun 01 2014 00:00:00 GMT+0200 (Central European Summer Time),Sun Jun 01 2014 00:00:00 GMT+0200 (Central European Summer Time),,FRAPaimpont-1VesL1ypyA,48.001575,-2.229625,,Paimpont,FRA,France,deciduous forest,,Pétillon et al. published lycosid traits,Free access,Ruhland et al. 2016,"Ruhland F, Pétillon J & Trabalon M. 2016. Physiological costs during the first maternal care in the wolf spider Pardosa saltans (Araneae, Lycosidae). Journal of Insect Physiology 95: 42-50.",,
245553,urn:lsid:nmbe.ch:spidersp:018902,Pardosa saltans,Lycosidae,Pardosa,saltans,,bodm,Body mass,Morphometry,0.287,0.287,Single observation,Female,Adult,,,,mor,Morphometry,April-June 2014,Sun Jun 01 2014 00:00:00 GMT+0200 (Central European Summer Time),Sun Jun 01 2014 00:00:00 GMT+0200 (Central European Summer Time),,FRAPaimpont-1VesL1ypyA,48.001575,-2.229625,,Paimpont,FRA,France,deciduous forest,,Pétillon et al. published lycosid traits,Free access,Ruhland et al. 2016,"Ruhland F, Pétillon J & Trabalon M. 2016. Physiological costs during the first maternal care in the wolf spider Pardosa saltans (Araneae, Lycosidae). Journal of Insect Physiology 95: 42-50.",,
245554,urn:lsid:nmbe.ch:spidersp:018902,Pardosa saltans,Lycosidae,Pardosa,saltans,,bodm,Body mass,Morphometry,0.228,0.228,Single observation,Female,Adult,,,,mor,Morphometry,April-June 2014,Sun Jun 01 2014 00:00:00 GMT+0200 (Central European Summer Time),Sun Jun 01 2014 00:00:00 GMT+0200 (Central European Summer Time),,FRAPaimpont-1VesL1ypyA,48.001575,-2.229625,,Paimpont,FRA,France,deciduous forest,,Pétillon et al. published lycosid traits,Free access,Ruhland et al. 2016,"Ruhland F, Pétillon J & Trabalon M. 2016. Physiological costs during the first maternal care in the wolf spider Pardosa saltans (Araneae, Lycosidae). Journal of Insect Physiology 95: 42-50.",,
245555,urn:lsid:nmbe.ch:spidersp:018902,Pardosa saltans,Lycosidae,Pardosa,saltans,,bodm,Body mass,Morphometry,0.352,0.352,Single observation,Female,Adult,,,,mor,Morphometry,April-June 2014,Sun Jun 01 2014 00:00:00 GMT+0200 (Central European Summer Time),Sun Jun 01 2014 00:00:00 GMT+0200 (Central European Summer Time),,FRAPaimpont-1VesL1ypyA,48.001575,-2.229625,,Paimpont,FRA,France,deciduous forest,,Pétillon et al. published lycosid traits,Free access,Ruhland et al. 2016,"Ruhland F, Pétillon J & Trabalon M. 2016. Physiological costs during the first maternal care in the wolf spider Pardosa saltans (Araneae, Lycosidae). Journal of Insect Physiology 95: 42-50.",,
245556,urn:lsid:nmbe.ch:spidersp:018902,Pardosa saltans,Lycosidae,Pardosa,saltans,,bodm,Body mass,Morphometry,0.316,0.316,Single observation,Female,Adult,,,,mor,Morphometry,April-June 2014,Sun Jun 01 2014 00:00:00 GMT+0200 (Central European Summer Time),Sun Jun 01 2014 00:00:00 GMT+0200 (Central European Summer Time),,FRAPaimpont-1VesL1ypyA,48.001575,-2.229625,,Paimpont,FRA,France,deciduous forest,,Pétillon et al. published lycosid traits,Free access,Ruhland et al. 2016,"Ruhland F, Pétillon J & Trabalon M. 2016. Physiological costs during the first maternal care in the wolf spider Pardosa saltans (Araneae, Lycosidae). Journal of Insect Physiology 95: 42-50.",,
245557,urn:lsid:nmbe.ch:spidersp:018902,Pardosa saltans,Lycosidae,Pardosa,saltans,,bodm,Body mass,Morphometry,0.254,0.254,Single observation,Female,Adult,,,,mor,Morphometry,April-June 2014,Sun Jun 01 2014 00:00:00 GMT+0200 (Central European Summer Time),Sun Jun 01 2014 00:00:00 GMT+0200 (Central European Summer Time),,FRAPaimpont-1VesL1ypyA,48.001575,-2.229625,,Paimpont,FRA,France,deciduous forest,,Pétillon et al. published lycosid traits,Free access,Ruhland et al. 2016,"Ruhland F, Pétillon J & Trabalon M. 2016. Physiological costs during the first maternal care in the wolf spider Pardosa saltans (Araneae, Lycosidae). Journal of Insect Physiology 95: 42-50.",,
245558,urn:lsid:nmbe.ch:spidersp:018902,Pardosa saltans,Lycosidae,Pardosa,saltans,,bodm,Body mass,Morphometry,0.328,0.328,Single observation,Female,Adult,,,,mor,Morphometry,April-June 2014,Sun Jun 01 2014 00:00:00 GMT+0200 (Central European Summer Time),Sun Jun 01 2014 00:00:00 GMT+0200 (Central European Summer Time),,FRAPaimpont-1VesL1ypyA,48.001575,-2.229625,,Paimpont,FRA,France,deciduous forest,,Pétillon et al. published lycosid traits,Free access,Ruhland et al. 2016,"Ruhland F, Pétillon J & Trabalon M. 2016. Physiological costs during the first maternal care in the wolf spider Pardosa saltans (Araneae, Lycosidae). Journal of Insect Physiology 95: 42-50.",,
245559,urn:lsid:nmbe.ch:spidersp:018902,Pardosa saltans,Lycosidae,Pardosa,saltans,,bodm,Body mass,Morphometry,0.238,0.238,Single observation,Female,Adult,,,,mor,Morphometry,April-June 2014,Sun Jun 01 2014 00:00:00 GMT+0200 (Central European Summer Time),Sun Jun 01 2014 00:00:00 GMT+0200 (Central European Summer Time),,FRAPaimpont-1VesL1ypyA,48.001575,-2.229625,,Paimpont,FRA,France,deciduous forest,,Pétillon et al. published lycosid traits,Free access,Ruhland et al. 2016,"Ruhland F, Pétillon J & Trabalon M. 2016. Physiological costs during the first maternal care in the wolf spider Pardosa saltans (Araneae, Lycosidae). Journal of Insect Physiology 95: 42-50.",,
245560,urn:lsid:nmbe.ch:spidersp:018902,Pardosa saltans,Lycosidae,Pardosa,saltans,,bodm,Body mass,Morphometry,0.403,0.403,Single observation,Female,Adult,,,,mor,Morphometry,April-June 2014,Sun Jun 01 2014 00:00:00 GMT+0200 (Central European Summer Time),Sun Jun 01 2014 00:00:00 GMT+0200 (Central European Summer Time),,FRAPaimpont-1VesL1ypyA,48.001575,-2.229625,,Paimpont,FRA,France,deciduous forest,,Pétillon et al. published lycosid traits,Free access,Ruhland et al. 2016,"Ruhland F, Pétillon J & Trabalon M. 2016. Physiological costs during the first maternal care in the wolf spider Pardosa saltans (Araneae, Lycosidae). Journal of Insect Physiology 95: 42-50.",,
245561,urn:lsid:nmbe.ch:spidersp:018902,Pardosa saltans,Lycosidae,Pardosa,saltans,,bodm,Body mass,Morphometry,0.367,0.367,Single observation,Female,Adult,,,,mor,Morphometry,April-June 2014,Sun Jun 01 2014 00:00:00 GMT+0200 (Central European Summer Time),Sun Jun 01 2014 00:00:00 GMT+0200 (Central European Summer Time),,FRAPaimpont-1VesL1ypyA,48.001575,-2.229625,,Paimpont,FRA,France,deciduous forest,,Pétillon et al. published lycosid traits,Free access,Ruhland et al. 2016,"Ruhland F, Pétillon J & Trabalon M. 2016. Physiological costs during the first maternal care in the wolf spider Pardosa saltans (Araneae, Lycosidae). Journal of Insect Physiology 95: 42-50.",,
245562,urn:lsid:nmbe.ch:spidersp:018902,Pardosa saltans,Lycosidae,Pardosa,saltans,,bodm,Body mass,Morphometry,0.375,0.375,Single observation,Female,Adult,,,,mor,Morphometry,April-June 2014,Sun Jun 01 2014 00:00:00 GMT+0200 (Central European Summer Time),Sun Jun 01 2014 00:00:00 GMT+0200 (Central European Summer Time),,FRAPaimpont-1VesL1ypyA,48.001575,-2.229625,,Paimpont,FRA,France,deciduous forest,,Pétillon et al. published lycosid traits,Free access,Ruhland et al. 2016,"Ruhland F, Pétillon J & Trabalon M. 2016. Physiological costs during the first maternal care in the wolf spider Pardosa saltans (Araneae, Lycosidae). Journal of Insect Physiology 95: 42-50.",,
245563,urn:lsid:nmbe.ch:spidersp:018902,Pardosa saltans,Lycosidae,Pardosa,saltans,,bodm,Body mass,Morphometry,0.287,0.287,Single observation,Female,Adult,,,,mor,Morphometry,April-June 2014,Sun Jun 01 2014 00:00:00 GMT+0200 (Central European Summer Time),Sun Jun 01 2014 00:00:00 GMT+0200 (Central European Summer Time),,FRAPaimpont-1VesL1ypyA,48.001575,-2.229625,,Paimpont,FRA,France,deciduous forest,,Pétillon et al. published lycosid traits,Free access,Ruhland et al. 2016,"Ruhland F, Pétillon J & Trabalon M. 2016. Physiological costs during the first maternal care in the wolf spider Pardosa saltans (Araneae, Lycosidae). Journal of Insect Physiology 95: 42-50.",,
245564,urn:lsid:nmbe.ch:spidersp:018902,Pardosa saltans,Lycosidae,Pardosa,saltans,,bodm,Body mass,Morphometry,0.228,0.228,Single observation,Female,Adult,,,,mor,Morphometry,April-June 2014,Sun Jun 01 2014 00:00:00 GMT+0200 (Central European Summer Time),Sun Jun 01 2014 00:00:00 GMT+0200 (Central European Summer Time),,FRAPaimpont-1VesL1ypyA,48.001575,-2.229625,,Paimpont,FRA,France,deciduous forest,,Pétillon et al. published lycosid traits,Free access,Ruhland et al. 2016,"Ruhland F, Pétillon J & Trabalon M. 2016. Physiological costs during the first maternal care in the wolf spider Pardosa saltans (Araneae, Lycosidae). Journal of Insect Physiology 95: 42-50.",,
245565,urn:lsid:nmbe.ch:spidersp:018902,Pardosa saltans,Lycosidae,Pardosa,saltans,,bodm,Body mass,Morphometry,0.352,0.352,Single observation,Female,Adult,,,,mor,Morphometry,April-June 2014,Sun Jun 01 2014 00:00:00 GMT+0200 (Central European Summer Time),Sun Jun 01 2014 00:00:00 GMT+0200 (Central European Summer Time),,FRAPaimpont-1VesL1ypyA,48.001575,-2.229625,,Paimpont,FRA,France,deciduous forest,,Pétillon et al. published lycosid traits,Free access,Ruhland et al. 2016,"Ruhland F, Pétillon J & Trabalon M. 2016. Physiological costs during the first maternal care in the wolf spider Pardosa saltans (Araneae, Lycosidae). Journal of Insect Physiology 95: 42-50.",,
245566,urn:lsid:nmbe.ch:spidersp:018902,Pardosa saltans,Lycosidae,Pardosa,saltans,,bodm,Body mass,Morphometry,0.316,0.316,Single observation,Female,Adult,,,,mor,Morphometry,April-June 2014,Sun Jun 01 2014 00:00:00 GMT+0200 (Central European Summer Time),Sun Jun 01 2014 00:00:00 GMT+0200 (Central European Summer Time),,FRAPaimpont-1VesL1ypyA,48.001575,-2.229625,,Paimpont,FRA,France,deciduous forest,,Pétillon et al. published lycosid traits,Free access,Ruhland et al. 2016,"Ruhland F, Pétillon J & Trabalon M. 2016. Physiological costs during the first maternal care in the wolf spider Pardosa saltans (Araneae, Lycosidae). Journal of Insect Physiology 95: 42-50.",,
245567,urn:lsid:nmbe.ch:spidersp:018902,Pardosa saltans,Lycosidae,Pardosa,saltans,,bodm,Body mass,Morphometry,0.236,0.236,Single observation,Female,Adult,,,,mor,Morphometry,April-June 2014,Sun Jun 01 2014 00:00:00 GMT+0200 (Central European Summer Time),Sun Jun 01 2014 00:00:00 GMT+0200 (Central European Summer Time),,FRAPaimpont-1VesL1ypyA,48.001575,-2.229625,,Paimpont,FRA,France,deciduous forest,,Pétillon et al. published lycosid traits,Free access,Ruhland et al. 2016,"Ruhland F, Pétillon J & Trabalon M. 2016. Physiological costs during the first maternal care in the wolf spider Pardosa saltans (Araneae, Lycosidae). Journal of Insect Physiology 95: 42-50.",,
245568,urn:lsid:nmbe.ch:spidersp:018902,Pardosa saltans,Lycosidae,Pardosa,saltans,,bodm,Body mass,Morphometry,0.274,0.274,Single observation,Female,Adult,,,,mor,Morphometry,April-June 2014,Sun Jun 01 2014 00:00:00 GMT+0200 (Central European Summer Time),Sun Jun 01 2014 00:00:00 GMT+0200 (Central European Summer Time),,FRAPaimpont-1VesL1ypyA,48.001575,-2.229625,,Paimpont,FRA,France,deciduous forest,,Pétillon et al. published lycosid traits,Free access,Ruhland et al. 2016,"Ruhland F, Pétillon J & Trabalon M. 2016. Physiological costs during the first maternal care in the wolf spider Pardosa saltans (Araneae, Lycosidae). Journal of Insect Physiology 95: 42-50.",,
245569,urn:lsid:nmbe.ch:spidersp:018902,Pardosa saltans,Lycosidae,Pardosa,saltans,,bodm,Body mass,Morphometry,0.239,0.239,Single observation,Female,Adult,,,,mor,Morphometry,April-June 2014,Sun Jun 01 2014 00:00:00 GMT+0200 (Central European Summer Time),Sun Jun 01 2014 00:00:00 GMT+0200 (Central European Summer Time),,FRAPaimpont-1VesL1ypyA,48.001575,-2.229625,,Paimpont,FRA,France,deciduous forest,,Pétillon et al. published lycosid traits,Free access,Ruhland et al. 2016,"Ruhland F, Pétillon J & Trabalon M. 2016. Physiological costs during the first maternal care in the wolf spider Pardosa saltans (Araneae, Lycosidae). Journal of Insect Physiology 95: 42-50.",,
245570,urn:lsid:nmbe.ch:spidersp:018902,Pardosa saltans,Lycosidae,Pardosa,saltans,,bodm,Body mass,Morphometry,0.209,0.209,Single observation,Female,Adult,,,,mor,Morphometry,April-June 2014,Sun Jun 01 2014 00:00:00 GMT+0200 (Central European Summer Time),Sun Jun 01 2014 00:00:00 GMT+0200 (Central European Summer Time),,FRAPaimpont-1VesL1ypyA,48.001575,-2.229625,,Paimpont,FRA,France,deciduous forest,,Pétillon et al. published lycosid traits,Free access,Ruhland et al. 2016,"Ruhland F, Pétillon J & Trabalon M. 2016. Physiological costs during the first maternal care in the wolf spider Pardosa saltans (Araneae, Lycosidae). Journal of Insect Physiology 95: 42-50.",,
245571,urn:lsid:nmbe.ch:spidersp:018902,Pardosa saltans,Lycosidae,Pardosa,saltans,,bodm,Body mass,Morphometry,0.263,0.263,Single observation,Female,Adult,,,,mor,Morphometry,April-June 2014,Sun Jun 01 2014 00:00:00 GMT+0200 (Central European Summer Time),Sun Jun 01 2014 00:00:00 GMT+0200 (Central European Summer Time),,FRAPaimpont-1VesL1ypyA,48.001575,-2.229625,,Paimpont,FRA,France,deciduous forest,,Pétillon et al. published lycosid traits,Free access,Ruhland et al. 2016,"Ruhland F, Pétillon J & Trabalon M. 2016. Physiological costs during the first maternal care in the wolf spider Pardosa saltans (Araneae, Lycosidae). Journal of Insect Physiology 95: 42-50.",,
245572,urn:lsid:nmbe.ch:spidersp:018902,Pardosa saltans,Lycosidae,Pardosa,saltans,,bodm,Body mass,Morphometry,0.217,0.217,Single observation,Female,Adult,,,,mor,Morphometry,April-June 2014,Sun Jun 01 2014 00:00:00 GMT+0200 (Central European Summer Time),Sun Jun 01 2014 00:00:00 GMT+0200 (Central European Summer Time),,FRAPaimpont-1VesL1ypyA,48.001575,-2.229625,,Paimpont,FRA,France,deciduous forest,,Pétillon et al. published lycosid traits,Free access,Ruhland et al. 2016,"Ruhland F, Pétillon J & Trabalon M. 2016. Physiological costs during the first maternal care in the wolf spider Pardosa saltans (Araneae, Lycosidae). Journal of Insect Physiology 95: 42-50.",,
245573,urn:lsid:nmbe.ch:spidersp:018902,Pardosa saltans,Lycosidae,Pardosa,saltans,,bodm,Body mass,Morphometry,0.2,0.2,Single observation,Female,Adult,,,,mor,Morphometry,April-June 2014,Sun Jun 01 2014 00:00:00 GMT+0200 (Central European Summer Time),Sun Jun 01 2014 00:00:00 GMT+0200 (Central European Summer Time),,FRAPaimpont-1VesL1ypyA,48.001575,-2.229625,,Paimpont,FRA,France,deciduous forest,,Pétillon et al. published lycosid traits,Free access,Ruhland et al. 2016,"Ruhland F, Pétillon J & Trabalon M. 2016. Physiological costs during the first maternal care in the wolf spider Pardosa saltans (Araneae, Lycosidae). Journal of Insect Physiology 95: 42-50.",,
245574,urn:lsid:nmbe.ch:spidersp:018902,Pardosa saltans,Lycosidae,Pardosa,saltans,,bodm,Body mass,Morphometry,0.212,0.212,Single observation,Female,Adult,,,,mor,Morphometry,April-June 2014,Sun Jun 01 2014 00:00:00 GMT+0200 (Central European Summer Time),Sun Jun 01 2014 00:00:00 GMT+0200 (Central European Summer Time),,FRAPaimpont-1VesL1ypyA,48.001575,-2.229625,,Paimpont,FRA,France,deciduous forest,,Pétillon et al. published lycosid traits,Free access,Ruhland et al. 2016,"Ruhland F, Pétillon J & Trabalon M. 2016. Physiological costs during the first maternal care in the wolf spider Pardosa saltans (Araneae, Lycosidae). Journal of Insect Physiology 95: 42-50.",,
245575,urn:lsid:nmbe.ch:spidersp:018902,Pardosa saltans,Lycosidae,Pardosa,saltans,,bodm,Body mass,Morphometry,0.235,0.235,Single observation,Female,Adult,,,,mor,Morphometry,April-June 2014,Sun Jun 01 2014 00:00:00 GMT+0200 (Central European Summer Time),Sun Jun 01 2014 00:00:00 GMT+0200 (Central European Summer Time),,FRAPaimpont-1VesL1ypyA,48.001575,-2.229625,,Paimpont,FRA,France,deciduous forest,,Pétillon et al. published lycosid traits,Free access,Ruhland et al. 2016,"Ruhland F, Pétillon J & Trabalon M. 2016. Physiological costs during the first maternal care in the wolf spider Pardosa saltans (Araneae, Lycosidae). Journal of Insect Physiology 95: 42-50.",,
245576,urn:lsid:nmbe.ch:spidersp:018902,Pardosa saltans,Lycosidae,Pardosa,saltans,,bodm,Body mass,Morphometry,0.251,0.251,Single observation,Female,Adult,,,,mor,Morphometry,April-June 2014,Sun Jun 01 2014 00:00:00 GMT+0200 (Central European Summer Time),Sun Jun 01 2014 00:00:00 GMT+0200 (Central European Summer Time),,FRAPaimpont-1VesL1ypyA,48.001575,-2.229625,,Paimpont,FRA,France,deciduous forest,,Pétillon et al. published lycosid traits,Free access,Ruhland et al. 2016,"Ruhland F, Pétillon J & Trabalon M. 2016. Physiological costs during the first maternal care in the wolf spider Pardosa saltans (Araneae, Lycosidae). Journal of Insect Physiology 95: 42-50.",,
245577,urn:lsid:nmbe.ch:spidersp:018902,Pardosa saltans,Lycosidae,Pardosa,saltans,,bodm,Body mass,Morphometry,0.166,0.166,Single observation,Female,Adult,,,,mor,Morphometry,April-June 2014,Sun Jun 01 2014 00:00:00 GMT+0200 (Central European Summer Time),Sun Jun 01 2014 00:00:00 GMT+0200 (Central European Summer Time),,FRAPaimpont-1VesL1ypyA,48.001575,-2.229625,,Paimpont,FRA,France,deciduous forest,,Pétillon et al. published lycosid traits,Free access,Ruhland et al. 2016,"Ruhland F, Pétillon J & Trabalon M. 2016. Physiological costs during the first maternal care in the wolf spider Pardosa saltans (Araneae, Lycosidae). Journal of Insect Physiology 95: 42-50.",,
245578,urn:lsid:nmbe.ch:spidersp:018902,Pardosa saltans,Lycosidae,Pardosa,saltans,,bodm,Body mass,Morphometry,0.255,0.255,Single observation,Female,Adult,,,,mor,Morphometry,April-June 2014,Sun Jun 01 2014 00:00:00 GMT+0200 (Central European Summer Time),Sun Jun 01 2014 00:00:00 GMT+0200 (Central European Summer Time),,FRAPaimpont-1VesL1ypyA,48.001575,-2.229625,,Paimpont,FRA,France,deciduous forest,,Pétillon et al. published lycosid traits,Free access,Ruhland et al. 2016,"Ruhland F, Pétillon J & Trabalon M. 2016. Physiological costs during the first maternal care in the wolf spider Pardosa saltans (Araneae, Lycosidae). Journal of Insect Physiology 95: 42-50.",,
245579,urn:lsid:nmbe.ch:spidersp:018902,Pardosa saltans,Lycosidae,Pardosa,saltans,,bodm,Body mass,Morphometry,0.23,0.23,Single observation,Female,Adult,,,,mor,Morphometry,April-June 2014,Sun Jun 01 2014 00:00:00 GMT+0200 (Central European Summer Time),Sun Jun 01 2014 00:00:00 GMT+0200 (Central European Summer Time),,FRAPaimpont-1VesL1ypyA,48.001575,-2.229625,,Paimpont,FRA,France,deciduous forest,,Pétillon et al. published lycosid traits,Free access,Ruhland et al. 2016,"Ruhland F, Pétillon J & Trabalon M. 2016. Physiological costs during the first maternal care in the wolf spider Pardosa saltans (Araneae, Lycosidae). Journal of Insect Physiology 95: 42-50.",,
245580,urn:lsid:nmbe.ch:spidersp:018902,Pardosa saltans,Lycosidae,Pardosa,saltans,,bodm,Body mass,Morphometry,0.199,0.199,Single observation,Female,Adult,,,,mor,Morphometry,April-June 2014,Sun Jun 01 2014 00:00:00 GMT+0200 (Central European Summer Time),Sun Jun 01 2014 00:00:00 GMT+0200 (Central European Summer Time),,FRAPaimpont-1VesL1ypyA,48.001575,-2.229625,,Paimpont,FRA,France,deciduous forest,,Pétillon et al. published lycosid traits,Free access,Ruhland et al. 2016,"Ruhland F, Pétillon J & Trabalon M. 2016. Physiological costs during the first maternal care in the wolf spider Pardosa saltans (Araneae, Lycosidae). Journal of Insect Physiology 95: 42-50.",,
245581,urn:lsid:nmbe.ch:spidersp:018902,Pardosa saltans,Lycosidae,Pardosa,saltans,,bodm,Body mass,Morphometry,0.179,0.179,Single observation,Female,Adult,,,,mor,Morphometry,April-June 2014,Sun Jun 01 2014 00:00:00 GMT+0200 (Central European Summer Time),Sun Jun 01 2014 00:00:00 GMT+0200 (Central European Summer Time),,FRAPaimpont-1VesL1ypyA,48.001575,-2.229625,,Paimpont,FRA,France,deciduous forest,,Pétillon et al. published lycosid traits,Free access,Ruhland et al. 2016,"Ruhland F, Pétillon J & Trabalon M. 2016. Physiological costs during the first maternal care in the wolf spider Pardosa saltans (Araneae, Lycosidae). Journal of Insect Physiology 95: 42-50.",,
245582,urn:lsid:nmbe.ch:spidersp:018902,Pardosa saltans,Lycosidae,Pardosa,saltans,,bodm,Body mass,Morphometry,0.241,0.241,Single observation,Female,Adult,,,,mor,Morphometry,April-June 2014,Sun Jun 01 2014 00:00:00 GMT+0200 (Central European Summer Time),Sun Jun 01 2014 00:00:00 GMT+0200 (Central European Summer Time),,FRAPaimpont-1VesL1ypyA,48.001575,-2.229625,,Paimpont,FRA,France,deciduous forest,,Pétillon et al. published lycosid traits,Free access,Ruhland et al. 2016,"Ruhland F, Pétillon J & Trabalon M. 2016. Physiological costs during the first maternal care in the wolf spider Pardosa saltans (Araneae, Lycosidae). Journal of Insect Physiology 95: 42-50.",,
245583,urn:lsid:nmbe.ch:spidersp:018902,Pardosa saltans,Lycosidae,Pardosa,saltans,,bodm,Body mass,Morphometry,0.207,0.207,Single observation,Female,Adult,,,,mor,Morphometry,April-June 2014,Sun Jun 01 2014 00:00:00 GMT+0200 (Central European Summer Time),Sun Jun 01 2014 00:00:00 GMT+0200 (Central European Summer Time),,FRAPaimpont-1VesL1ypyA,48.001575,-2.229625,,Paimpont,FRA,France,deciduous forest,,Pétillon et al. published lycosid traits,Free access,Ruhland et al. 2016,"Ruhland F, Pétillon J & Trabalon M. 2016. Physiological costs during the first maternal care in the wolf spider Pardosa saltans (Araneae, Lycosidae). Journal of Insect Physiology 95: 42-50.",,
245584,urn:lsid:nmbe.ch:spidersp:018902,Pardosa saltans,Lycosidae,Pardosa,saltans,,bodm,Body mass,Morphometry,0.177,0.177,Single observation,Female,Adult,,,,mor,Morphometry,April-June 2014,Sun Jun 01 2014 00:00:00 GMT+0200 (Central European Summer Time),Sun Jun 01 2014 00:00:00 GMT+0200 (Central European Summer Time),,FRAPaimpont-1VesL1ypyA,48.001575,-2.229625,,Paimpont,FRA,France,deciduous forest,,Pétillon et al. published lycosid traits,Free access,Ruhland et al. 2016,"Ruhland F, Pétillon J & Trabalon M. 2016. Physiological costs during the first maternal care in the wolf spider Pardosa saltans (Araneae, Lycosidae). Journal of Insect Physiology 95: 42-50.",,
245585,urn:lsid:nmbe.ch:spidersp:018902,Pardosa saltans,Lycosidae,Pardosa,saltans,,bodm,Body mass,Morphometry,0.286,0.286,Single observation,Female,Adult,,,,mor,Morphometry,April-June 2014,Sun Jun 01 2014 00:00:00 GMT+0200 (Central European Summer Time),Sun Jun 01 2014 00:00:00 GMT+0200 (Central European Summer Time),,FRAPaimpont-1VesL1ypyA,48.001575,-2.229625,,Paimpont,FRA,France,deciduous forest,,Pétillon et al. published lycosid traits,Free access,Ruhland et al. 2016,"Ruhland F, Pétillon J & Trabalon M. 2016. Physiological costs during the first maternal care in the wolf spider Pardosa saltans (Araneae, Lycosidae). Journal of Insect Physiology 95: 42-50.",,
245586,urn:lsid:nmbe.ch:spidersp:018902,Pardosa saltans,Lycosidae,Pardosa,saltans,,bodm,Body mass,Morphometry,0.184,0.184,Single observation,Female,Adult,,,,mor,Morphometry,April-June 2014,Sun Jun 01 2014 00:00:00 GMT+0200 (Central European Summer Time),Sun Jun 01 2014 00:00:00 GMT+0200 (Central European Summer Time),,FRAPaimpont-1VesL1ypyA,48.001575,-2.229625,,Paimpont,FRA,France,deciduous forest,,Pétillon et al. published lycosid traits,Free access,Ruhland et al. 2016,"Ruhland F, Pétillon J & Trabalon M. 2016. Physiological costs during the first maternal care in the wolf spider Pardosa saltans (Araneae, Lycosidae). Journal of Insect Physiology 95: 42-50.",,
245587,urn:lsid:nmbe.ch:spidersp:018902,Pardosa saltans,Lycosidae,Pardosa,saltans,,bodm,Body mass,Morphometry,0.177,0.177,Single observation,Female,Adult,,,,mor,Morphometry,April-June 2014,Sun Jun 01 2014 00:00:00 GMT+0200 (Central European Summer Time),Sun Jun 01 2014 00:00:00 GMT+0200 (Central European Summer Time),,FRAPaimpont-1VesL1ypyA,48.001575,-2.229625,,Paimpont,FRA,France,deciduous forest,,Pétillon et al. published lycosid traits,Free access,Ruhland et al. 2016,"Ruhland F, Pétillon J & Trabalon M. 2016. Physiological costs during the first maternal care in the wolf spider Pardosa saltans (Araneae, Lycosidae). Journal of Insect Physiology 95: 42-50.",,
245588,urn:lsid:nmbe.ch:spidersp:018902,Pardosa saltans,Lycosidae,Pardosa,saltans,,bodm,Body mass,Morphometry,0.308,0.308,Single observation,Female,Adult,,,,mor,Morphometry,April-June 2014,Sun Jun 01 2014 00:00:00 GMT+0200 (Central European Summer Time),Sun Jun 01 2014 00:00:00 GMT+0200 (Central European Summer Time),,FRAPaimpont-1VesL1ypyA,48.001575,-2.229625,,Paimpont,FRA,France,deciduous forest,,Pétillon et al. published lycosid traits,Free access,Ruhland et al. 2016,"Ruhland F, Pétillon J & Trabalon M. 2016. Physiological costs during the first maternal care in the wolf spider Pardosa saltans (Araneae, Lycosidae). Journal of Insect Physiology 95: 42-50.",,
245589,urn:lsid:nmbe.ch:spidersp:018902,Pardosa saltans,Lycosidae,Pardosa,saltans,,bodm,Body mass,Morphometry,0.22,0.22,Single observation,Female,Adult,,,,mor,Morphometry,April-June 2014,Sun Jun 01 2014 00:00:00 GMT+0200 (Central European Summer Time),Sun Jun 01 2014 00:00:00 GMT+0200 (Central European Summer Time),,FRAPaimpont-1VesL1ypyA,48.001575,-2.229625,,Paimpont,FRA,France,deciduous forest,,Pétillon et al. published lycosid traits,Free access,Ruhland et al. 2016,"Ruhland F, Pétillon J & Trabalon M. 2016. Physiological costs during the first maternal care in the wolf spider Pardosa saltans (Araneae, Lycosidae). Journal of Insect Physiology 95: 42-50.",,
245590,urn:lsid:nmbe.ch:spidersp:018902,Pardosa saltans,Lycosidae,Pardosa,saltans,,bodm,Body mass,Morphometry,0.218,0.218,Single observation,Female,Adult,,,,mor,Morphometry,April-June 2014,Sun Jun 01 2014 00:00:00 GMT+0200 (Central European Summer Time),Sun Jun 01 2014 00:00:00 GMT+0200 (Central European Summer Time),,FRAPaimpont-1VesL1ypyA,48.001575,-2.229625,,Paimpont,FRA,France,deciduous forest,,Pétillon et al. published lycosid traits,Free access,Ruhland et al. 2016,"Ruhland F, Pétillon J & Trabalon M. 2016. Physiological costs during the first maternal care in the wolf spider Pardosa saltans (Araneae, Lycosidae). Journal of Insect Physiology 95: 42-50.",,
245591,urn:lsid:nmbe.ch:spidersp:018902,Pardosa saltans,Lycosidae,Pardosa,saltans,,bodm,Body mass,Morphometry,0.211,0.211,Single observation,Female,Adult,,,,mor,Morphometry,April-June 2014,Sun Jun 01 2014 00:00:00 GMT+0200 (Central European Summer Time),Sun Jun 01 2014 00:00:00 GMT+0200 (Central European Summer Time),,FRAPaimpont-1VesL1ypyA,48.001575,-2.229625,,Paimpont,FRA,France,deciduous forest,,Pétillon et al. published lycosid traits,Free access,Ruhland et al. 2016,"Ruhland F, Pétillon J & Trabalon M. 2016. Physiological costs during the first maternal care in the wolf spider Pardosa saltans (Araneae, Lycosidae). Journal of Insect Physiology 95: 42-50.",,
245592,urn:lsid:nmbe.ch:spidersp:018902,Pardosa saltans,Lycosidae,Pardosa,saltans,,bodm,Body mass,Morphometry,0.194,0.194,Single observation,Female,Adult,,,,mor,Morphometry,April-June 2014,Sun Jun 01 2014 00:00:00 GMT+0200 (Central European Summer Time),Sun Jun 01 2014 00:00:00 GMT+0200 (Central European Summer Time),,FRAPaimpont-1VesL1ypyA,48.001575,-2.229625,,Paimpont,FRA,France,deciduous forest,,Pétillon et al. published lycosid traits,Free access,Ruhland et al. 2016,"Ruhland F, Pétillon J & Trabalon M. 2016. Physiological costs during the first maternal care in the wolf spider Pardosa saltans (Araneae, Lycosidae). Journal of Insect Physiology 95: 42-50.",,
245593,urn:lsid:nmbe.ch:spidersp:018902,Pardosa saltans,Lycosidae,Pardosa,saltans,,bodm,Body mass,Morphometry,0.276,0.276,Single observation,Female,Adult,,,,mor,Morphometry,April-June 2014,Sun Jun 01 2014 00:00:00 GMT+0200 (Central European Summer Time),Sun Jun 01 2014 00:00:00 GMT+0200 (Central European Summer Time),,FRAPaimpont-1VesL1ypyA,48.001575,-2.229625,,Paimpont,FRA,France,deciduous forest,,Pétillon et al. published lycosid traits,Free access,Ruhland et al. 2016,"Ruhland F, Pétillon J & Trabalon M. 2016. Physiological costs during the first maternal care in the wolf spider Pardosa saltans (Araneae, Lycosidae). Journal of Insect Physiology 95: 42-50.",,
245594,urn:lsid:nmbe.ch:spidersp:018902,Pardosa saltans,Lycosidae,Pardosa,saltans,,bodm,Body mass,Morphometry,0.191,0.191,Single observation,Female,Adult,,,,mor,Morphometry,April-June 2014,Sun Jun 01 2014 00:00:00 GMT+0200 (Central European Summer Time),Sun Jun 01 2014 00:00:00 GMT+0200 (Central European Summer Time),,FRAPaimpont-1VesL1ypyA,48.001575,-2.229625,,Paimpont,FRA,France,deciduous forest,,Pétillon et al. published lycosid traits,Free access,Ruhland et al. 2016,"Ruhland F, Pétillon J & Trabalon M. 2016. Physiological costs during the first maternal care in the wolf spider Pardosa saltans (Araneae, Lycosidae). Journal of Insect Physiology 95: 42-50.",,
245595,urn:lsid:nmbe.ch:spidersp:018902,Pardosa saltans,Lycosidae,Pardosa,saltans,,bodm,Body mass,Morphometry,0.179,0.179,Single observation,Female,Adult,,,,mor,Morphometry,April-June 2014,Sun Jun 01 2014 00:00:00 GMT+0200 (Central European Summer Time),Sun Jun 01 2014 00:00:00 GMT+0200 (Central European Summer Time),,FRAPaimpont-1VesL1ypyA,48.001575,-2.229625,,Paimpont,FRA,France,deciduous forest,,Pétillon et al. published lycosid traits,Free access,Ruhland et al. 2016,"Ruhland F, Pétillon J & Trabalon M. 2016. Physiological costs during the first maternal care in the wolf spider Pardosa saltans (Araneae, Lycosidae). Journal of Insect Physiology 95: 42-50.",,
245596,urn:lsid:nmbe.ch:spidersp:018902,Pardosa saltans,Lycosidae,Pardosa,saltans,,bodm,Body mass,Morphometry,0.176,0.176,Single observation,Female,Adult,,,,mor,Morphometry,April-June 2014,Sun Jun 01 2014 00:00:00 GMT+0200 (Central European Summer Time),Sun Jun 01 2014 00:00:00 GMT+0200 (Central European Summer Time),,FRAPaimpont-1VesL1ypyA,48.001575,-2.229625,,Paimpont,FRA,France,deciduous forest,,Pétillon et al. published lycosid traits,Free access,Ruhland et al. 2016,"Ruhland F, Pétillon J & Trabalon M. 2016. Physiological costs during the first maternal care in the wolf spider Pardosa saltans (Araneae, Lycosidae). Journal of Insect Physiology 95: 42-50.",,
245597,urn:lsid:nmbe.ch:spidersp:018902,Pardosa saltans,Lycosidae,Pardosa,saltans,,bodm,Body mass,Morphometry,0.203,0.203,Single observation,Female,Adult,,,,mor,Morphometry,April-June 2014,Sun Jun 01 2014 00:00:00 GMT+0200 (Central European Summer Time),Sun Jun 01 2014 00:00:00 GMT+0200 (Central European Summer Time),,FRAPaimpont-1VesL1ypyA,48.001575,-2.229625,,Paimpont,FRA,France,deciduous forest,,Pétillon et al. published lycosid traits,Free access,Ruhland et al. 2016,"Ruhland F, Pétillon J & Trabalon M. 2016. Physiological costs during the first maternal care in the wolf spider Pardosa saltans (Araneae, Lycosidae). Journal of Insect Physiology 95: 42-50.",,
245598,urn:lsid:nmbe.ch:spidersp:018902,Pardosa saltans,Lycosidae,Pardosa,saltans,,bodm,Body mass,Morphometry,0.191,0.191,Single observation,Female,Adult,,,,mor,Morphometry,April-June 2014,Sun Jun 01 2014 00:00:00 GMT+0200 (Central European Summer Time),Sun Jun 01 2014 00:00:00 GMT+0200 (Central European Summer Time),,FRAPaimpont-1VesL1ypyA,48.001575,-2.229625,,Paimpont,FRA,France,deciduous forest,,Pétillon et al. published lycosid traits,Free access,Ruhland et al. 2016,"Ruhland F, Pétillon J & Trabalon M. 2016. Physiological costs during the first maternal care in the wolf spider Pardosa saltans (Araneae, Lycosidae). Journal of Insect Physiology 95: 42-50.",,
245599,urn:lsid:nmbe.ch:spidersp:018902,Pardosa saltans,Lycosidae,Pardosa,saltans,,bodm,Body mass,Morphometry,0.226,0.226,Single observation,Female,Adult,,,,mor,Morphometry,April-June 2014,Sun Jun 01 2014 00:00:00 GMT+0200 (Central European Summer Time),Sun Jun 01 2014 00:00:00 GMT+0200 (Central European Summer Time),,FRAPaimpont-1VesL1ypyA,48.001575,-2.229625,,Paimpont,FRA,France,deciduous forest,,Pétillon et al. published lycosid traits,Free access,Ruhland et al. 2016,"Ruhland F, Pétillon J & Trabalon M. 2016. Physiological costs during the first maternal care in the wolf spider Pardosa saltans (Araneae, Lycosidae). Journal of Insect Physiology 95: 42-50.",,
245600,urn:lsid:nmbe.ch:spidersp:018902,Pardosa saltans,Lycosidae,Pardosa,saltans,,bodm,Body mass,Morphometry,0.221,0.221,Single observation,Female,Adult,,,,mor,Morphometry,April-June 2014,Sun Jun 01 2014 00:00:00 GMT+0200 (Central European Summer Time),Sun Jun 01 2014 00:00:00 GMT+0200 (Central European Summer Time),,FRAPaimpont-1VesL1ypyA,48.001575,-2.229625,,Paimpont,FRA,France,deciduous forest,,Pétillon et al. published lycosid traits,Free access,Ruhland et al. 2016,"Ruhland F, Pétillon J & Trabalon M. 2016. Physiological costs during the first maternal care in the wolf spider Pardosa saltans (Araneae, Lycosidae). Journal of Insect Physiology 95: 42-50.",,
245601,urn:lsid:nmbe.ch:spidersp:018902,Pardosa saltans,Lycosidae,Pardosa,saltans,,bodm,Body mass,Morphometry,0.228,0.228,Single observation,Female,Adult,,,,mor,Morphometry,April-June 2014,Sun Jun 01 2014 00:00:00 GMT+0200 (Central European Summer Time),Sun Jun 01 2014 00:00:00 GMT+0200 (Central European Summer Time),,FRAPaimpont-1VesL1ypyA,48.001575,-2.229625,,Paimpont,FRA,France,deciduous forest,,Pétillon et al. published lycosid traits,Free access,Ruhland et al. 2016,"Ruhland F, Pétillon J & Trabalon M. 2016. Physiological costs during the first maternal care in the wolf spider Pardosa saltans (Araneae, Lycosidae). Journal of Insect Physiology 95: 42-50.",,
245602,urn:lsid:nmbe.ch:spidersp:018902,Pardosa saltans,Lycosidae,Pardosa,saltans,,bodm,Body mass,Morphometry,0.302,0.302,Single observation,Female,Adult,,,,mor,Morphometry,April-June 2014,Sun Jun 01 2014 00:00:00 GMT+0200 (Central European Summer Time),Sun Jun 01 2014 00:00:00 GMT+0200 (Central European Summer Time),,FRAPaimpont-1VesL1ypyA,48.001575,-2.229625,,Paimpont,FRA,France,deciduous forest,,Pétillon et al. published lycosid traits,Free access,Ruhland et al. 2016,"Ruhland F, Pétillon J & Trabalon M. 2016. Physiological costs during the first maternal care in the wolf spider Pardosa saltans (Araneae, Lycosidae). Journal of Insect Physiology 95: 42-50.",,
245603,urn:lsid:nmbe.ch:spidersp:018902,Pardosa saltans,Lycosidae,Pardosa,saltans,,bodm,Body mass,Morphometry,0.204,0.204,Single observation,Female,Adult,,,,mor,Morphometry,April-June 2014,Sun Jun 01 2014 00:00:00 GMT+0200 (Central European Summer Time),Sun Jun 01 2014 00:00:00 GMT+0200 (Central European Summer Time),,FRAPaimpont-1VesL1ypyA,48.001575,-2.229625,,Paimpont,FRA,France,deciduous forest,,Pétillon et al. published lycosid traits,Free access,Ruhland et al. 2016,"Ruhland F, Pétillon J & Trabalon M. 2016. Physiological costs during the first maternal care in the wolf spider Pardosa saltans (Araneae, Lycosidae). Journal of Insect Physiology 95: 42-50.",,
245604,urn:lsid:nmbe.ch:spidersp:018902,Pardosa saltans,Lycosidae,Pardosa,saltans,,bodm,Body mass,Morphometry,0.183,0.183,Single observation,Female,Adult,,,,mor,Morphometry,April-June 2014,Sun Jun 01 2014 00:00:00 GMT+0200 (Central European Summer Time),Sun Jun 01 2014 00:00:00 GMT+0200 (Central European Summer Time),,FRAPaimpont-1VesL1ypyA,48.001575,-2.229625,,Paimpont,FRA,France,deciduous forest,,Pétillon et al. published lycosid traits,Free access,Ruhland et al. 2016,"Ruhland F, Pétillon J & Trabalon M. 2016. Physiological costs during the first maternal care in the wolf spider Pardosa saltans (Araneae, Lycosidae). Journal of Insect Physiology 95: 42-50.",,
245605,urn:lsid:nmbe.ch:spidersp:018902,Pardosa saltans,Lycosidae,Pardosa,saltans,,bodm,Body mass,Morphometry,0.349,0.349,Single observation,Female,Adult,,,,mor,Morphometry,April-June 2014,Sun Jun 01 2014 00:00:00 GMT+0200 (Central European Summer Time),Sun Jun 01 2014 00:00:00 GMT+0200 (Central European Summer Time),,FRAPaimpont-1VesL1ypyA,48.001575,-2.229625,,Paimpont,FRA,France,deciduous forest,,Pétillon et al. published lycosid traits,Free access,Ruhland et al. 2016,"Ruhland F, Pétillon J & Trabalon M. 2016. Physiological costs during the first maternal care in the wolf spider Pardosa saltans (Araneae, Lycosidae). Journal of Insect Physiology 95: 42-50.",,
245606,urn:lsid:nmbe.ch:spidersp:018902,Pardosa saltans,Lycosidae,Pardosa,saltans,,bodm,Body mass,Morphometry,0.179,0.179,Single observation,Female,Adult,,,,mor,Morphometry,April-June 2014,Sun Jun 01 2014 00:00:00 GMT+0200 (Central European Summer Time),Sun Jun 01 2014 00:00:00 GMT+0200 (Central European Summer Time),,FRAPaimpont-1VesL1ypyA,48.001575,-2.229625,,Paimpont,FRA,France,deciduous forest,,Pétillon et al. published lycosid traits,Free access,Ruhland et al. 2016,"Ruhland F, Pétillon J & Trabalon M. 2016. Physiological costs during the first maternal care in the wolf spider Pardosa saltans (Araneae, Lycosidae). Journal of Insect Physiology 95: 42-50.",,
245607,urn:lsid:nmbe.ch:spidersp:018902,Pardosa saltans,Lycosidae,Pardosa,saltans,,bodm,Body mass,Morphometry,0.141,0.141,Single observation,Female,Adult,,,,mor,Morphometry,April-June 2014,Sun Jun 01 2014 00:00:00 GMT+0200 (Central European Summer Time),Sun Jun 01 2014 00:00:00 GMT+0200 (Central European Summer Time),,FRAPaimpont-1VesL1ypyA,48.001575,-2.229625,,Paimpont,FRA,France,deciduous forest,,Pétillon et al. published lycosid traits,Free access,Ruhland et al. 2016,"Ruhland F, Pétillon J & Trabalon M. 2016. Physiological costs during the first maternal care in the wolf spider Pardosa saltans (Araneae, Lycosidae). Journal of Insect Physiology 95: 42-50.",,
245608,urn:lsid:nmbe.ch:spidersp:018902,Pardosa saltans,Lycosidae,Pardosa,saltans,,bodm,Body mass,Morphometry,0.177,0.177,Single observation,Female,Adult,,,,mor,Morphometry,April-June 2014,Sun Jun 01 2014 00:00:00 GMT+0200 (Central European Summer Time),Sun Jun 01 2014 00:00:00 GMT+0200 (Central European Summer Time),,FRAPaimpont-1VesL1ypyA,48.001575,-2.229625,,Paimpont,FRA,France,deciduous forest,,Pétillon et al. published lycosid traits,Free access,Ruhland et al. 2016,"Ruhland F, Pétillon J & Trabalon M. 2016. Physiological costs during the first maternal care in the wolf spider Pardosa saltans (Araneae, Lycosidae). Journal of Insect Physiology 95: 42-50.",,
245609,urn:lsid:nmbe.ch:spidersp:018902,Pardosa saltans,Lycosidae,Pardosa,saltans,,bodm,Body mass,Morphometry,0.256,0.256,Single observation,Female,Adult,,,,mor,Morphometry,April-June 2014,Sun Jun 01 2014 00:00:00 GMT+0200 (Central European Summer Time),Sun Jun 01 2014 00:00:00 GMT+0200 (Central European Summer Time),,FRAPaimpont-1VesL1ypyA,48.001575,-2.229625,,Paimpont,FRA,France,deciduous forest,,Pétillon et al. published lycosid traits,Free access,Ruhland et al. 2016,"Ruhland F, Pétillon J & Trabalon M. 2016. Physiological costs during the first maternal care in the wolf spider Pardosa saltans (Araneae, Lycosidae). Journal of Insect Physiology 95: 42-50.",,
245610,urn:lsid:nmbe.ch:spidersp:018902,Pardosa saltans,Lycosidae,Pardosa,saltans,,bodm,Body mass,Morphometry,0.148,0.148,Single observation,Female,Adult,,,,mor,Morphometry,April-June 2014,Sun Jun 01 2014 00:00:00 GMT+0200 (Central European Summer Time),Sun Jun 01 2014 00:00:00 GMT+0200 (Central European Summer Time),,FRAPaimpont-1VesL1ypyA,48.001575,-2.229625,,Paimpont,FRA,France,deciduous forest,,Pétillon et al. published lycosid traits,Free access,Ruhland et al. 2016,"Ruhland F, Pétillon J & Trabalon M. 2016. Physiological costs during the first maternal care in the wolf spider Pardosa saltans (Araneae, Lycosidae). Journal of Insect Physiology 95: 42-50.",,
245611,urn:lsid:nmbe.ch:spidersp:018902,Pardosa saltans,Lycosidae,Pardosa,saltans,,bodm,Body mass,Morphometry,0.145,0.145,Single observation,Female,Adult,,,,mor,Morphometry,April-June 2014,Sun Jun 01 2014 00:00:00 GMT+0200 (Central European Summer Time),Sun Jun 01 2014 00:00:00 GMT+0200 (Central European Summer Time),,FRAPaimpont-1VesL1ypyA,48.001575,-2.229625,,Paimpont,FRA,France,deciduous forest,,Pétillon et al. published lycosid traits,Free access,Ruhland et al. 2016,"Ruhland F, Pétillon J & Trabalon M. 2016. Physiological costs during the first maternal care in the wolf spider Pardosa saltans (Araneae, Lycosidae). Journal of Insect Physiology 95: 42-50.",,
245612,urn:lsid:nmbe.ch:spidersp:018902,Pardosa saltans,Lycosidae,Pardosa,saltans,,bodm,Body mass,Morphometry,0.171,0.171,Single observation,Female,Adult,,,,mor,Morphometry,April-June 2014,Sun Jun 01 2014 00:00:00 GMT+0200 (Central European Summer Time),Sun Jun 01 2014 00:00:00 GMT+0200 (Central European Summer Time),,FRAPaimpont-1VesL1ypyA,48.001575,-2.229625,,Paimpont,FRA,France,deciduous forest,,Pétillon et al. published lycosid traits,Free access,Ruhland et al. 2016,"Ruhland F, Pétillon J & Trabalon M. 2016. Physiological costs during the first maternal care in the wolf spider Pardosa saltans (Araneae, Lycosidae). Journal of Insect Physiology 95: 42-50.",,
245613,urn:lsid:nmbe.ch:spidersp:018902,Pardosa saltans,Lycosidae,Pardosa,saltans,,bodm,Body mass,Morphometry,0.257,0.257,Single observation,Female,Adult,,,,mor,Morphometry,April-June 2014,Sun Jun 01 2014 00:00:00 GMT+0200 (Central European Summer Time),Sun Jun 01 2014 00:00:00 GMT+0200 (Central European Summer Time),,FRAPaimpont-1VesL1ypyA,48.001575,-2.229625,,Paimpont,FRA,France,deciduous forest,,Pétillon et al. published lycosid traits,Free access,Ruhland et al. 2016,"Ruhland F, Pétillon J & Trabalon M. 2016. Physiological costs during the first maternal care in the wolf spider Pardosa saltans (Araneae, Lycosidae). Journal of Insect Physiology 95: 42-50.",,
245614,urn:lsid:nmbe.ch:spidersp:018902,Pardosa saltans,Lycosidae,Pardosa,saltans,,bodm,Body mass,Morphometry,0.201,0.201,Single observation,Female,Adult,,,,mor,Morphometry,April-June 2014,Sun Jun 01 2014 00:00:00 GMT+0200 (Central European Summer Time),Sun Jun 01 2014 00:00:00 GMT+0200 (Central European Summer Time),,FRAPaimpont-1VesL1ypyA,48.001575,-2.229625,,Paimpont,FRA,France,deciduous forest,,Pétillon et al. published lycosid traits,Free access,Ruhland et al. 2016,"Ruhland F, Pétillon J & Trabalon M. 2016. Physiological costs during the first maternal care in the wolf spider Pardosa saltans (Araneae, Lycosidae). Journal of Insect Physiology 95: 42-50.",,
245615,urn:lsid:nmbe.ch:spidersp:018902,Pardosa saltans,Lycosidae,Pardosa,saltans,,bodm,Body mass,Morphometry,0.217,0.217,Single observation,Female,Adult,,,,mor,Morphometry,April-June 2014,Sun Jun 01 2014 00:00:00 GMT+0200 (Central European Summer Time),Sun Jun 01 2014 00:00:00 GMT+0200 (Central European Summer Time),,FRAPaimpont-1VesL1ypyA,48.001575,-2.229625,,Paimpont,FRA,France,deciduous forest,,Pétillon et al. published lycosid traits,Free access,Ruhland et al. 2016,"Ruhland F, Pétillon J & Trabalon M. 2016. Physiological costs during the first maternal care in the wolf spider Pardosa saltans (Araneae, Lycosidae). Journal of Insect Physiology 95: 42-50.",,
245616,urn:lsid:nmbe.ch:spidersp:018902,Pardosa saltans,Lycosidae,Pardosa,saltans,,bodm,Body mass,Morphometry,0.18,0.18,Single observation,Female,Adult,,,,mor,Morphometry,April-June 2014,Sun Jun 01 2014 00:00:00 GMT+0200 (Central European Summer Time),Sun Jun 01 2014 00:00:00 GMT+0200 (Central European Summer Time),,FRAPaimpont-1VesL1ypyA,48.001575,-2.229625,,Paimpont,FRA,France,deciduous forest,,Pétillon et al. published lycosid traits,Free access,Ruhland et al. 2016,"Ruhland F, Pétillon J & Trabalon M. 2016. Physiological costs during the first maternal care in the wolf spider Pardosa saltans (Araneae, Lycosidae). Journal of Insect Physiology 95: 42-50.",,
245617,urn:lsid:nmbe.ch:spidersp:018902,Pardosa saltans,Lycosidae,Pardosa,saltans,,bodm,Body mass,Morphometry,0.168,0.168,Single observation,Female,Adult,,,,mor,Morphometry,April-June 2014,Sun Jun 01 2014 00:00:00 GMT+0200 (Central European Summer Time),Sun Jun 01 2014 00:00:00 GMT+0200 (Central European Summer Time),,FRAPaimpont-1VesL1ypyA,48.001575,-2.229625,,Paimpont,FRA,France,deciduous forest,,Pétillon et al. published lycosid traits,Free access,Ruhland et al. 2016,"Ruhland F, Pétillon J & Trabalon M. 2016. Physiological costs during the first maternal care in the wolf spider Pardosa saltans (Araneae, Lycosidae). Journal of Insect Physiology 95: 42-50.",,
245618,urn:lsid:nmbe.ch:spidersp:018902,Pardosa saltans,Lycosidae,Pardosa,saltans,,bodm,Body mass,Morphometry,0.489,0.489,Single observation,Female,Adult,,,,mor,Morphometry,April-June 2014,Sun Jun 01 2014 00:00:00 GMT+0200 (Central European Summer Time),Sun Jun 01 2014 00:00:00 GMT+0200 (Central European Summer Time),,FRAPaimpont-1VesL1ypyA,48.001575,-2.229625,,Paimpont,FRA,France,deciduous forest,,Pétillon et al. published lycosid traits,Free access,Ruhland et al. 2016,"Ruhland F, Pétillon J & Trabalon M. 2016. Physiological costs during the first maternal care in the wolf spider Pardosa saltans (Araneae, Lycosidae). Journal of Insect Physiology 95: 42-50.",,
245619,urn:lsid:nmbe.ch:spidersp:018902,Pardosa saltans,Lycosidae,Pardosa,saltans,,bodm,Body mass,Morphometry,0.204,0.204,Single observation,Female,Adult,,,,mor,Morphometry,April-June 2014,Sun Jun 01 2014 00:00:00 GMT+0200 (Central European Summer Time),Sun Jun 01 2014 00:00:00 GMT+0200 (Central European Summer Time),,FRAPaimpont-1VesL1ypyA,48.001575,-2.229625,,Paimpont,FRA,France,deciduous forest,,Pétillon et al. published lycosid traits,Free access,Ruhland et al. 2016,"Ruhland F, Pétillon J & Trabalon M. 2016. Physiological costs during the first maternal care in the wolf spider Pardosa saltans (Araneae, Lycosidae). Journal of Insect Physiology 95: 42-50.",,
245620,urn:lsid:nmbe.ch:spidersp:018902,Pardosa saltans,Lycosidae,Pardosa,saltans,,bodm,Body mass,Morphometry,0.174,0.174,Single observation,Female,Adult,,,,mor,Morphometry,April-June 2014,Sun Jun 01 2014 00:00:00 GMT+0200 (Central European Summer Time),Sun Jun 01 2014 00:00:00 GMT+0200 (Central European Summer Time),,FRAPaimpont-1VesL1ypyA,48.001575,-2.229625,,Paimpont,FRA,France,deciduous forest,,Pétillon et al. published lycosid traits,Free access,Ruhland et al. 2016,"Ruhland F, Pétillon J & Trabalon M. 2016. Physiological costs during the first maternal care in the wolf spider Pardosa saltans (Araneae, Lycosidae). Journal of Insect Physiology 95: 42-50.",,
245621,urn:lsid:nmbe.ch:spidersp:018902,Pardosa saltans,Lycosidae,Pardosa,saltans,,bodm,Body mass,Morphometry,0.17,0.17,Single observation,Female,Adult,,,,mor,Morphometry,April-June 2014,Sun Jun 01 2014 00:00:00 GMT+0200 (Central European Summer Time),Sun Jun 01 2014 00:00:00 GMT+0200 (Central European Summer Time),,FRAPaimpont-1VesL1ypyA,48.001575,-2.229625,,Paimpont,FRA,France,deciduous forest,,Pétillon et al. published lycosid traits,Free access,Ruhland et al. 2016,"Ruhland F, Pétillon J & Trabalon M. 2016. Physiological costs during the first maternal care in the wolf spider Pardosa saltans (Araneae, Lycosidae). Journal of Insect Physiology 95: 42-50.",,
245622,urn:lsid:nmbe.ch:spidersp:018902,Pardosa saltans,Lycosidae,Pardosa,saltans,,bodm,Body mass,Morphometry,0.179,0.179,Single observation,Female,Adult,,,,mor,Morphometry,April-June 2014,Sun Jun 01 2014 00:00:00 GMT+0200 (Central European Summer Time),Sun Jun 01 2014 00:00:00 GMT+0200 (Central European Summer Time),,FRAPaimpont-1VesL1ypyA,48.001575,-2.229625,,Paimpont,FRA,France,deciduous forest,,Pétillon et al. published lycosid traits,Free access,Ruhland et al. 2016,"Ruhland F, Pétillon J & Trabalon M. 2016. Physiological costs during the first maternal care in the wolf spider Pardosa saltans (Araneae, Lycosidae). Journal of Insect Physiology 95: 42-50.",,
245623,urn:lsid:nmbe.ch:spidersp:018902,Pardosa saltans,Lycosidae,Pardosa,saltans,,bodm,Body mass,Morphometry,0.224,0.224,Single observation,Female,Adult,,,,mor,Morphometry,April-June 2014,Sun Jun 01 2014 00:00:00 GMT+0200 (Central European Summer Time),Sun Jun 01 2014 00:00:00 GMT+0200 (Central European Summer Time),,FRAPaimpont-1VesL1ypyA,48.001575,-2.229625,,Paimpont,FRA,France,deciduous forest,,Pétillon et al. published lycosid traits,Free access,Ruhland et al. 2016,"Ruhland F, Pétillon J & Trabalon M. 2016. Physiological costs during the first maternal care in the wolf spider Pardosa saltans (Araneae, Lycosidae). Journal of Insect Physiology 95: 42-50.",,
245624,urn:lsid:nmbe.ch:spidersp:018902,Pardosa saltans,Lycosidae,Pardosa,saltans,,bodm,Body mass,Morphometry,0.221,0.221,Single observation,Female,Adult,,,,mor,Morphometry,April-June 2014,Sun Jun 01 2014 00:00:00 GMT+0200 (Central European Summer Time),Sun Jun 01 2014 00:00:00 GMT+0200 (Central European Summer Time),,FRAPaimpont-1VesL1ypyA,48.001575,-2.229625,,Paimpont,FRA,France,deciduous forest,,Pétillon et al. published lycosid traits,Free access,Ruhland et al. 2016,"Ruhland F, Pétillon J & Trabalon M. 2016. Physiological costs during the first maternal care in the wolf spider Pardosa saltans (Araneae, Lycosidae). Journal of Insect Physiology 95: 42-50.",,
245625,urn:lsid:nmbe.ch:spidersp:018902,Pardosa saltans,Lycosidae,Pardosa,saltans,,bodm,Body mass,Morphometry,0.268,0.268,Single observation,Female,Adult,,,,mor,Morphometry,April-June 2014,Sun Jun 01 2014 00:00:00 GMT+0200 (Central European Summer Time),Sun Jun 01 2014 00:00:00 GMT+0200 (Central European Summer Time),,FRAPaimpont-1VesL1ypyA,48.001575,-2.229625,,Paimpont,FRA,France,deciduous forest,,Pétillon et al. published lycosid traits,Free access,Ruhland et al. 2016,"Ruhland F, Pétillon J & Trabalon M. 2016. Physiological costs during the first maternal care in the wolf spider Pardosa saltans (Araneae, Lycosidae). Journal of Insect Physiology 95: 42-50.",,
245626,urn:lsid:nmbe.ch:spidersp:018902,Pardosa saltans,Lycosidae,Pardosa,saltans,,bodm,Body mass,Morphometry,0.203,0.203,Single observation,Female,Adult,,,,mor,Morphometry,April-June 2014,Sun Jun 01 2014 00:00:00 GMT+0200 (Central European Summer Time),Sun Jun 01 2014 00:00:00 GMT+0200 (Central European Summer Time),,FRAPaimpont-1VesL1ypyA,48.001575,-2.229625,,Paimpont,FRA,France,deciduous forest,,Pétillon et al. published lycosid traits,Free access,Ruhland et al. 2016,"Ruhland F, Pétillon J & Trabalon M. 2016. Physiological costs during the first maternal care in the wolf spider Pardosa saltans (Araneae, Lycosidae). Journal of Insect Physiology 95: 42-50.",,
245627,urn:lsid:nmbe.ch:spidersp:018902,Pardosa saltans,Lycosidae,Pardosa,saltans,,bodm,Body mass,Morphometry,0.187,0.187,Single observation,Female,Adult,,,,mor,Morphometry,April-June 2014,Sun Jun 01 2014 00:00:00 GMT+0200 (Central European Summer Time),Sun Jun 01 2014 00:00:00 GMT+0200 (Central European Summer Time),,FRAPaimpont-1VesL1ypyA,48.001575,-2.229625,,Paimpont,FRA,France,deciduous forest,,Pétillon et al. published lycosid traits,Free access,Ruhland et al. 2016,"Ruhland F, Pétillon J & Trabalon M. 2016. Physiological costs during the first maternal care in the wolf spider Pardosa saltans (Araneae, Lycosidae). Journal of Insect Physiology 95: 42-50.",,
245628,urn:lsid:nmbe.ch:spidersp:018902,Pardosa saltans,Lycosidae,Pardosa,saltans,,bodm,Body mass,Morphometry,0.251,0.251,Single observation,Female,Adult,,,,mor,Morphometry,April-June 2014,Sun Jun 01 2014 00:00:00 GMT+0200 (Central European Summer Time),Sun Jun 01 2014 00:00:00 GMT+0200 (Central European Summer Time),,FRAPaimpont-1VesL1ypyA,48.001575,-2.229625,,Paimpont,FRA,France,deciduous forest,,Pétillon et al. published lycosid traits,Free access,Ruhland et al. 2016,"Ruhland F, Pétillon J & Trabalon M. 2016. Physiological costs during the first maternal care in the wolf spider Pardosa saltans (Araneae, Lycosidae). Journal of Insect Physiology 95: 42-50.",,
245629,urn:lsid:nmbe.ch:spidersp:018902,Pardosa saltans,Lycosidae,Pardosa,saltans,,bodm,Body mass,Morphometry,0.238,0.238,Single observation,Female,Adult,,,,mor,Morphometry,April-June 2014,Sun Jun 01 2014 00:00:00 GMT+0200 (Central European Summer Time),Sun Jun 01 2014 00:00:00 GMT+0200 (Central European Summer Time),,FRAPaimpont-1VesL1ypyA,48.001575,-2.229625,,Paimpont,FRA,France,deciduous forest,,Pétillon et al. published lycosid traits,Free access,Ruhland et al. 2016,"Ruhland F, Pétillon J & Trabalon M. 2016. Physiological costs during the first maternal care in the wolf spider Pardosa saltans (Araneae, Lycosidae). Journal of Insect Physiology 95: 42-50.",,
245630,urn:lsid:nmbe.ch:spidersp:018902,Pardosa saltans,Lycosidae,Pardosa,saltans,,bodm,Body mass,Morphometry,0.256,0.256,Single observation,Female,Adult,,,,mor,Morphometry,April-June 2014,Sun Jun 01 2014 00:00:00 GMT+0200 (Central European Summer Time),Sun Jun 01 2014 00:00:00 GMT+0200 (Central European Summer Time),,FRAPaimpont-1VesL1ypyA,48.001575,-2.229625,,Paimpont,FRA,France,deciduous forest,,Pétillon et al. published lycosid traits,Free access,Ruhland et al. 2016,"Ruhland F, Pétillon J & Trabalon M. 2016. Physiological costs during the first maternal care in the wolf spider Pardosa saltans (Araneae, Lycosidae). Journal of Insect Physiology 95: 42-50.",,
245631,urn:lsid:nmbe.ch:spidersp:018902,Pardosa saltans,Lycosidae,Pardosa,saltans,,bodm,Body mass,Morphometry,0.213,0.213,Single observation,Female,Adult,,,,mor,Morphometry,April-June 2014,Sun Jun 01 2014 00:00:00 GMT+0200 (Central European Summer Time),Sun Jun 01 2014 00:00:00 GMT+0200 (Central European Summer Time),,FRAPaimpont-1VesL1ypyA,48.001575,-2.229625,,Paimpont,FRA,France,deciduous forest,,Pétillon et al. published lycosid traits,Free access,Ruhland et al. 2016,"Ruhland F, Pétillon J & Trabalon M. 2016. Physiological costs during the first maternal care in the wolf spider Pardosa saltans (Araneae, Lycosidae). Journal of Insect Physiology 95: 42-50.",,
245632,urn:lsid:nmbe.ch:spidersp:018902,Pardosa saltans,Lycosidae,Pardosa,saltans,,bodm,Body mass,Morphometry,0.19,0.19,Single observation,Female,Adult,,,,mor,Morphometry,April-June 2014,Sun Jun 01 2014 00:00:00 GMT+0200 (Central European Summer Time),Sun Jun 01 2014 00:00:00 GMT+0200 (Central European Summer Time),,FRAPaimpont-1VesL1ypyA,48.001575,-2.229625,,Paimpont,FRA,France,deciduous forest,,Pétillon et al. published lycosid traits,Free access,Ruhland et al. 2016,"Ruhland F, Pétillon J & Trabalon M. 2016. Physiological costs during the first maternal care in the wolf spider Pardosa saltans (Araneae, Lycosidae). Journal of Insect Physiology 95: 42-50.",,
245633,urn:lsid:nmbe.ch:spidersp:018902,Pardosa saltans,Lycosidae,Pardosa,saltans,,bodm,Body mass,Morphometry,0.218,0.218,Single observation,Female,Adult,,,,mor,Morphometry,April-June 2014,Sun Jun 01 2014 00:00:00 GMT+0200 (Central European Summer Time),Sun Jun 01 2014 00:00:00 GMT+0200 (Central European Summer Time),,FRAPaimpont-1VesL1ypyA,48.001575,-2.229625,,Paimpont,FRA,France,deciduous forest,,Pétillon et al. published lycosid traits,Free access,Ruhland et al. 2016,"Ruhland F, Pétillon J & Trabalon M. 2016. Physiological costs during the first maternal care in the wolf spider Pardosa saltans (Araneae, Lycosidae). Journal of Insect Physiology 95: 42-50.",,
245634,urn:lsid:nmbe.ch:spidersp:018902,Pardosa saltans,Lycosidae,Pardosa,saltans,,bodm,Body mass,Morphometry,0.218,0.218,Single observation,Female,Adult,,,,mor,Morphometry,April-June 2014,Sun Jun 01 2014 00:00:00 GMT+0200 (Central European Summer Time),Sun Jun 01 2014 00:00:00 GMT+0200 (Central European Summer Time),,FRAPaimpont-1VesL1ypyA,48.001575,-2.229625,,Paimpont,FRA,France,deciduous forest,,Pétillon et al. published lycosid traits,Free access,Ruhland et al. 2016,"Ruhland F, Pétillon J & Trabalon M. 2016. Physiological costs during the first maternal care in the wolf spider Pardosa saltans (Araneae, Lycosidae). Journal of Insect Physiology 95: 42-50.",,
245635,urn:lsid:nmbe.ch:spidersp:018902,Pardosa saltans,Lycosidae,Pardosa,saltans,,bodm,Body mass,Morphometry,0.326,0.326,Single observation,Female,Adult,,,,mor,Morphometry,April-June 2014,Sun Jun 01 2014 00:00:00 GMT+0200 (Central European Summer Time),Sun Jun 01 2014 00:00:00 GMT+0200 (Central European Summer Time),,FRAPaimpont-1VesL1ypyA,48.001575,-2.229625,,Paimpont,FRA,France,deciduous forest,,Pétillon et al. published lycosid traits,Free access,Ruhland et al. 2016,"Ruhland F, Pétillon J & Trabalon M. 2016. Physiological costs during the first maternal care in the wolf spider Pardosa saltans (Araneae, Lycosidae). Journal of Insect Physiology 95: 42-50.",,
245636,urn:lsid:nmbe.ch:spidersp:018902,Pardosa saltans,Lycosidae,Pardosa,saltans,,bodm,Body mass,Morphometry,0.217,0.217,Single observation,Female,Adult,,,,mor,Morphometry,April-June 2014,Sun Jun 01 2014 00:00:00 GMT+0200 (Central European Summer Time),Sun Jun 01 2014 00:00:00 GMT+0200 (Central European Summer Time),,FRAPaimpont-1VesL1ypyA,48.001575,-2.229625,,Paimpont,FRA,France,deciduous forest,,Pétillon et al. published lycosid traits,Free access,Ruhland et al. 2016,"Ruhland F, Pétillon J & Trabalon M. 2016. Physiological costs during the first maternal care in the wolf spider Pardosa saltans (Araneae, Lycosidae). Journal of Insect Physiology 95: 42-50.",,
245637,urn:lsid:nmbe.ch:spidersp:018902,Pardosa saltans,Lycosidae,Pardosa,saltans,,bodm,Body mass,Morphometry,0.152,0.152,Single observation,Female,Adult,,,,mor,Morphometry,April-June 2014,Sun Jun 01 2014 00:00:00 GMT+0200 (Central European Summer Time),Sun Jun 01 2014 00:00:00 GMT+0200 (Central European Summer Time),,FRAPaimpont-1VesL1ypyA,48.001575,-2.229625,,Paimpont,FRA,France,deciduous forest,,Pétillon et al. published lycosid traits,Free access,Ruhland et al. 2016,"Ruhland F, Pétillon J & Trabalon M. 2016. Physiological costs during the first maternal care in the wolf spider Pardosa saltans (Araneae, Lycosidae). Journal of Insect Physiology 95: 42-50.",,
245638,urn:lsid:nmbe.ch:spidersp:018902,Pardosa saltans,Lycosidae,Pardosa,saltans,,bodm,Body mass,Morphometry,0.217,0.217,Single observation,Female,Adult,,,,mor,Morphometry,April-June 2014,Sun Jun 01 2014 00:00:00 GMT+0200 (Central European Summer Time),Sun Jun 01 2014 00:00:00 GMT+0200 (Central European Summer Time),,FRAPaimpont-1VesL1ypyA,48.001575,-2.229625,,Paimpont,FRA,France,deciduous forest,,Pétillon et al. published lycosid traits,Free access,Ruhland et al. 2016,"Ruhland F, Pétillon J & Trabalon M. 2016. Physiological costs during the first maternal care in the wolf spider Pardosa saltans (Araneae, Lycosidae). Journal of Insect Physiology 95: 42-50.",,
245639,urn:lsid:nmbe.ch:spidersp:018902,Pardosa saltans,Lycosidae,Pardosa,saltans,,bodm,Body mass,Morphometry,0.211,0.211,Single observation,Female,Adult,,,,mor,Morphometry,April-June 2014,Sun Jun 01 2014 00:00:00 GMT+0200 (Central European Summer Time),Sun Jun 01 2014 00:00:00 GMT+0200 (Central European Summer Time),,FRAPaimpont-1VesL1ypyA,48.001575,-2.229625,,Paimpont,FRA,France,deciduous forest,,Pétillon et al. published lycosid traits,Free access,Ruhland et al. 2016,"Ruhland F, Pétillon J & Trabalon M. 2016. Physiological costs during the first maternal care in the wolf spider Pardosa saltans (Araneae, Lycosidae). Journal of Insect Physiology 95: 42-50.",,
245640,urn:lsid:nmbe.ch:spidersp:018902,Pardosa saltans,Lycosidae,Pardosa,saltans,,bodm,Body mass,Morphometry,0.237,0.237,Single observation,Female,Adult,,,,mor,Morphometry,April-June 2014,Sun Jun 01 2014 00:00:00 GMT+0200 (Central European Summer Time),Sun Jun 01 2014 00:00:00 GMT+0200 (Central European Summer Time),,FRAPaimpont-1VesL1ypyA,48.001575,-2.229625,,Paimpont,FRA,France,deciduous forest,,Pétillon et al. published lycosid traits,Free access,Ruhland et al. 2016,"Ruhland F, Pétillon J & Trabalon M. 2016. Physiological costs during the first maternal care in the wolf spider Pardosa saltans (Araneae, Lycosidae). Journal of Insect Physiology 95: 42-50.",,
245641,urn:lsid:nmbe.ch:spidersp:018902,Pardosa saltans,Lycosidae,Pardosa,saltans,,bodm,Body mass,Morphometry,0.335,0.335,Single observation,Female,Adult,,,,mor,Morphometry,April-June 2014,Sun Jun 01 2014 00:00:00 GMT+0200 (Central European Summer Time),Sun Jun 01 2014 00:00:00 GMT+0200 (Central European Summer Time),,FRAPaimpont-1VesL1ypyA,48.001575,-2.229625,,Paimpont,FRA,France,deciduous forest,,Pétillon et al. published lycosid traits,Free access,Ruhland et al. 2016,"Ruhland F, Pétillon J & Trabalon M. 2016. Physiological costs during the first maternal care in the wolf spider Pardosa saltans (Araneae, Lycosidae). Journal of Insect Physiology 95: 42-50.",,
245642,urn:lsid:nmbe.ch:spidersp:018902,Pardosa saltans,Lycosidae,Pardosa,saltans,,bodm,Body mass,Morphometry,0.363,0.363,Single observation,Female,Adult,,,,mor,Morphometry,April-June 2014,Sun Jun 01 2014 00:00:00 GMT+0200 (Central European Summer Time),Sun Jun 01 2014 00:00:00 GMT+0200 (Central European Summer Time),,FRAPaimpont-1VesL1ypyA,48.001575,-2.229625,,Paimpont,FRA,France,deciduous forest,,Pétillon et al. published lycosid traits,Free access,Ruhland et al. 2016,"Ruhland F, Pétillon J & Trabalon M. 2016. Physiological costs during the first maternal care in the wolf spider Pardosa saltans (Araneae, Lycosidae). Journal of Insect Physiology 95: 42-50.",,
245643,urn:lsid:nmbe.ch:spidersp:018902,Pardosa saltans,Lycosidae,Pardosa,saltans,,bodm,Body mass,Morphometry,0.27,0.27,Single observation,Female,Adult,,,,mor,Morphometry,April-June 2014,Sun Jun 01 2014 00:00:00 GMT+0200 (Central European Summer Time),Sun Jun 01 2014 00:00:00 GMT+0200 (Central European Summer Time),,FRAPaimpont-1VesL1ypyA,48.001575,-2.229625,,Paimpont,FRA,France,deciduous forest,,Pétillon et al. published lycosid traits,Free access,Ruhland et al. 2016,"Ruhland F, Pétillon J & Trabalon M. 2016. Physiological costs during the first maternal care in the wolf spider Pardosa saltans (Araneae, Lycosidae). Journal of Insect Physiology 95: 42-50.",,
245644,urn:lsid:nmbe.ch:spidersp:018902,Pardosa saltans,Lycosidae,Pardosa,saltans,,bodm,Body mass,Morphometry,0.171,0.171,Single observation,Female,Adult,,,,mor,Morphometry,April-June 2014,Sun Jun 01 2014 00:00:00 GMT+0200 (Central European Summer Time),Sun Jun 01 2014 00:00:00 GMT+0200 (Central European Summer Time),,FRAPaimpont-1VesL1ypyA,48.001575,-2.229625,,Paimpont,FRA,France,deciduous forest,,Pétillon et al. published lycosid traits,Free access,Ruhland et al. 2016,"Ruhland F, Pétillon J & Trabalon M. 2016. Physiological costs during the first maternal care in the wolf spider Pardosa saltans (Araneae, Lycosidae). Journal of Insect Physiology 95: 42-50.",,
246040,urn:lsid:nmbe.ch:spidersp:018902,Pardosa saltans,Lycosidae,Pardosa,saltans,,bodm,Body mass,Morphometry,0.192,0.192,Single observation,Unknown,Juvenile,,,,mor,Morphometry,April-June 2014,Sun Jun 01 2014 00:00:00 GMT+0200 (Central European Summer Time),Sun Jun 01 2014 00:00:00 GMT+0200 (Central European Summer Time),,FRAPaimpont-1VesL1ypyA,48.001575,-2.229625,,Paimpont,FRA,France,deciduous forest,,Pétillon et al. published lycosid traits,Free access,Ruhland et al. 2016,"Ruhland F, Pétillon J & Trabalon M. 2016. Physiological costs during the first maternal care in the wolf spider Pardosa saltans (Araneae, Lycosidae). Journal of Insect Physiology 95: 42-50.",,
246041,urn:lsid:nmbe.ch:spidersp:018902,Pardosa saltans,Lycosidae,Pardosa,saltans,,bodm,Body mass,Morphometry,0.191,0.191,Single observation,Unknown,Juvenile,,,,mor,Morphometry,April-June 2014,Sun Jun 01 2014 00:00:00 GMT+0200 (Central European Summer Time),Sun Jun 01 2014 00:00:00 GMT+0200 (Central European Summer Time),,FRAPaimpont-1VesL1ypyA,48.001575,-2.229625,,Paimpont,FRA,France,deciduous forest,,Pétillon et al. published lycosid traits,Free access,Ruhland et al. 2016,"Ruhland F, Pétillon J & Trabalon M. 2016. Physiological costs during the first maternal care in the wolf spider Pardosa saltans (Araneae, Lycosidae). Journal of Insect Physiology 95: 42-50.",,
246042,urn:lsid:nmbe.ch:spidersp:018902,Pardosa saltans,Lycosidae,Pardosa,saltans,,bodm,Body mass,Morphometry,0.184,0.184,Single observation,Unknown,Juvenile,,,,mor,Morphometry,April-June 2014,Sun Jun 01 2014 00:00:00 GMT+0200 (Central European Summer Time),Sun Jun 01 2014 00:00:00 GMT+0200 (Central European Summer Time),,FRAPaimpont-1VesL1ypyA,48.001575,-2.229625,,Paimpont,FRA,France,deciduous forest,,Pétillon et al. published lycosid traits,Free access,Ruhland et al. 2016,"Ruhland F, Pétillon J & Trabalon M. 2016. Physiological costs during the first maternal care in the wolf spider Pardosa saltans (Araneae, Lycosidae). Journal of Insect Physiology 95: 42-50.",,
246043,urn:lsid:nmbe.ch:spidersp:018902,Pardosa saltans,Lycosidae,Pardosa,saltans,,bodm,Body mass,Morphometry,0.23,0.23,Single observation,Unknown,Juvenile,,,,mor,Morphometry,April-June 2014,Sun Jun 01 2014 00:00:00 GMT+0200 (Central European Summer Time),Sun Jun 01 2014 00:00:00 GMT+0200 (Central European Summer Time),,FRAPaimpont-1VesL1ypyA,48.001575,-2.229625,,Paimpont,FRA,France,deciduous forest,,Pétillon et al. published lycosid traits,Free access,Ruhland et al. 2016,"Ruhland F, Pétillon J & Trabalon M. 2016. Physiological costs during the first maternal care in the wolf spider Pardosa saltans (Araneae, Lycosidae). Journal of Insect Physiology 95: 42-50.",,
246044,urn:lsid:nmbe.ch:spidersp:018902,Pardosa saltans,Lycosidae,Pardosa,saltans,,bodm,Body mass,Morphometry,0.191,0.191,Single observation,Unknown,Juvenile,,,,mor,Morphometry,April-June 2014,Sun Jun 01 2014 00:00:00 GMT+0200 (Central European Summer Time),Sun Jun 01 2014 00:00:00 GMT+0200 (Central European Summer Time),,FRAPaimpont-1VesL1ypyA,48.001575,-2.229625,,Paimpont,FRA,France,deciduous forest,,Pétillon et al. published lycosid traits,Free access,Ruhland et al. 2016,"Ruhland F, Pétillon J & Trabalon M. 2016. Physiological costs during the first maternal care in the wolf spider Pardosa saltans (Araneae, Lycosidae). Journal of Insect Physiology 95: 42-50.",,
246045,urn:lsid:nmbe.ch:spidersp:018902,Pardosa saltans,Lycosidae,Pardosa,saltans,,bodm,Body mass,Morphometry,0.284,0.284,Single observation,Unknown,Juvenile,,,,mor,Morphometry,April-June 2014,Sun Jun 01 2014 00:00:00 GMT+0200 (Central European Summer Time),Sun Jun 01 2014 00:00:00 GMT+0200 (Central European Summer Time),,FRAPaimpont-1VesL1ypyA,48.001575,-2.229625,,Paimpont,FRA,France,deciduous forest,,Pétillon et al. published lycosid traits,Free access,Ruhland et al. 2016,"Ruhland F, Pétillon J & Trabalon M. 2016. Physiological costs during the first maternal care in the wolf spider Pardosa saltans (Araneae, Lycosidae). Journal of Insect Physiology 95: 42-50.",,
246046,urn:lsid:nmbe.ch:spidersp:018902,Pardosa saltans,Lycosidae,Pardosa,saltans,,bodm,Body mass,Morphometry,0.158,0.158,Single observation,Unknown,Juvenile,,,,mor,Morphometry,April-June 2014,Sun Jun 01 2014 00:00:00 GMT+0200 (Central European Summer Time),Sun Jun 01 2014 00:00:00 GMT+0200 (Central European Summer Time),,FRAPaimpont-1VesL1ypyA,48.001575,-2.229625,,Paimpont,FRA,France,deciduous forest,,Pétillon et al. published lycosid traits,Free access,Ruhland et al. 2016,"Ruhland F, Pétillon J & Trabalon M. 2016. Physiological costs during the first maternal care in the wolf spider Pardosa saltans (Araneae, Lycosidae). Journal of Insect Physiology 95: 42-50.",,
246047,urn:lsid:nmbe.ch:spidersp:018902,Pardosa saltans,Lycosidae,Pardosa,saltans,,bodm,Body mass,Morphometry,0.188,0.188,Single observation,Unknown,Juvenile,,,,mor,Morphometry,April-June 2014,Sun Jun 01 2014 00:00:00 GMT+0200 (Central European Summer Time),Sun Jun 01 2014 00:00:00 GMT+0200 (Central European Summer Time),,FRAPaimpont-1VesL1ypyA,48.001575,-2.229625,,Paimpont,FRA,France,deciduous forest,,Pétillon et al. published lycosid traits,Free access,Ruhland et al. 2016,"Ruhland F, Pétillon J & Trabalon M. 2016. Physiological costs during the first maternal care in the wolf spider Pardosa saltans (Araneae, Lycosidae). Journal of Insect Physiology 95: 42-50.",,
246048,urn:lsid:nmbe.ch:spidersp:018902,Pardosa saltans,Lycosidae,Pardosa,saltans,,bodm,Body mass,Morphometry,0.194,0.194,Single observation,Unknown,Juvenile,,,,mor,Morphometry,April-June 2014,Sun Jun 01 2014 00:00:00 GMT+0200 (Central European Summer Time),Sun Jun 01 2014 00:00:00 GMT+0200 (Central European Summer Time),,FRAPaimpont-1VesL1ypyA,48.001575,-2.229625,,Paimpont,FRA,France,deciduous forest,,Pétillon et al. published lycosid traits,Free access,Ruhland et al. 2016,"Ruhland F, Pétillon J & Trabalon M. 2016. Physiological costs during the first maternal care in the wolf spider Pardosa saltans (Araneae, Lycosidae). Journal of Insect Physiology 95: 42-50.",,
246049,urn:lsid:nmbe.ch:spidersp:018902,Pardosa saltans,Lycosidae,Pardosa,saltans,,bodm,Body mass,Morphometry,0.187,0.187,Single observation,Unknown,Juvenile,,,,mor,Morphometry,April-June 2014,Sun Jun 01 2014 00:00:00 GMT+0200 (Central European Summer Time),Sun Jun 01 2014 00:00:00 GMT+0200 (Central European Summer Time),,FRAPaimpont-1VesL1ypyA,48.001575,-2.229625,,Paimpont,FRA,France,deciduous forest,,Pétillon et al. published lycosid traits,Free access,Ruhland et al. 2016,"Ruhland F, Pétillon J & Trabalon M. 2016. Physiological costs during the first maternal care in the wolf spider Pardosa saltans (Araneae, Lycosidae). Journal of Insect Physiology 95: 42-50.",,
246050,urn:lsid:nmbe.ch:spidersp:018902,Pardosa saltans,Lycosidae,Pardosa,saltans,,bodm,Body mass,Morphometry,0.221,0.221,Single observation,Unknown,Juvenile,,,,mor,Morphometry,April-June 2014,Sun Jun 01 2014 00:00:00 GMT+0200 (Central European Summer Time),Sun Jun 01 2014 00:00:00 GMT+0200 (Central European Summer Time),,FRAPaimpont-1VesL1ypyA,48.001575,-2.229625,,Paimpont,FRA,France,deciduous forest,,Pétillon et al. published lycosid traits,Free access,Ruhland et al. 2016,"Ruhland F, Pétillon J & Trabalon M. 2016. Physiological costs during the first maternal care in the wolf spider Pardosa saltans (Araneae, Lycosidae). Journal of Insect Physiology 95: 42-50.",,
246051,urn:lsid:nmbe.ch:spidersp:018902,Pardosa saltans,Lycosidae,Pardosa,saltans,,bodm,Body mass,Morphometry,0.134,0.134,Single observation,Unknown,Juvenile,,,,mor,Morphometry,April-June 2014,Sun Jun 01 2014 00:00:00 GMT+0200 (Central European Summer Time),Sun Jun 01 2014 00:00:00 GMT+0200 (Central European Summer Time),,FRAPaimpont-1VesL1ypyA,48.001575,-2.229625,,Paimpont,FRA,France,deciduous forest,,Pétillon et al. published lycosid traits,Free access,Ruhland et al. 2016,"Ruhland F, Pétillon J & Trabalon M. 2016. Physiological costs during the first maternal care in the wolf spider Pardosa saltans (Araneae, Lycosidae). Journal of Insect Physiology 95: 42-50.",,
246052,urn:lsid:nmbe.ch:spidersp:018902,Pardosa saltans,Lycosidae,Pardosa,saltans,,bodm,Body mass,Morphometry,0.18,0.18,Single observation,Unknown,Juvenile,,,,mor,Morphometry,April-June 2014,Sun Jun 01 2014 00:00:00 GMT+0200 (Central European Summer Time),Sun Jun 01 2014 00:00:00 GMT+0200 (Central European Summer Time),,FRAPaimpont-1VesL1ypyA,48.001575,-2.229625,,Paimpont,FRA,France,deciduous forest,,Pétillon et al. published lycosid traits,Free access,Ruhland et al. 2016,"Ruhland F, Pétillon J & Trabalon M. 2016. Physiological costs during the first maternal care in the wolf spider Pardosa saltans (Araneae, Lycosidae). Journal of Insect Physiology 95: 42-50.",,
246053,urn:lsid:nmbe.ch:spidersp:018902,Pardosa saltans,Lycosidae,Pardosa,saltans,,bodm,Body mass,Morphometry,0.225,0.225,Single observation,Unknown,Juvenile,,,,mor,Morphometry,April-June 2014,Sun Jun 01 2014 00:00:00 GMT+0200 (Central European Summer Time),Sun Jun 01 2014 00:00:00 GMT+0200 (Central European Summer Time),,FRAPaimpont-1VesL1ypyA,48.001575,-2.229625,,Paimpont,FRA,France,deciduous forest,,Pétillon et al. published lycosid traits,Free access,Ruhland et al. 2016,"Ruhland F, Pétillon J & Trabalon M. 2016. Physiological costs during the first maternal care in the wolf spider Pardosa saltans (Araneae, Lycosidae). Journal of Insect Physiology 95: 42-50.",,
246054,urn:lsid:nmbe.ch:spidersp:018902,Pardosa saltans,Lycosidae,Pardosa,saltans,,bodm,Body mass,Morphometry,0.166,0.166,Single observation,Unknown,Juvenile,,,,mor,Morphometry,April-June 2014,Sun Jun 01 2014 00:00:00 GMT+0200 (Central European Summer Time),Sun Jun 01 2014 00:00:00 GMT+0200 (Central European Summer Time),,FRAPaimpont-1VesL1ypyA,48.001575,-2.229625,,Paimpont,FRA,France,deciduous forest,,Pétillon et al. published lycosid traits,Free access,Ruhland et al. 2016,"Ruhland F, Pétillon J & Trabalon M. 2016. Physiological costs during the first maternal care in the wolf spider Pardosa saltans (Araneae, Lycosidae). Journal of Insect Physiology 95: 42-50.",,
246055,urn:lsid:nmbe.ch:spidersp:018902,Pardosa saltans,Lycosidae,Pardosa,saltans,,bodm,Body mass,Morphometry,0.152,0.152,Single observation,Unknown,Juvenile,,,,mor,Morphometry,April-June 2014,Sun Jun 01 2014 00:00:00 GMT+0200 (Central European Summer Time),Sun Jun 01 2014 00:00:00 GMT+0200 (Central European Summer Time),,FRAPaimpont-1VesL1ypyA,48.001575,-2.229625,,Paimpont,FRA,France,deciduous forest,,Pétillon et al. published lycosid traits,Free access,Ruhland et al. 2016,"Ruhland F, Pétillon J & Trabalon M. 2016. Physiological costs during the first maternal care in the wolf spider Pardosa saltans (Araneae, Lycosidae). Journal of Insect Physiology 95: 42-50.",,
246056,urn:lsid:nmbe.ch:spidersp:018902,Pardosa saltans,Lycosidae,Pardosa,saltans,,bodm,Body mass,Morphometry,0.156,0.156,Single observation,Unknown,Juvenile,,,,mor,Morphometry,April-June 2014,Sun Jun 01 2014 00:00:00 GMT+0200 (Central European Summer Time),Sun Jun 01 2014 00:00:00 GMT+0200 (Central European Summer Time),,FRAPaimpont-1VesL1ypyA,48.001575,-2.229625,,Paimpont,FRA,France,deciduous forest,,Pétillon et al. published lycosid traits,Free access,Ruhland et al. 2016,"Ruhland F, Pétillon J & Trabalon M. 2016. Physiological costs during the first maternal care in the wolf spider Pardosa saltans (Araneae, Lycosidae). Journal of Insect Physiology 95: 42-50.",,
246057,urn:lsid:nmbe.ch:spidersp:018902,Pardosa saltans,Lycosidae,Pardosa,saltans,,bodm,Body mass,Morphometry,0.276,0.276,Single observation,Unknown,Juvenile,,,,mor,Morphometry,April-June 2014,Sun Jun 01 2014 00:00:00 GMT+0200 (Central European Summer Time),Sun Jun 01 2014 00:00:00 GMT+0200 (Central European Summer Time),,FRAPaimpont-1VesL1ypyA,48.001575,-2.229625,,Paimpont,FRA,France,deciduous forest,,Pétillon et al. published lycosid traits,Free access,Ruhland et al. 2016,"Ruhland F, Pétillon J & Trabalon M. 2016. Physiological costs during the first maternal care in the wolf spider Pardosa saltans (Araneae, Lycosidae). Journal of Insect Physiology 95: 42-50.",,
246058,urn:lsid:nmbe.ch:spidersp:018902,Pardosa saltans,Lycosidae,Pardosa,saltans,,bodm,Body mass,Morphometry,0.206,0.206,Single observation,Unknown,Juvenile,,,,mor,Morphometry,April-June 2014,Sun Jun 01 2014 00:00:00 GMT+0200 (Central European Summer Time),Sun Jun 01 2014 00:00:00 GMT+0200 (Central European Summer Time),,FRAPaimpont-1VesL1ypyA,48.001575,-2.229625,,Paimpont,FRA,France,deciduous forest,,Pétillon et al. published lycosid traits,Free access,Ruhland et al. 2016,"Ruhland F, Pétillon J & Trabalon M. 2016. Physiological costs during the first maternal care in the wolf spider Pardosa saltans (Araneae, Lycosidae). Journal of Insect Physiology 95: 42-50.",,
246059,urn:lsid:nmbe.ch:spidersp:018902,Pardosa saltans,Lycosidae,Pardosa,saltans,,bodm,Body mass,Morphometry,0.202,0.202,Single observation,Unknown,Juvenile,,,,mor,Morphometry,April-June 2014,Sun Jun 01 2014 00:00:00 GMT+0200 (Central European Summer Time),Sun Jun 01 2014 00:00:00 GMT+0200 (Central European Summer Time),,FRAPaimpont-1VesL1ypyA,48.001575,-2.229625,,Paimpont,FRA,France,deciduous forest,,Pétillon et al. published lycosid traits,Free access,Ruhland et al. 2016,"Ruhland F, Pétillon J & Trabalon M. 2016. Physiological costs during the first maternal care in the wolf spider Pardosa saltans (Araneae, Lycosidae). Journal of Insect Physiology 95: 42-50.",,
246060,urn:lsid:nmbe.ch:spidersp:018902,Pardosa saltans,Lycosidae,Pardosa,saltans,,bodm,Body mass,Morphometry,0.137,0.137,Single observation,Unknown,Juvenile,,,,mor,Morphometry,April-June 2014,Sun Jun 01 2014 00:00:00 GMT+0200 (Central European Summer Time),Sun Jun 01 2014 00:00:00 GMT+0200 (Central European Summer Time),,FRAPaimpont-1VesL1ypyA,48.001575,-2.229625,,Paimpont,FRA,France,deciduous forest,,Pétillon et al. published lycosid traits,Free access,Ruhland et al. 2016,"Ruhland F, Pétillon J & Trabalon M. 2016. Physiological costs during the first maternal care in the wolf spider Pardosa saltans (Araneae, Lycosidae). Journal of Insect Physiology 95: 42-50.",,
246061,urn:lsid:nmbe.ch:spidersp:018902,Pardosa saltans,Lycosidae,Pardosa,saltans,,bodm,Body mass,Morphometry,0.132,0.132,Single observation,Unknown,Juvenile,,,,mor,Morphometry,April-June 2014,Sun Jun 01 2014 00:00:00 GMT+0200 (Central European Summer Time),Sun Jun 01 2014 00:00:00 GMT+0200 (Central European Summer Time),,FRAPaimpont-1VesL1ypyA,48.001575,-2.229625,,Paimpont,FRA,France,deciduous forest,,Pétillon et al. published lycosid traits,Free access,Ruhland et al. 2016,"Ruhland F, Pétillon J & Trabalon M. 2016. Physiological costs during the first maternal care in the wolf spider Pardosa saltans (Araneae, Lycosidae). Journal of Insect Physiology 95: 42-50.",,
246062,urn:lsid:nmbe.ch:spidersp:018902,Pardosa saltans,Lycosidae,Pardosa,saltans,,bodm,Body mass,Morphometry,0.105,0.105,Single observation,Unknown,Juvenile,,,,mor,Morphometry,April-June 2014,Sun Jun 01 2014 00:00:00 GMT+0200 (Central European Summer Time),Sun Jun 01 2014 00:00:00 GMT+0200 (Central European Summer Time),,FRAPaimpont-1VesL1ypyA,48.001575,-2.229625,,Paimpont,FRA,France,deciduous forest,,Pétillon et al. published lycosid traits,Free access,Ruhland et al. 2016,"Ruhland F, Pétillon J & Trabalon M. 2016. Physiological costs during the first maternal care in the wolf spider Pardosa saltans (Araneae, Lycosidae). Journal of Insect Physiology 95: 42-50.",,
246063,urn:lsid:nmbe.ch:spidersp:018902,Pardosa saltans,Lycosidae,Pardosa,saltans,,bodm,Body mass,Morphometry,0.179,0.179,Single observation,Unknown,Juvenile,,,,mor,Morphometry,April-June 2014,Sun Jun 01 2014 00:00:00 GMT+0200 (Central European Summer Time),Sun Jun 01 2014 00:00:00 GMT+0200 (Central European Summer Time),,FRAPaimpont-1VesL1ypyA,48.001575,-2.229625,,Paimpont,FRA,France,deciduous forest,,Pétillon et al. published lycosid traits,Free access,Ruhland et al. 2016,"Ruhland F, Pétillon J & Trabalon M. 2016. Physiological costs during the first maternal care in the wolf spider Pardosa saltans (Araneae, Lycosidae). Journal of Insect Physiology 95: 42-50.",,
246064,urn:lsid:nmbe.ch:spidersp:018902,Pardosa saltans,Lycosidae,Pardosa,saltans,,bodm,Body mass,Morphometry,0.16,0.16,Single observation,Unknown,Juvenile,,,,mor,Morphometry,April-June 2014,Sun Jun 01 2014 00:00:00 GMT+0200 (Central European Summer Time),Sun Jun 01 2014 00:00:00 GMT+0200 (Central European Summer Time),,FRAPaimpont-1VesL1ypyA,48.001575,-2.229625,,Paimpont,FRA,France,deciduous forest,,Pétillon et al. published lycosid traits,Free access,Ruhland et al. 2016,"Ruhland F, Pétillon J & Trabalon M. 2016. Physiological costs during the first maternal care in the wolf spider Pardosa saltans (Araneae, Lycosidae). Journal of Insect Physiology 95: 42-50.",,
246065,urn:lsid:nmbe.ch:spidersp:018902,Pardosa saltans,Lycosidae,Pardosa,saltans,,bodm,Body mass,Morphometry,0.089,0.089,Single observation,Unknown,Juvenile,,,,mor,Morphometry,April-June 2014,Sun Jun 01 2014 00:00:00 GMT+0200 (Central European Summer Time),Sun Jun 01 2014 00:00:00 GMT+0200 (Central European Summer Time),,FRAPaimpont-1VesL1ypyA,48.001575,-2.229625,,Paimpont,FRA,France,deciduous forest,,Pétillon et al. published lycosid traits,Free access,Ruhland et al. 2016,"Ruhland F, Pétillon J & Trabalon M. 2016. Physiological costs during the first maternal care in the wolf spider Pardosa saltans (Araneae, Lycosidae). Journal of Insect Physiology 95: 42-50.",,
246066,urn:lsid:nmbe.ch:spidersp:018902,Pardosa saltans,Lycosidae,Pardosa,saltans,,bodm,Body mass,Morphometry,0.168,0.168,Single observation,Unknown,Juvenile,,,,mor,Morphometry,April-June 2014,Sun Jun 01 2014 00:00:00 GMT+0200 (Central European Summer Time),Sun Jun 01 2014 00:00:00 GMT+0200 (Central European Summer Time),,FRAPaimpont-1VesL1ypyA,48.001575,-2.229625,,Paimpont,FRA,France,deciduous forest,,Pétillon et al. published lycosid traits,Free access,Ruhland et al. 2016,"Ruhland F, Pétillon J & Trabalon M. 2016. Physiological costs during the first maternal care in the wolf spider Pardosa saltans (Araneae, Lycosidae). Journal of Insect Physiology 95: 42-50.",,
246067,urn:lsid:nmbe.ch:spidersp:018902,Pardosa saltans,Lycosidae,Pardosa,saltans,,bodm,Body mass,Morphometry,0.157,0.157,Single observation,Unknown,Juvenile,,,,mor,Morphometry,April-June 2014,Sun Jun 01 2014 00:00:00 GMT+0200 (Central European Summer Time),Sun Jun 01 2014 00:00:00 GMT+0200 (Central European Summer Time),,FRAPaimpont-1VesL1ypyA,48.001575,-2.229625,,Paimpont,FRA,France,deciduous forest,,Pétillon et al. published lycosid traits,Free access,Ruhland et al. 2016,"Ruhland F, Pétillon J & Trabalon M. 2016. Physiological costs during the first maternal care in the wolf spider Pardosa saltans (Araneae, Lycosidae). Journal of Insect Physiology 95: 42-50.",,
246068,urn:lsid:nmbe.ch:spidersp:018902,Pardosa saltans,Lycosidae,Pardosa,saltans,,bodm,Body mass,Morphometry,0.07,0.07,Single observation,Unknown,Juvenile,,,,mor,Morphometry,April-June 2014,Sun Jun 01 2014 00:00:00 GMT+0200 (Central European Summer Time),Sun Jun 01 2014 00:00:00 GMT+0200 (Central European Summer Time),,FRAPaimpont-1VesL1ypyA,48.001575,-2.229625,,Paimpont,FRA,France,deciduous forest,,Pétillon et al. published lycosid traits,Free access,Ruhland et al. 2016,"Ruhland F, Pétillon J & Trabalon M. 2016. Physiological costs during the first maternal care in the wolf spider Pardosa saltans (Araneae, Lycosidae). Journal of Insect Physiology 95: 42-50.",,
246069,urn:lsid:nmbe.ch:spidersp:018902,Pardosa saltans,Lycosidae,Pardosa,saltans,,bodm,Body mass,Morphometry,0.238,0.238,Single observation,Unknown,Juvenile,,,,mor,Morphometry,April-June 2014,Sun Jun 01 2014 00:00:00 GMT+0200 (Central European Summer Time),Sun Jun 01 2014 00:00:00 GMT+0200 (Central European Summer Time),,FRAPaimpont-1VesL1ypyA,48.001575,-2.229625,,Paimpont,FRA,France,deciduous forest,,Pétillon et al. published lycosid traits,Free access,Ruhland et al. 2016,"Ruhland F, Pétillon J & Trabalon M. 2016. Physiological costs during the first maternal care in the wolf spider Pardosa saltans (Araneae, Lycosidae). Journal of Insect Physiology 95: 42-50.",,
246070,urn:lsid:nmbe.ch:spidersp:018902,Pardosa saltans,Lycosidae,Pardosa,saltans,,bodm,Body mass,Morphometry,0.236,0.236,Single observation,Unknown,Juvenile,,,,mor,Morphometry,April-June 2014,Sun Jun 01 2014 00:00:00 GMT+0200 (Central European Summer Time),Sun Jun 01 2014 00:00:00 GMT+0200 (Central European Summer Time),,FRAPaimpont-1VesL1ypyA,48.001575,-2.229625,,Paimpont,FRA,France,deciduous forest,,Pétillon et al. published lycosid traits,Free access,Ruhland et al. 2016,"Ruhland F, Pétillon J & Trabalon M. 2016. Physiological costs during the first maternal care in the wolf spider Pardosa saltans (Araneae, Lycosidae). Journal of Insect Physiology 95: 42-50.",,
246071,urn:lsid:nmbe.ch:spidersp:018902,Pardosa saltans,Lycosidae,Pardosa,saltans,,bodm,Body mass,Morphometry,0.202,0.202,Single observation,Unknown,Juvenile,,,,mor,Morphometry,April-June 2014,Sun Jun 01 2014 00:00:00 GMT+0200 (Central European Summer Time),Sun Jun 01 2014 00:00:00 GMT+0200 (Central European Summer Time),,FRAPaimpont-1VesL1ypyA,48.001575,-2.229625,,Paimpont,FRA,France,deciduous forest,,Pétillon et al. published lycosid traits,Free access,Ruhland et al. 2016,"Ruhland F, Pétillon J & Trabalon M. 2016. Physiological costs during the first maternal care in the wolf spider Pardosa saltans (Araneae, Lycosidae). Journal of Insect Physiology 95: 42-50.",,
246072,urn:lsid:nmbe.ch:spidersp:018902,Pardosa saltans,Lycosidae,Pardosa,saltans,,bodm,Body mass,Morphometry,0.196,0.196,Single observation,Unknown,Juvenile,,,,mor,Morphometry,April-June 2014,Sun Jun 01 2014 00:00:00 GMT+0200 (Central European Summer Time),Sun Jun 01 2014 00:00:00 GMT+0200 (Central European Summer Time),,FRAPaimpont-1VesL1ypyA,48.001575,-2.229625,,Paimpont,FRA,France,deciduous forest,,Pétillon et al. published lycosid traits,Free access,Ruhland et al. 2016,"Ruhland F, Pétillon J & Trabalon M. 2016. Physiological costs during the first maternal care in the wolf spider Pardosa saltans (Araneae, Lycosidae). Journal of Insect Physiology 95: 42-50.",,
246073,urn:lsid:nmbe.ch:spidersp:018902,Pardosa saltans,Lycosidae,Pardosa,saltans,,bodm,Body mass,Morphometry,0.099,0.099,Single observation,Unknown,Juvenile,,,,mor,Morphometry,April-June 2014,Sun Jun 01 2014 00:00:00 GMT+0200 (Central European Summer Time),Sun Jun 01 2014 00:00:00 GMT+0200 (Central European Summer Time),,FRAPaimpont-1VesL1ypyA,48.001575,-2.229625,,Paimpont,FRA,France,deciduous forest,,Pétillon et al. published lycosid traits,Free access,Ruhland et al. 2016,"Ruhland F, Pétillon J & Trabalon M. 2016. Physiological costs during the first maternal care in the wolf spider Pardosa saltans (Araneae, Lycosidae). Journal of Insect Physiology 95: 42-50.",,
246074,urn:lsid:nmbe.ch:spidersp:018902,Pardosa saltans,Lycosidae,Pardosa,saltans,,bodm,Body mass,Morphometry,0.241,0.241,Single observation,Unknown,Juvenile,,,,mor,Morphometry,April-June 2014,Sun Jun 01 2014 00:00:00 GMT+0200 (Central European Summer Time),Sun Jun 01 2014 00:00:00 GMT+0200 (Central European Summer Time),,FRAPaimpont-1VesL1ypyA,48.001575,-2.229625,,Paimpont,FRA,France,deciduous forest,,Pétillon et al. published lycosid traits,Free access,Ruhland et al. 2016,"Ruhland F, Pétillon J & Trabalon M. 2016. Physiological costs during the first maternal care in the wolf spider Pardosa saltans (Araneae, Lycosidae). Journal of Insect Physiology 95: 42-50.",,
246075,urn:lsid:nmbe.ch:spidersp:018902,Pardosa saltans,Lycosidae,Pardosa,saltans,,bodm,Body mass,Morphometry,0.142,0.142,Single observation,Unknown,Juvenile,,,,mor,Morphometry,April-June 2014,Sun Jun 01 2014 00:00:00 GMT+0200 (Central European Summer Time),Sun Jun 01 2014 00:00:00 GMT+0200 (Central European Summer Time),,FRAPaimpont-1VesL1ypyA,48.001575,-2.229625,,Paimpont,FRA,France,deciduous forest,,Pétillon et al. published lycosid traits,Free access,Ruhland et al. 2016,"Ruhland F, Pétillon J & Trabalon M. 2016. Physiological costs during the first maternal care in the wolf spider Pardosa saltans (Araneae, Lycosidae). Journal of Insect Physiology 95: 42-50.",,
246076,urn:lsid:nmbe.ch:spidersp:018902,Pardosa saltans,Lycosidae,Pardosa,saltans,,bodm,Body mass,Morphometry,0.172,0.172,Single observation,Unknown,Juvenile,,,,mor,Morphometry,April-June 2014,Sun Jun 01 2014 00:00:00 GMT+0200 (Central European Summer Time),Sun Jun 01 2014 00:00:00 GMT+0200 (Central European Summer Time),,FRAPaimpont-1VesL1ypyA,48.001575,-2.229625,,Paimpont,FRA,France,deciduous forest,,Pétillon et al. published lycosid traits,Free access,Ruhland et al. 2016,"Ruhland F, Pétillon J & Trabalon M. 2016. Physiological costs during the first maternal care in the wolf spider Pardosa saltans (Araneae, Lycosidae). Journal of Insect Physiology 95: 42-50.",,
246077,urn:lsid:nmbe.ch:spidersp:018902,Pardosa saltans,Lycosidae,Pardosa,saltans,,bodm,Body mass,Morphometry,0.077,0.077,Single observation,Unknown,Juvenile,,,,mor,Morphometry,April-June 2014,Sun Jun 01 2014 00:00:00 GMT+0200 (Central European Summer Time),Sun Jun 01 2014 00:00:00 GMT+0200 (Central European Summer Time),,FRAPaimpont-1VesL1ypyA,48.001575,-2.229625,,Paimpont,FRA,France,deciduous forest,,Pétillon et al. published lycosid traits,Free access,Ruhland et al. 2016,"Ruhland F, Pétillon J & Trabalon M. 2016. Physiological costs during the first maternal care in the wolf spider Pardosa saltans (Araneae, Lycosidae). Journal of Insect Physiology 95: 42-50.",,
246078,urn:lsid:nmbe.ch:spidersp:018902,Pardosa saltans,Lycosidae,Pardosa,saltans,,bodm,Body mass,Morphometry,0.145,0.145,Single observation,Unknown,Juvenile,,,,mor,Morphometry,April-June 2014,Sun Jun 01 2014 00:00:00 GMT+0200 (Central European Summer Time),Sun Jun 01 2014 00:00:00 GMT+0200 (Central European Summer Time),,FRAPaimpont-1VesL1ypyA,48.001575,-2.229625,,Paimpont,FRA,France,deciduous forest,,Pétillon et al. published lycosid traits,Free access,Ruhland et al. 2016,"Ruhland F, Pétillon J & Trabalon M. 2016. Physiological costs during the first maternal care in the wolf spider Pardosa saltans (Araneae, Lycosidae). Journal of Insect Physiology 95: 42-50.",,
246079,urn:lsid:nmbe.ch:spidersp:018902,Pardosa saltans,Lycosidae,Pardosa,saltans,,bodm,Body mass,Morphometry,0.041,0.041,Single observation,Unknown,Juvenile,,,,mor,Morphometry,April-June 2014,Sun Jun 01 2014 00:00:00 GMT+0200 (Central European Summer Time),Sun Jun 01 2014 00:00:00 GMT+0200 (Central European Summer Time),,FRAPaimpont-1VesL1ypyA,48.001575,-2.229625,,Paimpont,FRA,France,deciduous forest,,Pétillon et al. published lycosid traits,Free access,Ruhland et al. 2016,"Ruhland F, Pétillon J & Trabalon M. 2016. Physiological costs during the first maternal care in the wolf spider Pardosa saltans (Araneae, Lycosidae). Journal of Insect Physiology 95: 42-50.",,
246080,urn:lsid:nmbe.ch:spidersp:018902,Pardosa saltans,Lycosidae,Pardosa,saltans,,bodm,Body mass,Morphometry,0.006,0.006,Single observation,Unknown,Juvenile,,,,mor,Morphometry,April-June 2014,Sun Jun 01 2014 00:00:00 GMT+0200 (Central European Summer Time),Sun Jun 01 2014 00:00:00 GMT+0200 (Central European Summer Time),,FRAPaimpont-1VesL1ypyA,48.001575,-2.229625,,Paimpont,FRA,France,deciduous forest,,Pétillon et al. published lycosid traits,Free access,Ruhland et al. 2016,"Ruhland F, Pétillon J & Trabalon M. 2016. Physiological costs during the first maternal care in the wolf spider Pardosa saltans (Araneae, Lycosidae). Journal of Insect Physiology 95: 42-50.",,
246081,urn:lsid:nmbe.ch:spidersp:018902,Pardosa saltans,Lycosidae,Pardosa,saltans,,bodm,Body mass,Morphometry,0.189,0.189,Single observation,Unknown,Juvenile,,,,mor,Morphometry,April-June 2014,Sun Jun 01 2014 00:00:00 GMT+0200 (Central European Summer Time),Sun Jun 01 2014 00:00:00 GMT+0200 (Central European Summer Time),,FRAPaimpont-1VesL1ypyA,48.001575,-2.229625,,Paimpont,FRA,France,deciduous forest,,Pétillon et al. published lycosid traits,Free access,Ruhland et al. 2016,"Ruhland F, Pétillon J & Trabalon M. 2016. Physiological costs during the first maternal care in the wolf spider Pardosa saltans (Araneae, Lycosidae). Journal of Insect Physiology 95: 42-50.",,
246082,urn:lsid:nmbe.ch:spidersp:018902,Pardosa saltans,Lycosidae,Pardosa,saltans,,bodm,Body mass,Morphometry,0.121,0.121,Single observation,Unknown,Juvenile,,,,mor,Morphometry,April-June 2014,Sun Jun 01 2014 00:00:00 GMT+0200 (Central European Summer Time),Sun Jun 01 2014 00:00:00 GMT+0200 (Central European Summer Time),,FRAPaimpont-1VesL1ypyA,48.001575,-2.229625,,Paimpont,FRA,France,deciduous forest,,Pétillon et al. published lycosid traits,Free access,Ruhland et al. 2016,"Ruhland F, Pétillon J & Trabalon M. 2016. Physiological costs during the first maternal care in the wolf spider Pardosa saltans (Araneae, Lycosidae). Journal of Insect Physiology 95: 42-50.",,
246083,urn:lsid:nmbe.ch:spidersp:018902,Pardosa saltans,Lycosidae,Pardosa,saltans,,bodm,Body mass,Morphometry,0.172,0.172,Single observation,Unknown,Juvenile,,,,mor,Morphometry,April-June 2014,Sun Jun 01 2014 00:00:00 GMT+0200 (Central European Summer Time),Sun Jun 01 2014 00:00:00 GMT+0200 (Central European Summer Time),,FRAPaimpont-1VesL1ypyA,48.001575,-2.229625,,Paimpont,FRA,France,deciduous forest,,Pétillon et al. published lycosid traits,Free access,Ruhland et al. 2016,"Ruhland F, Pétillon J & Trabalon M. 2016. Physiological costs during the first maternal care in the wolf spider Pardosa saltans (Araneae, Lycosidae). Journal of Insect Physiology 95: 42-50.",,
246084,urn:lsid:nmbe.ch:spidersp:018902,Pardosa saltans,Lycosidae,Pardosa,saltans,,bodm,Body mass,Morphometry,0.112,0.112,Single observation,Unknown,Juvenile,,,,mor,Morphometry,April-June 2014,Sun Jun 01 2014 00:00:00 GMT+0200 (Central European Summer Time),Sun Jun 01 2014 00:00:00 GMT+0200 (Central European Summer Time),,FRAPaimpont-1VesL1ypyA,48.001575,-2.229625,,Paimpont,FRA,France,deciduous forest,,Pétillon et al. published lycosid traits,Free access,Ruhland et al. 2016,"Ruhland F, Pétillon J & Trabalon M. 2016. Physiological costs during the first maternal care in the wolf spider Pardosa saltans (Araneae, Lycosidae). Journal of Insect Physiology 95: 42-50.",,
246085,urn:lsid:nmbe.ch:spidersp:018902,Pardosa saltans,Lycosidae,Pardosa,saltans,,bodm,Body mass,Morphometry,0.12,0.12,Single observation,Unknown,Juvenile,,,,mor,Morphometry,April-June 2014,Sun Jun 01 2014 00:00:00 GMT+0200 (Central European Summer Time),Sun Jun 01 2014 00:00:00 GMT+0200 (Central European Summer Time),,FRAPaimpont-1VesL1ypyA,48.001575,-2.229625,,Paimpont,FRA,France,deciduous forest,,Pétillon et al. published lycosid traits,Free access,Ruhland et al. 2016,"Ruhland F, Pétillon J & Trabalon M. 2016. Physiological costs during the first maternal care in the wolf spider Pardosa saltans (Araneae, Lycosidae). Journal of Insect Physiology 95: 42-50.",,
246086,urn:lsid:nmbe.ch:spidersp:018902,Pardosa saltans,Lycosidae,Pardosa,saltans,,bodm,Body mass,Morphometry,0.184,0.184,Single observation,Unknown,Juvenile,,,,mor,Morphometry,April-June 2014,Sun Jun 01 2014 00:00:00 GMT+0200 (Central European Summer Time),Sun Jun 01 2014 00:00:00 GMT+0200 (Central European Summer Time),,FRAPaimpont-1VesL1ypyA,48.001575,-2.229625,,Paimpont,FRA,France,deciduous forest,,Pétillon et al. published lycosid traits,Free access,Ruhland et al. 2016,"Ruhland F, Pétillon J & Trabalon M. 2016. Physiological costs during the first maternal care in the wolf spider Pardosa saltans (Araneae, Lycosidae). Journal of Insect Physiology 95: 42-50.",,
246087,urn:lsid:nmbe.ch:spidersp:018902,Pardosa saltans,Lycosidae,Pardosa,saltans,,bodm,Body mass,Morphometry,0.168,0.168,Single observation,Unknown,Juvenile,,,,mor,Morphometry,April-June 2014,Sun Jun 01 2014 00:00:00 GMT+0200 (Central European Summer Time),Sun Jun 01 2014 00:00:00 GMT+0200 (Central European Summer Time),,FRAPaimpont-1VesL1ypyA,48.001575,-2.229625,,Paimpont,FRA,France,deciduous forest,,Pétillon et al. published lycosid traits,Free access,Ruhland et al. 2016,"Ruhland F, Pétillon J & Trabalon M. 2016. Physiological costs during the first maternal care in the wolf spider Pardosa saltans (Araneae, Lycosidae). Journal of Insect Physiology 95: 42-50.",,
246088,urn:lsid:nmbe.ch:spidersp:018902,Pardosa saltans,Lycosidae,Pardosa,saltans,,bodm,Body mass,Morphometry,0.163,0.163,Single observation,Unknown,Juvenile,,,,mor,Morphometry,April-June 2014,Sun Jun 01 2014 00:00:00 GMT+0200 (Central European Summer Time),Sun Jun 01 2014 00:00:00 GMT+0200 (Central European Summer Time),,FRAPaimpont-1VesL1ypyA,48.001575,-2.229625,,Paimpont,FRA,France,deciduous forest,,Pétillon et al. published lycosid traits,Free access,Ruhland et al. 2016,"Ruhland F, Pétillon J & Trabalon M. 2016. Physiological costs during the first maternal care in the wolf spider Pardosa saltans (Araneae, Lycosidae). Journal of Insect Physiology 95: 42-50.",,
246089,urn:lsid:nmbe.ch:spidersp:018902,Pardosa saltans,Lycosidae,Pardosa,saltans,,bodm,Body mass,Morphometry,0.103,0.103,Single observation,Unknown,Juvenile,,,,mor,Morphometry,April-June 2014,Sun Jun 01 2014 00:00:00 GMT+0200 (Central European Summer Time),Sun Jun 01 2014 00:00:00 GMT+0200 (Central European Summer Time),,FRAPaimpont-1VesL1ypyA,48.001575,-2.229625,,Paimpont,FRA,France,deciduous forest,,Pétillon et al. published lycosid traits,Free access,Ruhland et al. 2016,"Ruhland F, Pétillon J & Trabalon M. 2016. Physiological costs during the first maternal care in the wolf spider Pardosa saltans (Araneae, Lycosidae). Journal of Insect Physiology 95: 42-50.",,
267840,urn:lsid:nmbe.ch:spidersp:021197,Eratigena atrica,Agelenidae,Eratigena,atrica,,bodm,Body mass,Morphometry,0.213,0.213,Mean,Female,Adult,,2,,wei,Weighing,2018,Mon Jan 01 2018 00:00:00 GMT+0100 (Central European Standard Time),Mon Dec 31 2018 23:59:59 GMT+0100 (Central European Standard Time),,,,,,Schleswig-Holstein,DEU,Germany,,,Adhesive foot pads and prey capture behaviour,Free access,Wolff et al. 2019,"Wolff JO, Paterno GB, Liprandi D, Ramírez MJ, Bosia F, van der Meijden A, Michalik P, Smith HM, Jones BR, Ravelo AM, Pugno N & Herberstein M. 2019. Evolution of aerial spider webs coincided with repeated structural optimization of silk anchorages. Evolution 73(10): 2122–2134.",,
267841,urn:lsid:nmbe.ch:spidergen:01891,Toxopsoides sp.,Toxopidae,Toxopsoides,,,bodm,Body mass,Morphometry,0.012,0.012,Mean,Male,Adult,,3,,wei,Weighing,2018,Mon Jan 01 2018 00:00:00 GMT+0100 (Central European Standard Time),Mon Dec 31 2018 23:59:59 GMT+0100 (Central European Standard Time),,,,,,Tasmania,AUS,Australia,,,Adhesive foot pads and prey capture behaviour,Free access,Wolff et al. 2019,"Wolff JO, Paterno GB, Liprandi D, Ramírez MJ, Bosia F, van der Meijden A, Michalik P, Smith HM, Jones BR, Ravelo AM, Pugno N & Herberstein M. 2019. Evolution of aerial spider webs coincided with repeated structural optimization of silk anchorages. Evolution 73(10): 2122–2134.",,
267842,urn:lsid:nmbe.ch:spidersp:046081,Toxopsoides macleayi,Toxopidae,Toxopsoides,macleayi,,bodm,Body mass,Morphometry,0.028,0.028,Single observation,Male,Adult,,1,,wei,Weighing,2018,Mon Jan 01 2018 00:00:00 GMT+0100 (Central European Standard Time),Mon Dec 31 2018 23:59:59 GMT+0100 (Central European Standard Time),,,,,,New South Wales,AUS,Australia,,,Adhesive foot pads and prey capture behaviour,Free access,Wolff et al. 2019,"Wolff JO, Paterno GB, Liprandi D, Ramírez MJ, Bosia F, van der Meijden A, Michalik P, Smith HM, Jones BR, Ravelo AM, Pugno N & Herberstein M. 2019. Evolution of aerial spider webs coincided with repeated structural optimization of silk anchorages. Evolution 73(10): 2122–2134.",,
267843,urn:lsid:nmbe.ch:spidersp:021463,Badumna insignis,Desidae,Badumna,insignis,,bodm,Body mass,Morphometry,0.23,0.23,Mean,Female,Adult,,3,,wei,Weighing,2018,Mon Jan 01 2018 00:00:00 GMT+0100 (Central European Standard Time),Mon Dec 31 2018 23:59:59 GMT+0100 (Central European Standard Time),,,,,,New South Wales,AUS,Australia,,,Adhesive foot pads and prey capture behaviour,Free access,Wolff et al. 2019,"Wolff JO, Paterno GB, Liprandi D, Ramírez MJ, Bosia F, van der Meijden A, Michalik P, Smith HM, Jones BR, Ravelo AM, Pugno N & Herberstein M. 2019. Evolution of aerial spider webs coincided with repeated structural optimization of silk anchorages. Evolution 73(10): 2122–2134.",,
267844,urn:lsid:nmbe.ch:spidergen:01883,Paramatachia sp.,Desidae,Paramatachia,,,bodm,Body mass,Morphometry,0.01,0.01,Single observation,Female,Adult,,1,,wei,Weighing,2018,Mon Jan 01 2018 00:00:00 GMT+0100 (Central European Standard Time),Mon Dec 31 2018 23:59:59 GMT+0100 (Central European Standard Time),,,,,,New South Wales,AUS,Australia,,,Adhesive foot pads and prey capture behaviour,Free access,Wolff et al. 2019,"Wolff JO, Paterno GB, Liprandi D, Ramírez MJ, Bosia F, van der Meijden A, Michalik P, Smith HM, Jones BR, Ravelo AM, Pugno N & Herberstein M. 2019. Evolution of aerial spider webs coincided with repeated structural optimization of silk anchorages. Evolution 73(10): 2122–2134.",,
267845,urn:lsid:nmbe.ch:spidergen:01883,Paramatachia sp.,Desidae,Paramatachia,,,bodm,Body mass,Morphometry,0.031,0.031,Single observation,Female,Adult,,1,,wei,Weighing,2018,Mon Jan 01 2018 00:00:00 GMT+0100 (Central European Standard Time),Mon Dec 31 2018 23:59:59 GMT+0100 (Central European Standard Time),,,,,,New South Wales,AUS,Australia,,,Adhesive foot pads and prey capture behaviour,Free access,Wolff et al. 2019,"Wolff JO, Paterno GB, Liprandi D, Ramírez MJ, Bosia F, van der Meijden A, Michalik P, Smith HM, Jones BR, Ravelo AM, Pugno N & Herberstein M. 2019. Evolution of aerial spider webs coincided with repeated structural optimization of silk anchorages. Evolution 73(10): 2122–2134.",,
267846,urn:lsid:nmbe.ch:spidersp:038700,Barahna booloumba,Desidae,Barahna,booloumba,,bodm,Body mass,Morphometry,0.005,0.005,Single observation,Female,Adult,,1,,wei,Weighing,2018,Mon Jan 01 2018 00:00:00 GMT+0100 (Central European Standard Time),Mon Dec 31 2018 23:59:59 GMT+0100 (Central European Standard Time),,,,,,Queensland,AUS,Australia,,,Adhesive foot pads and prey capture behaviour,Free access,Wolff et al. 2019,"Wolff JO, Paterno GB, Liprandi D, Ramírez MJ, Bosia F, van der Meijden A, Michalik P, Smith HM, Jones BR, Ravelo AM, Pugno N & Herberstein M. 2019. Evolution of aerial spider webs coincided with repeated structural optimization of silk anchorages. Evolution 73(10): 2122–2134.",,
267847,urn:lsid:nmbe.ch:spidergen:01761,Stiphidion sp.,Stiphidiidae,Stiphidion,,,bodm,Body mass,Morphometry,0.015,0.015,Single observation,Female,Adult,,1,,wei,Weighing,2018,Mon Jan 01 2018 00:00:00 GMT+0100 (Central European Standard Time),Mon Dec 31 2018 23:59:59 GMT+0100 (Central European Standard Time),,,,,,Tasmania,AUS,Australia,,,Adhesive foot pads and prey capture behaviour,Free access,Wolff et al. 2019,"Wolff JO, Paterno GB, Liprandi D, Ramírez MJ, Bosia F, van der Meijden A, Michalik P, Smith HM, Jones BR, Ravelo AM, Pugno N & Herberstein M. 2019. Evolution of aerial spider webs coincided with repeated structural optimization of silk anchorages. Evolution 73(10): 2122–2134.",,
267848,urn:lsid:nmbe.ch:spidersp:020325,Stiphidion facetum,Stiphidiidae,Stiphidion,facetum,,bodm,Body mass,Morphometry,0.019,0.019,Single observation,Female,Adult,,1,,wei,Weighing,2018,Mon Jan 01 2018 00:00:00 GMT+0100 (Central European Standard Time),Mon Dec 31 2018 23:59:59 GMT+0100 (Central European Standard Time),,,,,,New South Wales,AUS,Australia,,,Adhesive foot pads and prey capture behaviour,Free access,Wolff et al. 2019,"Wolff JO, Paterno GB, Liprandi D, Ramírez MJ, Bosia F, van der Meijden A, Michalik P, Smith HM, Jones BR, Ravelo AM, Pugno N & Herberstein M. 2019. Evolution of aerial spider webs coincided with repeated structural optimization of silk anchorages. Evolution 73(10): 2122–2134.",,
267849,urn:lsid:nmbe.ch:spidergen:01889,Taurongia sp.,Desidae,Taurongia,,,bodm,Body mass,Morphometry,0.558,0.558,Single observation,Female,Adult,,1,,wei,Weighing,2018,Mon Jan 01 2018 00:00:00 GMT+0100 (Central European Standard Time),Mon Dec 31 2018 23:59:59 GMT+0100 (Central European Standard Time),,,,,,Tasmania,AUS,Australia,,,Adhesive foot pads and prey capture behaviour,Free access,Wolff et al. 2019,"Wolff JO, Paterno GB, Liprandi D, Ramírez MJ, Bosia F, van der Meijden A, Michalik P, Smith HM, Jones BR, Ravelo AM, Pugno N & Herberstein M. 2019. Evolution of aerial spider webs coincided with repeated structural optimization of silk anchorages. Evolution 73(10): 2122–2134.",,
267850,urn:lsid:nmbe.ch:spidersp:039190,Therlinya vexillum,Stiphidiidae,Therlinya,vexillum,,bodm,Body mass,Morphometry,0.045,0.045,Mean,Female,Adult,,3,,wei,Weighing,2018,Mon Jan 01 2018 00:00:00 GMT+0100 (Central European Standard Time),Mon Dec 31 2018 23:59:59 GMT+0100 (Central European Standard Time),,,,,,Queensland,AUS,Australia,,,Adhesive foot pads and prey capture behaviour,Free access,Wolff et al. 2019,"Wolff JO, Paterno GB, Liprandi D, Ramírez MJ, Bosia F, van der Meijden A, Michalik P, Smith HM, Jones BR, Ravelo AM, Pugno N & Herberstein M. 2019. Evolution of aerial spider webs coincided with repeated structural optimization of silk anchorages. Evolution 73(10): 2122–2134.",,
267851,urn:lsid:nmbe.ch:spidersp:029043,Isopeda villosa,Sparassidae,Isopeda,villosa,,bodm,Body mass,Morphometry,1.72,1.72,Mean,Female,Adult,,2,,wei,Weighing,2018,Mon Jan 01 2018 00:00:00 GMT+0100 (Central European Standard Time),Mon Dec 31 2018 23:59:59 GMT+0100 (Central European Standard Time),,,,,,New South Wales,AUS,Australia,,,Adhesive foot pads and prey capture behaviour,Free access,Wolff et al. 2019,"Wolff JO, Paterno GB, Liprandi D, Ramírez MJ, Bosia F, van der Meijden A, Michalik P, Smith HM, Jones BR, Ravelo AM, Pugno N & Herberstein M. 2019. Evolution of aerial spider webs coincided with repeated structural optimization of silk anchorages. Evolution 73(10): 2122–2134.",,
267852,urn:lsid:nmbe.ch:spidersp:023636,Amaurobioides litoralis,Anyphaenidae,Amaurobioides,litoralis,,bodm,Body mass,Morphometry,0.08,0.08,Mean,Female,Adult,,2,,wei,Weighing,2018,Mon Jan 01 2018 00:00:00 GMT+0100 (Central European Standard Time),Mon Dec 31 2018 23:59:59 GMT+0100 (Central European Standard Time),,,,,,Tasmania,AUS,Australia,,,Adhesive foot pads and prey capture behaviour,Free access,Wolff et al. 2019,"Wolff JO, Paterno GB, Liprandi D, Ramírez MJ, Bosia F, van der Meijden A, Michalik P, Smith HM, Jones BR, Ravelo AM, Pugno N & Herberstein M. 2019. Evolution of aerial spider webs coincided with repeated structural optimization of silk anchorages. Evolution 73(10): 2122–2134.",,
267853,urn:lsid:nmbe.ch:spidergen:02215,Clubiona sp.,Clubionidae,Clubiona,,,bodm,Body mass,Morphometry,0.045,0.045,Single observation,Male,Adult,,1,,wei,Weighing,2018,Mon Jan 01 2018 00:00:00 GMT+0100 (Central European Standard Time),Mon Dec 31 2018 23:59:59 GMT+0100 (Central European Standard Time),,,,,,New South Wales,AUS,Australia,,,Adhesive foot pads and prey capture behaviour,Free access,Wolff et al. 2019,"Wolff JO, Paterno GB, Liprandi D, Ramírez MJ, Bosia F, van der Meijden A, Michalik P, Smith HM, Jones BR, Ravelo AM, Pugno N & Herberstein M. 2019. Evolution of aerial spider webs coincided with repeated structural optimization of silk anchorages. Evolution 73(10): 2122–2134.",,
267854,urn:lsid:nmbe.ch:spidergen:02215,Clubiona sp.,Clubionidae,Clubiona,,,bodm,Body mass,Morphometry,0.009,0.009,Single observation,Female,Adult,,1,,wei,Weighing,2018,Mon Jan 01 2018 00:00:00 GMT+0100 (Central European Standard Time),Mon Dec 31 2018 23:59:59 GMT+0100 (Central European Standard Time),,,,,,New South Wales,AUS,Australia,,,Adhesive foot pads and prey capture behaviour,Free access,Wolff et al. 2019,"Wolff JO, Paterno GB, Liprandi D, Ramírez MJ, Bosia F, van der Meijden A, Michalik P, Smith HM, Jones BR, Ravelo AM, Pugno N & Herberstein M. 2019. Evolution of aerial spider webs coincided with repeated structural optimization of silk anchorages. Evolution 73(10): 2122–2134.",,
267855,urn:lsid:nmbe.ch:spidergen:02215,Clubiona sp.,Clubionidae,Clubiona,,,bodm,Body mass,Morphometry,0.022,0.022,Single observation,Female,Adult,,1,,wei,Weighing,2018,Mon Jan 01 2018 00:00:00 GMT+0100 (Central European Standard Time),Mon Dec 31 2018 23:59:59 GMT+0100 (Central European Standard Time),,,,,,New South Wales,AUS,Australia,,,Adhesive foot pads and prey capture behaviour,Free access,Wolff et al. 2019,"Wolff JO, Paterno GB, Liprandi D, Ramírez MJ, Bosia F, van der Meijden A, Michalik P, Smith HM, Jones BR, Ravelo AM, Pugno N & Herberstein M. 2019. Evolution of aerial spider webs coincided with repeated structural optimization of silk anchorages. Evolution 73(10): 2122–2134.",,
267856,urn:lsid:nmbe.ch:spidersp:046320,Leichhardteus albofasciatus,Corinnidae,Leichhardteus,albofasciatus,,bodm,Body mass,Morphometry,0.049,0.049,Single observation,Female,Adult,,1,,wei,Weighing,2018,Mon Jan 01 2018 00:00:00 GMT+0100 (Central European Standard Time),Mon Dec 31 2018 23:59:59 GMT+0100 (Central European Standard Time),,,,,,Queensland,AUS,Australia,,,Adhesive foot pads and prey capture behaviour,Free access,Wolff et al. 2019,"Wolff JO, Paterno GB, Liprandi D, Ramírez MJ, Bosia F, van der Meijden A, Michalik P, Smith HM, Jones BR, Ravelo AM, Pugno N & Herberstein M. 2019. Evolution of aerial spider webs coincided with repeated structural optimization of silk anchorages. Evolution 73(10): 2122–2134.",,
267857,urn:lsid:nmbe.ch:spidersp:025472,Nyssus albomaculatus,Corinnidae,Nyssus,albopunctatus,,bodm,Body mass,Morphometry,0.042,0.042,Single observation,Male,Adult,,1,,wei,Weighing,2018,Mon Jan 01 2018 00:00:00 GMT+0100 (Central European Standard Time),Mon Dec 31 2018 23:59:59 GMT+0100 (Central European Standard Time),,,,,,New South Wales,AUS,Australia,,,Adhesive foot pads and prey capture behaviour,Free access,Wolff et al. 2019,"Wolff JO, Paterno GB, Liprandi D, Ramírez MJ, Bosia F, van der Meijden A, Michalik P, Smith HM, Jones BR, Ravelo AM, Pugno N & Herberstein M. 2019. Evolution of aerial spider webs coincided with repeated structural optimization of silk anchorages. Evolution 73(10): 2122–2134.",,
267858,urn:lsid:nmbe.ch:spidersp:025473,Nyssus cf. coloripes,Corinnidae,Nyssus,coloripes,,bodm,Body mass,Morphometry,0.024,0.024,Single observation,Female,Adult,,1,,wei,Weighing,2018,Mon Jan 01 2018 00:00:00 GMT+0100 (Central European Standard Time),Mon Dec 31 2018 23:59:59 GMT+0100 (Central European Standard Time),,,,,,New South Wales,AUS,Australia,,,Adhesive foot pads and prey capture behaviour,Free access,Wolff et al. 2019,"Wolff JO, Paterno GB, Liprandi D, Ramírez MJ, Bosia F, van der Meijden A, Michalik P, Smith HM, Jones BR, Ravelo AM, Pugno N & Herberstein M. 2019. Evolution of aerial spider webs coincided with repeated structural optimization of silk anchorages. Evolution 73(10): 2122–2134.",,
267859,urn:lsid:nmbe.ch:spidersp:025473,Nyssus cf. coloripes,Corinnidae,Nyssus,coloripes,,bodm,Body mass,Morphometry,0.024,0.024,Mean,Male,Adult,,2,,wei,Weighing,2018,Mon Jan 01 2018 00:00:00 GMT+0100 (Central European Standard Time),Mon Dec 31 2018 23:59:59 GMT+0100 (Central European Standard Time),,,,,,New South Wales,AUS,Australia,,,Adhesive foot pads and prey capture behaviour,Free access,Wolff et al. 2019,"Wolff JO, Paterno GB, Liprandi D, Ramírez MJ, Bosia F, van der Meijden A, Michalik P, Smith HM, Jones BR, Ravelo AM, Pugno N & Herberstein M. 2019. Evolution of aerial spider webs coincided with repeated structural optimization of silk anchorages. Evolution 73(10): 2122–2134.",,
267860,urn:lsid:nmbe.ch:spidergen:02502,Argoctenus sp.,Miturgidae,Argoctenus,,,bodm,Body mass,Morphometry,0.046,0.046,Single observation,Male,Adult,,1,,wei,Weighing,2018,Mon Jan 01 2018 00:00:00 GMT+0100 (Central European Standard Time),Mon Dec 31 2018 23:59:59 GMT+0100 (Central European Standard Time),,,,,,New South Wales,AUS,Australia,,,Adhesive foot pads and prey capture behaviour,Free access,Wolff et al. 2019,"Wolff JO, Paterno GB, Liprandi D, Ramírez MJ, Bosia F, van der Meijden A, Michalik P, Smith HM, Jones BR, Ravelo AM, Pugno N & Herberstein M. 2019. Evolution of aerial spider webs coincided with repeated structural optimization of silk anchorages. Evolution 73(10): 2122–2134.",,
267861,urn:lsid:nmbe.ch:spidersp:023619,Mituliodon tarantulinus,Miturgidae,Mituliodon,tarantulinus,,bodm,Body mass,Morphometry,0.124,0.124,Single observation,Female,Adult,,1,,wei,Weighing,2018,Mon Jan 01 2018 00:00:00 GMT+0100 (Central European Standard Time),Mon Dec 31 2018 23:59:59 GMT+0100 (Central European Standard Time),,,,,,New South Wales,AUS,Australia,,,Adhesive foot pads and prey capture behaviour,Free access,Wolff et al. 2019,"Wolff JO, Paterno GB, Liprandi D, Ramírez MJ, Bosia F, van der Meijden A, Michalik P, Smith HM, Jones BR, Ravelo AM, Pugno N & Herberstein M. 2019. Evolution of aerial spider webs coincided with repeated structural optimization of silk anchorages. Evolution 73(10): 2122–2134.",,
267862,urn:lsid:nmbe.ch:spidersp:023619,Mituliodon tarantulinus,Miturgidae,Mituliodon,tarantulinus,,bodm,Body mass,Morphometry,0.19,0.19,Single observation,Male,Adult,,1,,wei,Weighing,2018,Mon Jan 01 2018 00:00:00 GMT+0100 (Central European Standard Time),Mon Dec 31 2018 23:59:59 GMT+0100 (Central European Standard Time),,,,,,New South Wales,AUS,Australia,,,Adhesive foot pads and prey capture behaviour,Free access,Wolff et al. 2019,"Wolff JO, Paterno GB, Liprandi D, Ramírez MJ, Bosia F, van der Meijden A, Michalik P, Smith HM, Jones BR, Ravelo AM, Pugno N & Herberstein M. 2019. Evolution of aerial spider webs coincided with repeated structural optimization of silk anchorages. Evolution 73(10): 2122–2134.",,
267863,urn:lsid:nmbe.ch:spidergen:02102,Miturga sp.,Miturgidae,Miturga,,,bodm,Body mass,Morphometry,0.643,0.643,Single observation,Female,Adult,,1,,wei,Weighing,2018,Mon Jan 01 2018 00:00:00 GMT+0100 (Central European Standard Time),Mon Dec 31 2018 23:59:59 GMT+0100 (Central European Standard Time),,,,,,New South Wales,AUS,Australia,,,Adhesive foot pads and prey capture behaviour,Free access,Wolff et al. 2019,"Wolff JO, Paterno GB, Liprandi D, Ramírez MJ, Bosia F, van der Meijden A, Michalik P, Smith HM, Jones BR, Ravelo AM, Pugno N & Herberstein M. 2019. Evolution of aerial spider webs coincided with repeated structural optimization of silk anchorages. Evolution 73(10): 2122–2134.",,
267864,urn:lsid:nmbe.ch:spidergen:02504,Hestimodema sp.,Miturgidae,Hestimodema,,,bodm,Body mass,Morphometry,0.073,0.073,Single observation,Male,Adult,,1,,wei,Weighing,2018,Mon Jan 01 2018 00:00:00 GMT+0100 (Central European Standard Time),Mon Dec 31 2018 23:59:59 GMT+0100 (Central European Standard Time),,,,,,New South Wales,AUS,Australia,,,Adhesive foot pads and prey capture behaviour,Free access,Wolff et al. 2019,"Wolff JO, Paterno GB, Liprandi D, Ramírez MJ, Bosia F, van der Meijden A, Michalik P, Smith HM, Jones BR, Ravelo AM, Pugno N & Herberstein M. 2019. Evolution of aerial spider webs coincided with repeated structural optimization of silk anchorages. Evolution 73(10): 2122–2134.",,
267865,urn:lsid:nmbe.ch:spidergen:03884,Nuliodon sp.,Miturgidae,Nuliodon,,,bodm,Body mass,Morphometry,0.053,0.053,Mean,Female,Adult,,2,,wei,Weighing,2018,Mon Jan 01 2018 00:00:00 GMT+0100 (Central European Standard Time),Mon Dec 31 2018 23:59:59 GMT+0100 (Central European Standard Time),,,,,,New South Wales,AUS,Australia,,,Adhesive foot pads and prey capture behaviour,Free access,Wolff et al. 2019,"Wolff JO, Paterno GB, Liprandi D, Ramírez MJ, Bosia F, van der Meijden A, Michalik P, Smith HM, Jones BR, Ravelo AM, Pugno N & Herberstein M. 2019. Evolution of aerial spider webs coincided with repeated structural optimization of silk anchorages. Evolution 73(10): 2122–2134.",,
267866,urn:lsid:nmbe.ch:spidersp:030121,Tibellus tenellus,Philodromidae,Tibellus,tenellus,,bodm,Body mass,Morphometry,0.015,0.015,Single observation,Female,Adult,,1,,wei,Weighing,2018,Mon Jan 01 2018 00:00:00 GMT+0100 (Central European Standard Time),Mon Dec 31 2018 23:59:59 GMT+0100 (Central European Standard Time),,,,,,New South Wales,AUS,Australia,,,Adhesive foot pads and prey capture behaviour,Free access,Wolff et al. 2019,"Wolff JO, Paterno GB, Liprandi D, Ramírez MJ, Bosia F, van der Meijden A, Michalik P, Smith HM, Jones BR, Ravelo AM, Pugno N & Herberstein M. 2019. Evolution of aerial spider webs coincided with repeated structural optimization of silk anchorages. Evolution 73(10): 2122–2134.",,
267867,urn:lsid:nmbe.ch:spidergen:03106,Opisthoncus sp.,Salticidae,Opisthoncus,,,bodm,Body mass,Morphometry,0.06,0.06,Single observation,Male,Adult,,1,,wei,Weighing,2018,Mon Jan 01 2018 00:00:00 GMT+0100 (Central European Standard Time),Mon Dec 31 2018 23:59:59 GMT+0100 (Central European Standard Time),,,,,,New South Wales,AUS,Australia,,,Adhesive foot pads and prey capture behaviour,Free access,Wolff et al. 2019,"Wolff JO, Paterno GB, Liprandi D, Ramírez MJ, Bosia F, van der Meijden A, Michalik P, Smith HM, Jones BR, Ravelo AM, Pugno N & Herberstein M. 2019. Evolution of aerial spider webs coincided with repeated structural optimization of silk anchorages. Evolution 73(10): 2122–2134.",,
267868,urn:lsid:nmbe.ch:spidergen:03106,Opisthoncus sp.,Salticidae,Opisthoncus,,,bodm,Body mass,Morphometry,0.103,0.103,Single observation,Female,Adult,,1,,wei,Weighing,2018,Mon Jan 01 2018 00:00:00 GMT+0100 (Central European Standard Time),Mon Dec 31 2018 23:59:59 GMT+0100 (Central European Standard Time),,,,,,New South Wales,AUS,Australia,,,Adhesive foot pads and prey capture behaviour,Free access,Wolff et al. 2019,"Wolff JO, Paterno GB, Liprandi D, Ramírez MJ, Bosia F, van der Meijden A, Michalik P, Smith HM, Jones BR, Ravelo AM, Pugno N & Herberstein M. 2019. Evolution of aerial spider webs coincided with repeated structural optimization of silk anchorages. Evolution 73(10): 2122–2134.",,
267869,urn:lsid:nmbe.ch:spidersp:040931,Sandalodes superbus,Salticidae,Sandalodes,superbus,,bodm,Body mass,Morphometry,0.131,0.131,Mean,Female,Adult,,2,,wei,Weighing,2018,Mon Jan 01 2018 00:00:00 GMT+0100 (Central European Standard Time),Mon Dec 31 2018 23:59:59 GMT+0100 (Central European Standard Time),,,,,,New South Wales,AUS,Australia,,,Adhesive foot pads and prey capture behaviour,Free access,Wolff et al. 2019,"Wolff JO, Paterno GB, Liprandi D, Ramírez MJ, Bosia F, van der Meijden A, Michalik P, Smith HM, Jones BR, Ravelo AM, Pugno N & Herberstein M. 2019. Evolution of aerial spider webs coincided with repeated structural optimization of silk anchorages. Evolution 73(10): 2122–2134.",,
267870,urn:lsid:nmbe.ch:spidersp:036129,Servaea incana,Salticidae,Servaea,incana,,bodm,Body mass,Morphometry,0.035,0.035,Mean,Female,Adult,,2,,wei,Weighing,2018,Mon Jan 01 2018 00:00:00 GMT+0100 (Central European Standard Time),Mon Dec 31 2018 23:59:59 GMT+0100 (Central European Standard Time),,,,,,New South Wales,AUS,Australia,,,Adhesive foot pads and prey capture behaviour,Free access,Wolff et al. 2019,"Wolff JO, Paterno GB, Liprandi D, Ramírez MJ, Bosia F, van der Meijden A, Michalik P, Smith HM, Jones BR, Ravelo AM, Pugno N & Herberstein M. 2019. Evolution of aerial spider webs coincided with repeated structural optimization of silk anchorages. Evolution 73(10): 2122–2134.",,
267871,urn:lsid:nmbe.ch:spidersp:036134,Servaea villosa,Salticidae,Servaea,villosa,,bodm,Body mass,Morphometry,0.033,0.033,Single observation,Female,Adult,,1,,wei,Weighing,2018,Mon Jan 01 2018 00:00:00 GMT+0100 (Central European Standard Time),Mon Dec 31 2018 23:59:59 GMT+0100 (Central European Standard Time),,,,,,New South Wales,AUS,Australia,,,Adhesive foot pads and prey capture behaviour,Free access,Wolff et al. 2019,"Wolff JO, Paterno GB, Liprandi D, Ramírez MJ, Bosia F, van der Meijden A, Michalik P, Smith HM, Jones BR, Ravelo AM, Pugno N & Herberstein M. 2019. Evolution of aerial spider webs coincided with repeated structural optimization of silk anchorages. Evolution 73(10): 2122–2134.",,
267872,urn:lsid:nmbe.ch:spidergen:03101,Ocrisiona sp.,Salticidae,Ocrisiona,,,bodm,Body mass,Morphometry,0.063,0.063,Single observation,Male,Adult,,1,,wei,Weighing,2018,Mon Jan 01 2018 00:00:00 GMT+0100 (Central European Standard Time),Mon Dec 31 2018 23:59:59 GMT+0100 (Central European Standard Time),,,,,,New South Wales,AUS,Australia,,,Adhesive foot pads and prey capture behaviour,Free access,Wolff et al. 2019,"Wolff JO, Paterno GB, Liprandi D, Ramírez MJ, Bosia F, van der Meijden A, Michalik P, Smith HM, Jones BR, Ravelo AM, Pugno N & Herberstein M. 2019. Evolution of aerial spider webs coincided with repeated structural optimization of silk anchorages. Evolution 73(10): 2122–2134.",,
267873,urn:lsid:nmbe.ch:spidersp:020052,Oxyopes molarius,Oxyopidae,Oxyopes,molarius,,bodm,Body mass,Morphometry,0.035,0.035,Mean,Female,Adult,,2,,wei,Weighing,2018,Mon Jan 01 2018 00:00:00 GMT+0100 (Central European Standard Time),Mon Dec 31 2018 23:59:59 GMT+0100 (Central European Standard Time),,,,,,New South Wales,AUS,Australia,,,Adhesive foot pads and prey capture behaviour,Free access,Wolff et al. 2019,"Wolff JO, Paterno GB, Liprandi D, Ramírez MJ, Bosia F, van der Meijden A, Michalik P, Smith HM, Jones BR, Ravelo AM, Pugno N & Herberstein M. 2019. Evolution of aerial spider webs coincided with repeated structural optimization of silk anchorages. Evolution 73(10): 2122–2134.",,
267874,urn:lsid:nmbe.ch:spidersp:020052,Oxyopes molarius,Oxyopidae,Oxyopes,molarius,,bodm,Body mass,Morphometry,0.023,0.023,Single observation,Male,Adult,,1,,wei,Weighing,2018,Mon Jan 01 2018 00:00:00 GMT+0100 (Central European Standard Time),Mon Dec 31 2018 23:59:59 GMT+0100 (Central European Standard Time),,,,,,New South Wales,AUS,Australia,,,Adhesive foot pads and prey capture behaviour,Free access,Wolff et al. 2019,"Wolff JO, Paterno GB, Liprandi D, Ramírez MJ, Bosia F, van der Meijden A, Michalik P, Smith HM, Jones BR, Ravelo AM, Pugno N & Herberstein M. 2019. Evolution of aerial spider webs coincided with repeated structural optimization of silk anchorages. Evolution 73(10): 2122–2134.",,
267875,urn:lsid:nmbe.ch:spidersp:030303,Australomisidia pilula,Thomisidae,Australomisidia,pilula,,bodm,Body mass,Morphometry,0.014,0.014,Mean,Female,Adult,,2,,wei,Weighing,2018,Mon Jan 01 2018 00:00:00 GMT+0100 (Central European Standard Time),Mon Dec 31 2018 23:59:59 GMT+0100 (Central European Standard Time),,,,,,New South Wales,AUS,Australia,,,Adhesive foot pads and prey capture behaviour,Free access,Wolff et al. 2019,"Wolff JO, Paterno GB, Liprandi D, Ramírez MJ, Bosia F, van der Meijden A, Michalik P, Smith HM, Jones BR, Ravelo AM, Pugno N & Herberstein M. 2019. Evolution of aerial spider webs coincided with repeated structural optimization of silk anchorages. Evolution 73(10): 2122–2134.",,
267876,urn:lsid:nmbe.ch:spidergen:02774,Tharpyna sp.,Thomisidae,Tharpyna,,,bodm,Body mass,Morphometry,0.005,0.005,Single observation,Female,Adult,,1,,wei,Weighing,2018,Mon Jan 01 2018 00:00:00 GMT+0100 (Central European Standard Time),Mon Dec 31 2018 23:59:59 GMT+0100 (Central European Standard Time),,,,,,New South Wales,AUS,Australia,,,Adhesive foot pads and prey capture behaviour,Free access,Wolff et al. 2019,"Wolff JO, Paterno GB, Liprandi D, Ramírez MJ, Bosia F, van der Meijden A, Michalik P, Smith HM, Jones BR, Ravelo AM, Pugno N & Herberstein M. 2019. Evolution of aerial spider webs coincided with repeated structural optimization of silk anchorages. Evolution 73(10): 2122–2134.",,
267877,urn:lsid:nmbe.ch:spidersp:031093,Sidymella longipes,Thomisidae,Sidymella,longipes,,bodm,Body mass,Morphometry,0.07,0.07,Single observation,Female,Adult,,1,,wei,Weighing,2018,Mon Jan 01 2018 00:00:00 GMT+0100 (Central European Standard Time),Mon Dec 31 2018 23:59:59 GMT+0100 (Central European Standard Time),,,,,,New South Wales,AUS,Australia,,,Adhesive foot pads and prey capture behaviour,Free access,Wolff et al. 2019,"Wolff JO, Paterno GB, Liprandi D, Ramírez MJ, Bosia F, van der Meijden A, Michalik P, Smith HM, Jones BR, Ravelo AM, Pugno N & Herberstein M. 2019. Evolution of aerial spider webs coincided with repeated structural optimization of silk anchorages. Evolution 73(10): 2122–2134.",,
267878,urn:lsid:nmbe.ch:spidergen:02757,Stephanopis sp.,Thomisidae,Stephanopis,,,bodm,Body mass,Morphometry,0.012,0.012,Single observation,Female,Adult,,1,,wei,Weighing,2018,Mon Jan 01 2018 00:00:00 GMT+0100 (Central European Standard Time),Mon Dec 31 2018 23:59:59 GMT+0100 (Central European Standard Time),,,,,,Queensland,AUS,Australia,,,Adhesive foot pads and prey capture behaviour,Free access,Wolff et al. 2019,"Wolff JO, Paterno GB, Liprandi D, Ramírez MJ, Bosia F, van der Meijden A, Michalik P, Smith HM, Jones BR, Ravelo AM, Pugno N & Herberstein M. 2019. Evolution of aerial spider webs coincided with repeated structural optimization of silk anchorages. Evolution 73(10): 2122–2134.",,
267879,urn:lsid:nmbe.ch:spidergen:02757,Stephanopis sp.,Thomisidae,Stephanopis,,,bodm,Body mass,Morphometry,0.004,0.004,Single observation,Male,Adult,,1,,wei,Weighing,2018,Mon Jan 01 2018 00:00:00 GMT+0100 (Central European Standard Time),Mon Dec 31 2018 23:59:59 GMT+0100 (Central European Standard Time),,,,,,Queensland,AUS,Australia,,,Adhesive foot pads and prey capture behaviour,Free access,Wolff et al. 2019,"Wolff JO, Paterno GB, Liprandi D, Ramírez MJ, Bosia F, van der Meijden A, Michalik P, Smith HM, Jones BR, Ravelo AM, Pugno N & Herberstein M. 2019. Evolution of aerial spider webs coincided with repeated structural optimization of silk anchorages. Evolution 73(10): 2122–2134.",,
267880,urn:lsid:nmbe.ch:spidersp:031126,Stephanopis cambridgei,Thomisidae,Isala,cambridgei,,bodm,Body mass,Morphometry,0.046,0.046,Single observation,Male,Adult,,1,,wei,Weighing,2018,Mon Jan 01 2018 00:00:00 GMT+0100 (Central European Standard Time),Mon Dec 31 2018 23:59:59 GMT+0100 (Central European Standard Time),,,,,,New South Wales,AUS,Australia,,,Adhesive foot pads and prey capture behaviour,Free access,Wolff et al. 2019,"Wolff JO, Paterno GB, Liprandi D, Ramírez MJ, Bosia F, van der Meijden A, Michalik P, Smith HM, Jones BR, Ravelo AM, Pugno N & Herberstein M. 2019. Evolution of aerial spider webs coincided with repeated structural optimization of silk anchorages. Evolution 73(10): 2122–2134.",,
267881,urn:lsid:nmbe.ch:spidersp:019571,Dendrolycosa icadia,Pisauridae,Dendrolycosa,icadia,,bodm,Body mass,Morphometry,0.082,0.082,Single observation,Female,Adult,,1,,wei,Weighing,2018,Mon Jan 01 2018 00:00:00 GMT+0100 (Central European Standard Time),Mon Dec 31 2018 23:59:59 GMT+0100 (Central European Standard Time),,,,,,Queensland,AUS,Australia,,,Adhesive foot pads and prey capture behaviour,Free access,Wolff et al. 2019,"Wolff JO, Paterno GB, Liprandi D, Ramírez MJ, Bosia F, van der Meijden A, Michalik P, Smith HM, Jones BR, Ravelo AM, Pugno N & Herberstein M. 2019. Evolution of aerial spider webs coincided with repeated structural optimization of silk anchorages. Evolution 73(10): 2122–2134.",,
267882,urn:lsid:nmbe.ch:spidersp:050219,Dolomedes wollemi,Dolomedidae,Dolomedes,wollemi,,bodm,Body mass,Morphometry,1.18,1.18,Single observation,Female,Adult,,1,,wei,Weighing,2018,Mon Jan 01 2018 00:00:00 GMT+0100 (Central European Standard Time),Mon Dec 31 2018 23:59:59 GMT+0100 (Central European Standard Time),,,,,,New South Wales,AUS,Australia,,,Adhesive foot pads and prey capture behaviour,Free access,Wolff et al. 2019,"Wolff JO, Paterno GB, Liprandi D, Ramírez MJ, Bosia F, van der Meijden A, Michalik P, Smith HM, Jones BR, Ravelo AM, Pugno N & Herberstein M. 2019. Evolution of aerial spider webs coincided with repeated structural optimization of silk anchorages. Evolution 73(10): 2122–2134.",,
267883,urn:lsid:nmbe.ch:spidersp:039295,Kilyana hendersoni,Zoropsidae,Kilyana,hendersoni,,bodm,Body mass,Morphometry,0.171,0.171,Single observation,Female,Adult,,1,,wei,Weighing,2018,Mon Jan 01 2018 00:00:00 GMT+0100 (Central European Standard Time),Mon Dec 31 2018 23:59:59 GMT+0100 (Central European Standard Time),,,,,,,CHE,Switzerland,,,Adhesive foot pads and prey capture behaviour,Free access,Wolff et al. 2019,"Wolff JO, Paterno GB, Liprandi D, Ramírez MJ, Bosia F, van der Meijden A, Michalik P, Smith HM, Jones BR, Ravelo AM, Pugno N & Herberstein M. 2019. Evolution of aerial spider webs coincided with repeated structural optimization of silk anchorages. Evolution 73(10): 2122–2134.",,
267884,urn:lsid:nmbe.ch:spidersp:006203,Deinopis subrufa,Deinopidae,Asianopis,subrufa,,bodm,Body mass,Morphometry,0.125,0.125,Mean,Female,Adult,,2,,wei,Weighing,2018,Mon Jan 01 2018 00:00:00 GMT+0100 (Central European Standard Time),Mon Dec 31 2018 23:59:59 GMT+0100 (Central European Standard Time),net caster,,,,,New South Wales,AUS,Australia,,,Adhesive foot pads and prey capture behaviour,Free access,Wolff et al. 2019,"Wolff JO, Paterno GB, Liprandi D, Ramírez MJ, Bosia F, van der Meijden A, Michalik P, Smith HM, Jones BR, Ravelo AM, Pugno N & Herberstein M. 2019. Evolution of aerial spider webs coincided with repeated structural optimization of silk anchorages. Evolution 73(10): 2122–2134.",,
267885,urn:lsid:nmbe.ch:spidersp:006203,Deinopis subrufa,Deinopidae,Asianopis,subrufa,,bodm,Body mass,Morphometry,0.136,0.136,Mean,Male,Adult,,2,,wei,Weighing,2018,Mon Jan 01 2018 00:00:00 GMT+0100 (Central European Standard Time),Mon Dec 31 2018 23:59:59 GMT+0100 (Central European Standard Time),net caster,,,,,New South Wales,AUS,Australia,,,Adhesive foot pads and prey capture behaviour,Free access,Wolff et al. 2019,"Wolff JO, Paterno GB, Liprandi D, Ramírez MJ, Bosia F, van der Meijden A, Michalik P, Smith HM, Jones BR, Ravelo AM, Pugno N & Herberstein M. 2019. Evolution of aerial spider webs coincided with repeated structural optimization of silk anchorages. Evolution 73(10): 2122–2134.",,
267886,urn:lsid:nmbe.ch:spidersp:045249,Menneus nemesio,Deinopidae,Menneus,nemesio,,bodm,Body mass,Morphometry,0.014,0.014,Single observation,Male,Adult,,1,,wei,Weighing,2018,Mon Jan 01 2018 00:00:00 GMT+0100 (Central European Standard Time),Mon Dec 31 2018 23:59:59 GMT+0100 (Central European Standard Time),net caster,,,,,Queensland,AUS,Australia,,,Adhesive foot pads and prey capture behaviour,Free access,Wolff et al. 2019,"Wolff JO, Paterno GB, Liprandi D, Ramírez MJ, Bosia F, van der Meijden A, Michalik P, Smith HM, Jones BR, Ravelo AM, Pugno N & Herberstein M. 2019. Evolution of aerial spider webs coincided with repeated structural optimization of silk anchorages. Evolution 73(10): 2122–2134.",,
267887,urn:lsid:nmbe.ch:spidersp:006109,Tamopsis brisbanensis,Hersiliidae,Tamopsis,brisbanensis,,bodm,Body mass,Morphometry,0.025,0.025,Single observation,Female,Adult,,1,,wei,Weighing,2018,Mon Jan 01 2018 00:00:00 GMT+0100 (Central European Standard Time),Mon Dec 31 2018 23:59:59 GMT+0100 (Central European Standard Time),,,,,,New South Wales,AUS,Australia,,,Adhesive foot pads and prey capture behaviour,Free access,Wolff et al. 2019,"Wolff JO, Paterno GB, Liprandi D, Ramírez MJ, Bosia F, van der Meijden A, Michalik P, Smith HM, Jones BR, Ravelo AM, Pugno N & Herberstein M. 2019. Evolution of aerial spider webs coincided with repeated structural optimization of silk anchorages. Evolution 73(10): 2122–2134.",,
267888,urn:lsid:nmbe.ch:spidergen:03347,Tamopsis sp.,Hersiliidae,Tamopsis,,,bodm,Body mass,Morphometry,0.012,0.012,Single observation,Male,Adult,,1,,wei,Weighing,2018,Mon Jan 01 2018 00:00:00 GMT+0100 (Central European Standard Time),Mon Dec 31 2018 23:59:59 GMT+0100 (Central European Standard Time),,,,,,Queensland,AUS,Australia,,,Adhesive foot pads and prey capture behaviour,Free access,Wolff et al. 2019,"Wolff JO, Paterno GB, Liprandi D, Ramírez MJ, Bosia F, van der Meijden A, Michalik P, Smith HM, Jones BR, Ravelo AM, Pugno N & Herberstein M. 2019. Evolution of aerial spider webs coincided with repeated structural optimization of silk anchorages. Evolution 73(10): 2122–2134.",,
267889,urn:lsid:nmbe.ch:spidersp:005955,Oecobius navus,Oecobiidae,Oecobius,navus,,bodm,Body mass,Morphometry,0.002,0.002,Mean,Female,Adult,,2,,wei,Weighing,2018,Mon Jan 01 2018 00:00:00 GMT+0100 (Central European Standard Time),Mon Dec 31 2018 23:59:59 GMT+0100 (Central European Standard Time),,,,,,New South Wales,AUS,Australia,,,Adhesive foot pads and prey capture behaviour,Free access,Wolff et al. 2019,"Wolff JO, Paterno GB, Liprandi D, Ramírez MJ, Bosia F, van der Meijden A, Michalik P, Smith HM, Jones BR, Ravelo AM, Pugno N & Herberstein M. 2019. Evolution of aerial spider webs coincided with repeated structural optimization of silk anchorages. Evolution 73(10): 2122–2134.",,
267890,urn:lsid:nmbe.ch:spidersp:006319,Philoponella congregabilis,Uloboridae,Philoponella,congregabilis,,bodm,Body mass,Morphometry,0.006,0.006,Mean,Female,Adult,,2,,wei,Weighing,2018,Mon Jan 01 2018 00:00:00 GMT+0100 (Central European Standard Time),Mon Dec 31 2018 23:59:59 GMT+0100 (Central European Standard Time),,,,,,New South Wales,AUS,Australia,,,Adhesive foot pads and prey capture behaviour,Free access,Wolff et al. 2019,"Wolff JO, Paterno GB, Liprandi D, Ramírez MJ, Bosia F, van der Meijden A, Michalik P, Smith HM, Jones BR, Ravelo AM, Pugno N & Herberstein M. 2019. Evolution of aerial spider webs coincided with repeated structural optimization of silk anchorages. Evolution 73(10): 2122–2134.",,
267891,urn:lsid:nmbe.ch:spidersp:006344,Philoponella variabilis,Uloboridae,Philoponella,variabilis,,bodm,Body mass,Morphometry,0.023,0.023,Mean,Female,Adult,,4,,wei,Weighing,2018,Mon Jan 01 2018 00:00:00 GMT+0100 (Central European Standard Time),Mon Dec 31 2018 23:59:59 GMT+0100 (Central European Standard Time),,,,,,New South Wales,AUS,Australia,,,Adhesive foot pads and prey capture behaviour,Free access,Wolff et al. 2019,"Wolff JO, Paterno GB, Liprandi D, Ramírez MJ, Bosia F, van der Meijden A, Michalik P, Smith HM, Jones BR, Ravelo AM, Pugno N & Herberstein M. 2019. Evolution of aerial spider webs coincided with repeated structural optimization of silk anchorages. Evolution 73(10): 2122–2134.",,
267892,urn:lsid:nmbe.ch:spidersp:014643,Arachnura higginsi,Araneidae,Arachnura,higginsi,,bodm,Body mass,Morphometry,0.032,0.032,Single observation,Female,Adult,,1,,wei,Weighing,2018,Mon Jan 01 2018 00:00:00 GMT+0100 (Central European Standard Time),Mon Dec 31 2018 23:59:59 GMT+0100 (Central European Standard Time),,,,,,New South Wales,AUS,Australia,,,Adhesive foot pads and prey capture behaviour,Free access,Wolff et al. 2019,"Wolff JO, Paterno GB, Liprandi D, Ramírez MJ, Bosia F, van der Meijden A, Michalik P, Smith HM, Jones BR, Ravelo AM, Pugno N & Herberstein M. 2019. Evolution of aerial spider webs coincided with repeated structural optimization of silk anchorages. Evolution 73(10): 2122–2134.",,
267893,urn:lsid:nmbe.ch:spidersp:015457,Austracantha minax,Araneidae,Austracantha,minax,,bodm,Body mass,Morphometry,0.066,0.066,Mean,Female,Adult,,2,,wei,Weighing,2018,Mon Jan 01 2018 00:00:00 GMT+0100 (Central European Standard Time),Mon Dec 31 2018 23:59:59 GMT+0100 (Central European Standard Time),,,,,,Victoria,AUS,Australia,,,Adhesive foot pads and prey capture behaviour,Free access,Wolff et al. 2019,"Wolff JO, Paterno GB, Liprandi D, Ramírez MJ, Bosia F, van der Meijden A, Michalik P, Smith HM, Jones BR, Ravelo AM, Pugno N & Herberstein M. 2019. Evolution of aerial spider webs coincided with repeated structural optimization of silk anchorages. Evolution 73(10): 2122–2134.",,
267894,urn:lsid:nmbe.ch:spidersp:016935,Poecilopachys australasia,Araneidae,Poecilopachys,australasia,,bodm,Body mass,Morphometry,0.012,0.012,Single observation,Female,Adult,,1,,wei,Weighing,2018,Mon Jan 01 2018 00:00:00 GMT+0100 (Central European Standard Time),Mon Dec 31 2018 23:59:59 GMT+0100 (Central European Standard Time),,,,,,New South Wales,AUS,Australia,,,Adhesive foot pads and prey capture behaviour,Free access,Wolff et al. 2019,"Wolff JO, Paterno GB, Liprandi D, Ramírez MJ, Bosia F, van der Meijden A, Michalik P, Smith HM, Jones BR, Ravelo AM, Pugno N & Herberstein M. 2019. Evolution of aerial spider webs coincided with repeated structural optimization of silk anchorages. Evolution 73(10): 2122–2134.",,
267895,urn:lsid:nmbe.ch:spidersp:015377,Argiope keyserlingi,Araneidae,Argiope,keyserlingi,,bodm,Body mass,Morphometry,0.176,0.176,Mean,Female,Adult,,2,,wei,Weighing,2018,Mon Jan 01 2018 00:00:00 GMT+0100 (Central European Standard Time),Mon Dec 31 2018 23:59:59 GMT+0100 (Central European Standard Time),,,,,,New South Wales,AUS,Australia,,,Adhesive foot pads and prey capture behaviour,Free access,Wolff et al. 2019,"Wolff JO, Paterno GB, Liprandi D, Ramírez MJ, Bosia F, van der Meijden A, Michalik P, Smith HM, Jones BR, Ravelo AM, Pugno N & Herberstein M. 2019. Evolution of aerial spider webs coincided with repeated structural optimization of silk anchorages. Evolution 73(10): 2122–2134.",,
267896,urn:lsid:nmbe.ch:spidersp:015819,Cyrtophora hirta,Araneidae,Cyrtophora,hirta,,bodm,Body mass,Morphometry,0.08,0.08,Mean,Female,Adult,,2,,wei,Weighing,2018,Mon Jan 01 2018 00:00:00 GMT+0100 (Central European Standard Time),Mon Dec 31 2018 23:59:59 GMT+0100 (Central European Standard Time),modified horizontal orb devoid of glue droplets,,,,,Queensland,AUS,Australia,,,Adhesive foot pads and prey capture behaviour,Free access,Wolff et al. 2019,"Wolff JO, Paterno GB, Liprandi D, Ramírez MJ, Bosia F, van der Meijden A, Michalik P, Smith HM, Jones BR, Ravelo AM, Pugno N & Herberstein M. 2019. Evolution of aerial spider webs coincided with repeated structural optimization of silk anchorages. Evolution 73(10): 2122–2134.",,
267897,urn:lsid:nmbe.ch:spidersp:015827,Cyrtophora moluccensis,Araneidae,Cyrtophora,moluccensis,,bodm,Body mass,Morphometry,0.756,0.756,Single observation,Female,Adult,,1,,wei,Weighing,2018,Mon Jan 01 2018 00:00:00 GMT+0100 (Central European Standard Time),Mon Dec 31 2018 23:59:59 GMT+0100 (Central European Standard Time),modified horizontal orb devoid of glue droplets,,,,,Queensland,AUS,Australia,,,Adhesive foot pads and prey capture behaviour,Free access,Wolff et al. 2019,"Wolff JO, Paterno GB, Liprandi D, Ramírez MJ, Bosia F, van der Meijden A, Michalik P, Smith HM, Jones BR, Ravelo AM, Pugno N & Herberstein M. 2019. Evolution of aerial spider webs coincided with repeated structural optimization of silk anchorages. Evolution 73(10): 2122–2134.",,
267898,urn:lsid:nmbe.ch:spidergen:01476,Eriophora sp.,Araneidae,Eriophora,,,bodm,Body mass,Morphometry,1.143,1.143,Mean,Female,Adult,,2,,wei,Weighing,2018,Mon Jan 01 2018 00:00:00 GMT+0100 (Central European Standard Time),Mon Dec 31 2018 23:59:59 GMT+0100 (Central European Standard Time),,,,,,New South Wales,AUS,Australia,,,Adhesive foot pads and prey capture behaviour,Free access,Wolff et al. 2019,"Wolff JO, Paterno GB, Liprandi D, Ramírez MJ, Bosia F, van der Meijden A, Michalik P, Smith HM, Jones BR, Ravelo AM, Pugno N & Herberstein M. 2019. Evolution of aerial spider webs coincided with repeated structural optimization of silk anchorages. Evolution 73(10): 2122–2134.",,
267899,urn:lsid:nmbe.ch:spidersp:013971,Trichonephila plumipes,Araneidae,Trichonephila,plumipes,,bodm,Body mass,Morphometry,0.415,0.415,Mean,Female,Adult,,4,,wei,Weighing,2018,Mon Jan 01 2018 00:00:00 GMT+0100 (Central European Standard Time),Mon Dec 31 2018 23:59:59 GMT+0100 (Central European Standard Time),,,,,,New South Wales,AUS,Australia,,,Adhesive foot pads and prey capture behaviour,Free access,Wolff et al. 2019,"Wolff JO, Paterno GB, Liprandi D, Ramírez MJ, Bosia F, van der Meijden A, Michalik P, Smith HM, Jones BR, Ravelo AM, Pugno N & Herberstein M. 2019. Evolution of aerial spider webs coincided with repeated structural optimization of silk anchorages. Evolution 73(10): 2122–2134.",,
267900,urn:lsid:nmbe.ch:spidersp:014062,Phonognatha graeffei,Araneidae,Phonognatha,graeffei,,bodm,Body mass,Morphometry,0.095,0.095,Mean,Female,Adult,,3,,wei,Weighing,2018,Mon Jan 01 2018 00:00:00 GMT+0100 (Central European Standard Time),Mon Dec 31 2018 23:59:59 GMT+0100 (Central European Standard Time),,,,,,New South Wales,AUS,Australia,,,Adhesive foot pads and prey capture behaviour,Free access,Wolff et al. 2019,"Wolff JO, Paterno GB, Liprandi D, Ramírez MJ, Bosia F, van der Meijden A, Michalik P, Smith HM, Jones BR, Ravelo AM, Pugno N & Herberstein M. 2019. Evolution of aerial spider webs coincided with repeated structural optimization of silk anchorages. Evolution 73(10): 2122–2134.",,
267901,urn:lsid:nmbe.ch:spidergen:01469,Dolophones sp.,Araneidae,Dolophones,,,bodm,Body mass,Morphometry,0.012,0.012,Single observation,Male,Adult,,1,,wei,Weighing,2018,Mon Jan 01 2018 00:00:00 GMT+0100 (Central European Standard Time),Mon Dec 31 2018 23:59:59 GMT+0100 (Central European Standard Time),,,,,,New South Wales,AUS,Australia,,,Adhesive foot pads and prey capture behaviour,Free access,Wolff et al. 2019,"Wolff JO, Paterno GB, Liprandi D, Ramírez MJ, Bosia F, van der Meijden A, Michalik P, Smith HM, Jones BR, Ravelo AM, Pugno N & Herberstein M. 2019. Evolution of aerial spider webs coincided with repeated structural optimization of silk anchorages. Evolution 73(10): 2122–2134.",,
267902,urn:lsid:nmbe.ch:spidergen:00647,Paratupua sp.,Physoglenidae,Paratupua,,,bodm,Body mass,Morphometry,0.003,0.003,Single observation,Female,Adult,,1,,wei,Weighing,2018,Mon Jan 01 2018 00:00:00 GMT+0100 (Central European Standard Time),Mon Dec 31 2018 23:59:59 GMT+0100 (Central European Standard Time),,,,,,New South Wales,AUS,Australia,,,Adhesive foot pads and prey capture behaviour,Free access,Wolff et al. 2019,"Wolff JO, Paterno GB, Liprandi D, Ramírez MJ, Bosia F, van der Meijden A, Michalik P, Smith HM, Jones BR, Ravelo AM, Pugno N & Herberstein M. 2019. Evolution of aerial spider webs coincided with repeated structural optimization of silk anchorages. Evolution 73(10): 2122–2134.",,
267903,urn:lsid:nmbe.ch:spidergen:00647,Paratupua sp.,Physoglenidae,Paratupua,,,bodm,Body mass,Morphometry,0.003,0.003,Single observation,Male,Adult,,1,,wei,Weighing,2018,Mon Jan 01 2018 00:00:00 GMT+0100 (Central European Standard Time),Mon Dec 31 2018 23:59:59 GMT+0100 (Central European Standard Time),,,,,,New South Wales,AUS,Australia,,,Adhesive foot pads and prey capture behaviour,Free access,Wolff et al. 2019,"Wolff JO, Paterno GB, Liprandi D, Ramírez MJ, Bosia F, van der Meijden A, Michalik P, Smith HM, Jones BR, Ravelo AM, Pugno N & Herberstein M. 2019. Evolution of aerial spider webs coincided with repeated structural optimization of silk anchorages. Evolution 73(10): 2122–2134.",,
267904,urn:lsid:nmbe.ch:spidersp:015426,Arkys curtulus,Arkyidae,Arkys,curtulus,,bodm,Body mass,Morphometry,0.144,0.144,Single observation,Female,Adult,,1,,wei,Weighing,2018,Mon Jan 01 2018 00:00:00 GMT+0100 (Central European Standard Time),Mon Dec 31 2018 23:59:59 GMT+0100 (Central European Standard Time),,,,,,New South Wales,AUS,Australia,,,Adhesive foot pads and prey capture behaviour,Free access,Wolff et al. 2019,"Wolff JO, Paterno GB, Liprandi D, Ramírez MJ, Bosia F, van der Meijden A, Michalik P, Smith HM, Jones BR, Ravelo AM, Pugno N & Herberstein M. 2019. Evolution of aerial spider webs coincided with repeated structural optimization of silk anchorages. Evolution 73(10): 2122–2134.",,
267905,urn:lsid:nmbe.ch:spidersp:015428,Arkys furcatus,Arkyidae,Arkys,furcatus,,bodm,Body mass,Morphometry,0.004,0.004,Single observation,Male,Adult,,1,,wei,Weighing,2018,Mon Jan 01 2018 00:00:00 GMT+0100 (Central European Standard Time),Mon Dec 31 2018 23:59:59 GMT+0100 (Central European Standard Time),,,,,,New South Wales,AUS,Australia,,,Adhesive foot pads and prey capture behaviour,Free access,Wolff et al. 2019,"Wolff JO, Paterno GB, Liprandi D, Ramírez MJ, Bosia F, van der Meijden A, Michalik P, Smith HM, Jones BR, Ravelo AM, Pugno N & Herberstein M. 2019. Evolution of aerial spider webs coincided with repeated structural optimization of silk anchorages. Evolution 73(10): 2122–2134.",,
267906,urn:lsid:nmbe.ch:spidersp:015424,Arkys cornutus,Arkyidae,Arkys,cornutus,,bodm,Body mass,Morphometry,0.023,0.023,Single observation,Female,Adult,,1,,wei,Weighing,2018,Mon Jan 01 2018 00:00:00 GMT+0100 (Central European Standard Time),Mon Dec 31 2018 23:59:59 GMT+0100 (Central European Standard Time),,,,,,New South Wales,AUS,Australia,,,Adhesive foot pads and prey capture behaviour,Free access,Wolff et al. 2019,"Wolff JO, Paterno GB, Liprandi D, Ramírez MJ, Bosia F, van der Meijden A, Michalik P, Smith HM, Jones BR, Ravelo AM, Pugno N & Herberstein M. 2019. Evolution of aerial spider webs coincided with repeated structural optimization of silk anchorages. Evolution 73(10): 2122–2134.",,
267907,urn:lsid:nmbe.ch:spidersp:015433,Arkys lancearius,Arkyidae,Arkys,lancearius,,bodm,Body mass,Morphometry,0.038,0.038,Single observation,Female,Adult,,1,,wei,Weighing,2018,Mon Jan 01 2018 00:00:00 GMT+0100 (Central European Standard Time),Mon Dec 31 2018 23:59:59 GMT+0100 (Central European Standard Time),,,,,,New South Wales,AUS,Australia,,,Adhesive foot pads and prey capture behaviour,Free access,Wolff et al. 2019,"Wolff JO, Paterno GB, Liprandi D, Ramírez MJ, Bosia F, van der Meijden A, Michalik P, Smith HM, Jones BR, Ravelo AM, Pugno N & Herberstein M. 2019. Evolution of aerial spider webs coincided with repeated structural optimization of silk anchorages. Evolution 73(10): 2122–2134.",,
267908,urn:lsid:nmbe.ch:spidersp:013717,Leucauge dromedaria,Tetragnathidae,Leucauge,dromedaria,,bodm,Body mass,Morphometry,0.047,0.047,Mean,Female,Adult,,3,,wei,Weighing,2018,Mon Jan 01 2018 00:00:00 GMT+0100 (Central European Standard Time),Mon Dec 31 2018 23:59:59 GMT+0100 (Central European Standard Time),,,,,,New South Wales,AUS,Australia,,,Adhesive foot pads and prey capture behaviour,Free access,Wolff et al. 2019,"Wolff JO, Paterno GB, Liprandi D, Ramírez MJ, Bosia F, van der Meijden A, Michalik P, Smith HM, Jones BR, Ravelo AM, Pugno N & Herberstein M. 2019. Evolution of aerial spider webs coincided with repeated structural optimization of silk anchorages. Evolution 73(10): 2122–2134.",,
267909,urn:lsid:nmbe.ch:spidergen:03317,Australomimetus sp.,Mimetidae,Australomimetus,,,bodm,Body mass,Morphometry,0.018,0.018,Mean,Female,Adult,,2,,wei,Weighing,2018,Mon Jan 01 2018 00:00:00 GMT+0100 (Central European Standard Time),Mon Dec 31 2018 23:59:59 GMT+0100 (Central European Standard Time),,,,,,New South Wales,AUS,Australia,,,Adhesive foot pads and prey capture behaviour,Free access,Wolff et al. 2019,"Wolff JO, Paterno GB, Liprandi D, Ramírez MJ, Bosia F, van der Meijden A, Michalik P, Smith HM, Jones BR, Ravelo AM, Pugno N & Herberstein M. 2019. Evolution of aerial spider webs coincided with repeated structural optimization of silk anchorages. Evolution 73(10): 2122–2134.",,
267910,urn:lsid:nmbe.ch:spidersp:008392,Cryptachaea gigantipes,Theridiidae,Cryptachaea,gigantipes,,bodm,Body mass,Morphometry,0.022,0.022,Mean,Female,Adult,,3,,wei,Weighing,2018,Mon Jan 01 2018 00:00:00 GMT+0100 (Central European Standard Time),Mon Dec 31 2018 23:59:59 GMT+0100 (Central European Standard Time),,,,,,New South Wales,AUS,Australia,,,Adhesive foot pads and prey capture behaviour,Free access,Wolff et al. 2019,"Wolff JO, Paterno GB, Liprandi D, Ramírez MJ, Bosia F, van der Meijden A, Michalik P, Smith HM, Jones BR, Ravelo AM, Pugno N & Herberstein M. 2019. Evolution of aerial spider webs coincided with repeated structural optimization of silk anchorages. Evolution 73(10): 2122–2134.",,
267911,urn:lsid:nmbe.ch:spidergen:00686,Episinus sp.,Theridiidae,Episinus,,,bodm,Body mass,Morphometry,0.031,0.031,Single observation,Female,Adult,,1,,wei,Weighing,2018,Mon Jan 01 2018 00:00:00 GMT+0100 (Central European Standard Time),Mon Dec 31 2018 23:59:59 GMT+0100 (Central European Standard Time),,,,,,Queensland,AUS,Australia,,,Adhesive foot pads and prey capture behaviour,Free access,Wolff et al. 2019,"Wolff JO, Paterno GB, Liprandi D, Ramírez MJ, Bosia F, van der Meijden A, Michalik P, Smith HM, Jones BR, Ravelo AM, Pugno N & Herberstein M. 2019. Evolution of aerial spider webs coincided with repeated structural optimization of silk anchorages. Evolution 73(10): 2122–2134.",,
267912,urn:lsid:nmbe.ch:spidersp:023242,Novodamus nodatus,Nicodamidae,Novodamus,nodatus,,bodm,Body mass,Morphometry,0.022,0.022,Single observation,Female,Adult,,1,,wei,Weighing,2018,Mon Jan 01 2018 00:00:00 GMT+0100 (Central European Standard Time),Mon Dec 31 2018 23:59:59 GMT+0100 (Central European Standard Time),,,,,,Tasmania,AUS,Australia,,,Adhesive foot pads and prey capture behaviour,Free access,Wolff et al. 2019,"Wolff JO, Paterno GB, Liprandi D, Ramírez MJ, Bosia F, van der Meijden A, Michalik P, Smith HM, Jones BR, Ravelo AM, Pugno N & Herberstein M. 2019. Evolution of aerial spider webs coincided with repeated structural optimization of silk anchorages. Evolution 73(10): 2122–2134.",,
267913,urn:lsid:nmbe.ch:spidersp:023244,Oncodamus bidens,Nicodamidae,Oncodamus,bidens,,bodm,Body mass,Morphometry,0.014,0.014,Mean,Female,Adult,,2,,wei,Weighing,2018,Mon Jan 01 2018 00:00:00 GMT+0100 (Central European Standard Time),Mon Dec 31 2018 23:59:59 GMT+0100 (Central European Standard Time),,,,,,New South Wales,AUS,Australia,,,Adhesive foot pads and prey capture behaviour,Free access,Wolff et al. 2019,"Wolff JO, Paterno GB, Liprandi D, Ramírez MJ, Bosia F, van der Meijden A, Michalik P, Smith HM, Jones BR, Ravelo AM, Pugno N & Herberstein M. 2019. Evolution of aerial spider webs coincided with repeated structural optimization of silk anchorages. Evolution 73(10): 2122–2134.",,
267914,urn:lsid:nmbe.ch:spidersp:002532,Hickmania troglodytes,Gradungulidae,Hickmania,troglodytes,,bodm,Body mass,Morphometry,0.609,0.609,Mean,Female,Adult,,2,,wei,Weighing,2018,Mon Jan 01 2018 00:00:00 GMT+0100 (Central European Standard Time),Mon Dec 31 2018 23:59:59 GMT+0100 (Central European Standard Time),,,,,,Tasmania,AUS,Australia,,,Adhesive foot pads and prey capture behaviour,Free access,Wolff et al. 2019,"Wolff JO, Paterno GB, Liprandi D, Ramírez MJ, Bosia F, van der Meijden A, Michalik P, Smith HM, Jones BR, Ravelo AM, Pugno N & Herberstein M. 2019. Evolution of aerial spider webs coincided with repeated structural optimization of silk anchorages. Evolution 73(10): 2122–2134.",,
267915,urn:lsid:nmbe.ch:spidersp:002532,Hickmania troglodytes,Gradungulidae,Hickmania,troglodytes,,bodm,Body mass,Morphometry,0.355,0.355,Single observation,Male,Adult,,1,,wei,Weighing,2018,Mon Jan 01 2018 00:00:00 GMT+0100 (Central European Standard Time),Mon Dec 31 2018 23:59:59 GMT+0100 (Central European Standard Time),,,,,,Tasmania,AUS,Australia,,,Adhesive foot pads and prey capture behaviour,Free access,Wolff et al. 2019,"Wolff JO, Paterno GB, Liprandi D, Ramírez MJ, Bosia F, van der Meijden A, Michalik P, Smith HM, Jones BR, Ravelo AM, Pugno N & Herberstein M. 2019. Evolution of aerial spider webs coincided with repeated structural optimization of silk anchorages. Evolution 73(10): 2122–2134.",,
267916,urn:lsid:nmbe.ch:spidersp:002539,Kaiya terama,Gradungulidae,Kaiya,terama,,bodm,Body mass,Morphometry,0.158,0.158,Single observation,Female,Adult,,1,,wei,Weighing,2018,Mon Jan 01 2018 00:00:00 GMT+0100 (Central European Standard Time),Mon Dec 31 2018 23:59:59 GMT+0100 (Central European Standard Time),,,,,,New South Wales,AUS,Australia,,,Adhesive foot pads and prey capture behaviour,Free access,Wolff et al. 2019,"Wolff JO, Paterno GB, Liprandi D, Ramírez MJ, Bosia F, van der Meijden A, Michalik P, Smith HM, Jones BR, Ravelo AM, Pugno N & Herberstein M. 2019. Evolution of aerial spider webs coincided with repeated structural optimization of silk anchorages. Evolution 73(10): 2122–2134.",,
267917,urn:lsid:nmbe.ch:spidergen:00477,Ariadna sp.,Segestriidae,Ariadna,,,bodm,Body mass,Morphometry,0.081,0.081,Single observation,Female,Adult,,1,,wei,Weighing,2018,Mon Jan 01 2018 00:00:00 GMT+0100 (Central European Standard Time),Mon Dec 31 2018 23:59:59 GMT+0100 (Central European Standard Time),,,,,,New South Wales,AUS,Australia,,,Adhesive foot pads and prey capture behaviour,Free access,Wolff et al. 2019,"Wolff JO, Paterno GB, Liprandi D, Ramírez MJ, Bosia F, van der Meijden A, Michalik P, Smith HM, Jones BR, Ravelo AM, Pugno N & Herberstein M. 2019. Evolution of aerial spider webs coincided with repeated structural optimization of silk anchorages. Evolution 73(10): 2122–2134.",,
267918,urn:lsid:nmbe.ch:spidergen:00478,Gippsicola sp.,Segestriidae,Gippsicola,,,bodm,Body mass,Morphometry,0.047,0.047,Single observation,Female,Adult,,1,,wei,Weighing,2018,Mon Jan 01 2018 00:00:00 GMT+0100 (Central European Standard Time),Mon Dec 31 2018 23:59:59 GMT+0100 (Central European Standard Time),,,,,,New South Wales,AUS,Australia,,,Adhesive foot pads and prey capture behaviour,Free access,Wolff et al. 2019,"Wolff JO, Paterno GB, Liprandi D, Ramírez MJ, Bosia F, van der Meijden A, Michalik P, Smith HM, Jones BR, Ravelo AM, Pugno N & Herberstein M. 2019. Evolution of aerial spider webs coincided with repeated structural optimization of silk anchorages. Evolution 73(10): 2122–2134.",,
267919,urn:lsid:nmbe.ch:spidersp:003744,Pholcus phalangioides,Pholcidae,Pholcus,phalangioides,,bodm,Body mass,Morphometry,0.026,0.026,Mean,Female,Adult,,2,,wei,Weighing,2018,Mon Jan 01 2018 00:00:00 GMT+0100 (Central European Standard Time),Mon Dec 31 2018 23:59:59 GMT+0100 (Central European Standard Time),,,,,,New South Wales,AUS,Australia,,,Adhesive foot pads and prey capture behaviour,Free access,Wolff et al. 2019,"Wolff JO, Paterno GB, Liprandi D, Ramírez MJ, Bosia F, van der Meijden A, Michalik P, Smith HM, Jones BR, Ravelo AM, Pugno N & Herberstein M. 2019. Evolution of aerial spider webs coincided with repeated structural optimization of silk anchorages. Evolution 73(10): 2122–2134.",,
267920,urn:lsid:nmbe.ch:spidersp:037009,Wugigarra undanbi,Pholcidae,Wugigarra,undanbi,,bodm,Body mass,Morphometry,0.003,0.003,Single observation,Female,Adult,,1,,wei,Weighing,2018,Mon Jan 01 2018 00:00:00 GMT+0100 (Central European Standard Time),Mon Dec 31 2018 23:59:59 GMT+0100 (Central European Standard Time),,,,,,Queensland,AUS,Australia,,,Adhesive foot pads and prey capture behaviour,Free access,Wolff et al. 2019,"Wolff JO, Paterno GB, Liprandi D, Ramírez MJ, Bosia F, van der Meijden A, Michalik P, Smith HM, Jones BR, Ravelo AM, Pugno N & Herberstein M. 2019. Evolution of aerial spider webs coincided with repeated structural optimization of silk anchorages. Evolution 73(10): 2122–2134.",,
267921,urn:lsid:nmbe.ch:spidersp:002900,Scytodes thoracica,Scytodidae,Scytodes,thoracica,,bodm,Body mass,Morphometry,0.082,0.082,Single observation,Female,Adult,,1,,wei,Weighing,2018,Mon Jan 01 2018 00:00:00 GMT+0100 (Central European Standard Time),Mon Dec 31 2018 23:59:59 GMT+0100 (Central European Standard Time),,,,,,New South Wales,AUS,Australia,,,Adhesive foot pads and prey capture behaviour,Free access,Wolff et al. 2019,"Wolff JO, Paterno GB, Liprandi D, Ramírez MJ, Bosia F, van der Meijden A, Michalik P, Smith HM, Jones BR, Ravelo AM, Pugno N & Herberstein M. 2019. Evolution of aerial spider webs coincided with repeated structural optimization of silk anchorages. Evolution 73(10): 2122–2134.",,
267922,urn:lsid:nmbe.ch:spidergen:02430,Hemicloea sp.,Trochanteriidae,Hemicloea,,,bodm,Body mass,Morphometry,0.028,0.028,Single observation,Female,Adult,,1,,wei,Weighing,2018,Mon Jan 01 2018 00:00:00 GMT+0100 (Central European Standard Time),Mon Dec 31 2018 23:59:59 GMT+0100 (Central European Standard Time),,,,,,New South Wales,AUS,Australia,,,Adhesive foot pads and prey capture behaviour,Free access,Wolff et al. 2019,"Wolff JO, Paterno GB, Liprandi D, Ramírez MJ, Bosia F, van der Meijden A, Michalik P, Smith HM, Jones BR, Ravelo AM, Pugno N & Herberstein M. 2019. Evolution of aerial spider webs coincided with repeated structural optimization of silk anchorages. Evolution 73(10): 2122–2134.",,
267923,urn:lsid:nmbe.ch:spidersp:026269,Centrothele mutica,Lamponidae,Centrothele,mutica,,bodm,Body mass,Morphometry,0.073,0.073,Single observation,Male,Adult,,1,,wei,Weighing,2018,Mon Jan 01 2018 00:00:00 GMT+0100 (Central European Standard Time),Mon Dec 31 2018 23:59:59 GMT+0100 (Central European Standard Time),,,,,,Queensland,AUS,Australia,,,Adhesive foot pads and prey capture behaviour,Free access,Wolff et al. 2019,"Wolff JO, Paterno GB, Liprandi D, Ramírez MJ, Bosia F, van der Meijden A, Michalik P, Smith HM, Jones BR, Ravelo AM, Pugno N & Herberstein M. 2019. Evolution of aerial spider webs coincided with repeated structural optimization of silk anchorages. Evolution 73(10): 2122–2134.",,
267924,urn:lsid:nmbe.ch:spidersp:027380,Morebilus plagusius,Trachycosmidae,Morebilus,plagusius,,bodm,Body mass,Morphometry,0.432,0.432,Single observation,Female,Adult,,1,,wei,Weighing,2018,Mon Jan 01 2018 00:00:00 GMT+0100 (Central European Standard Time),Mon Dec 31 2018 23:59:59 GMT+0100 (Central European Standard Time),,,,,,New South Wales,AUS,Australia,,,Adhesive foot pads and prey capture behaviour,Free access,Wolff et al. 2019,"Wolff JO, Paterno GB, Liprandi D, Ramírez MJ, Bosia F, van der Meijden A, Michalik P, Smith HM, Jones BR, Ravelo AM, Pugno N & Herberstein M. 2019. Evolution of aerial spider webs coincided with repeated structural optimization of silk anchorages. Evolution 73(10): 2122–2134.",,
267925,urn:lsid:nmbe.ch:spidersp:025765,Habronestes bradleyi,Zodariidae,Habronestes,bradleyi,,bodm,Body mass,Morphometry,0.02,0.02,Single observation,Female,Adult,,1,,wei,Weighing,2018,Mon Jan 01 2018 00:00:00 GMT+0100 (Central European Standard Time),Mon Dec 31 2018 23:59:59 GMT+0100 (Central European Standard Time),,,,,,New South Wales,AUS,Australia,,,Adhesive foot pads and prey capture behaviour,Free access,Wolff et al. 2019,"Wolff JO, Paterno GB, Liprandi D, Ramírez MJ, Bosia F, van der Meijden A, Michalik P, Smith HM, Jones BR, Ravelo AM, Pugno N & Herberstein M. 2019. Evolution of aerial spider webs coincided with repeated structural optimization of silk anchorages. Evolution 73(10): 2122–2134.",,
267926,urn:lsid:nmbe.ch:spidersp:025623,Masasteron mas,Zodariidae,Masasteron,mas,,bodm,Body mass,Morphometry,0.007,0.007,Single observation,Male,Adult,,1,,wei,Weighing,2018,Mon Jan 01 2018 00:00:00 GMT+0100 (Central European Standard Time),Mon Dec 31 2018 23:59:59 GMT+0100 (Central European Standard Time),,,,,,New South Wales,AUS,Australia,,,Adhesive foot pads and prey capture behaviour,Free access,Wolff et al. 2019,"Wolff JO, Paterno GB, Liprandi D, Ramírez MJ, Bosia F, van der Meijden A, Michalik P, Smith HM, Jones BR, Ravelo AM, Pugno N & Herberstein M. 2019. Evolution of aerial spider webs coincided with repeated structural optimization of silk anchorages. Evolution 73(10): 2122–2134.",,
267927,urn:lsid:nmbe.ch:spidersp:025923,Storena colossea,Zodariidae,Storena,colossea,,bodm,Body mass,Morphometry,0.162,0.162,Single observation,Male,Adult,,1,,wei,Weighing,2018,Mon Jan 01 2018 00:00:00 GMT+0100 (Central European Standard Time),Mon Dec 31 2018 23:59:59 GMT+0100 (Central European Standard Time),,,,,,New South Wales,AUS,Australia,,,Adhesive foot pads and prey capture behaviour,Free access,Wolff et al. 2019,"Wolff JO, Paterno GB, Liprandi D, Ramírez MJ, Bosia F, van der Meijden A, Michalik P, Smith HM, Jones BR, Ravelo AM, Pugno N & Herberstein M. 2019. Evolution of aerial spider webs coincided with repeated structural optimization of silk anchorages. Evolution 73(10): 2122–2134.",,
384557,urn:lsid:nmbe.ch:spidersp:017263,Allocosa funerea,Lycosidae,Allocosa,funerea,,bodm,Body mass,Morphometry,access restricted,0,Single observation,Female,,,,,lab,Laboratory Observation,,,,,,,,,,,,,,Body mass of spiders from literature 1,Restricted access,Nicholas et al. 2011,"Nicholas AC, Stratton GE & Reed DH. 2011. Reproductive allocation in female wolf and nursery-web spiders. Journal of Arachnology 39(1): 22–29.",,
384558,urn:lsid:nmbe.ch:spidersp:017399,Alopecosa cuneata,Lycosidae,Alopecosa,cuneata,,bodm,Body mass,Morphometry,access restricted,0,Mean,Female,,,,,lab,Laboratory Observation,,,,,,,,,,,,,,Body mass of spiders from literature 1,Restricted access,Rickers et al. 2006,"Rickers S, Langel R & Scheu S. 2006. Stable isotope analyses document intraguild predation in wolf spiders (Araneae: Lycosidae) and underline beneficial effects of alternative prey and microhabitat structure on intraguild prey survival. Oikos 114(3): 471–478.",,
384559,urn:lsid:nmbe.ch:spidersp:019579,Dolomedes albineus,Dolomedidae,Dolomedes,albineus,,bodm,Body mass,Morphometry,access restricted,0,Mean,Female,,,3,,lab,Laboratory Observation,,,,,,,,,,,,,,Body mass of spiders from literature 1,Restricted access,Nicholas et al. 2011,"Nicholas AC, Stratton GE & Reed DH. 2011. Reproductive allocation in female wolf and nursery-web spiders. Journal of Arachnology 39(1): 22–29.",,
384560,urn:lsid:nmbe.ch:spidersp:019664,Dolomedes tenebrosus,Dolomedidae,Dolomedes,tenebrosus,,bodm,Body mass,Morphometry,access restricted,0,Single observation,Female,,,,,lab,Laboratory Observation,,,,,,,,,,,,,,Body mass of spiders from literature 1,Restricted access,Nicholas et al. 2011,"Nicholas AC, Stratton GE & Reed DH. 2011. Reproductive allocation in female wolf and nursery-web spiders. Journal of Arachnology 39(1): 22–29.",,
384561,urn:lsid:nmbe.ch:spidersp:019669,Dolomedes triton,Dolomedidae,Dolomedes,triton,,bodm,Body mass,Morphometry,access restricted,0,Mean,Female,,,2,,lab,Laboratory Observation,,,,,,,,,,,,,,Body mass of spiders from literature 1,Restricted access,Nicholas et al. 2011,"Nicholas AC, Stratton GE & Reed DH. 2011. Reproductive allocation in female wolf and nursery-web spiders. Journal of Arachnology 39(1): 22–29.",,
384562,urn:lsid:nmbe.ch:spidersp:017819,Geolycosa fatifera,Lycosidae,Geolycosa,fatifera,,bodm,Body mass,Morphometry,access restricted,0,Mean,Female,,,2,,lab,Laboratory Observation,,,,,,,,,,,,,,Body mass of spiders from literature 1,Restricted access,Nicholas et al. 2011,"Nicholas AC, Stratton GE & Reed DH. 2011. Reproductive allocation in female wolf and nursery-web spiders. Journal of Arachnology 39(1): 22–29.",,
384563,urn:lsid:nmbe.ch:spidersp:017846,Geolycosa missouriensis,Lycosidae,Geolycosa,missouriensis,,bodm,Body mass,Morphometry,access restricted,0,Single observation,Female,,,,,lab,Laboratory Observation,,,,,,,,,,,,,,Body mass of spiders from literature 1,Restricted access,Nicholas et al. 2011,"Nicholas AC, Stratton GE & Reed DH. 2011. Reproductive allocation in female wolf and nursery-web spiders. Journal of Arachnology 39(1): 22–29.",,
384564,urn:lsid:nmbe.ch:spidersp:017886,Gladicosa pulchra,Lycosidae,Gladicosa,pulchra,,bodm,Body mass,Morphometry,access restricted,0,Mean,Female,,,10,,lab,Laboratory Observation,,,,,,,,,,,,,,Body mass of spiders from literature 1,Restricted access,Nicholas et al. 2011,"Nicholas AC, Stratton GE & Reed DH. 2011. Reproductive allocation in female wolf and nursery-web spiders. Journal of Arachnology 39(1): 22–29.",,
384565,urn:lsid:nmbe.ch:spidersp:017933,Hogna annexa,Lycosidae,Tigrosa,annexa,,bodm,Body mass,Morphometry,access restricted,0,Mean,Female,,,24,,lab,Laboratory Observation,,,,,,,,,,,,,,Body mass of spiders from literature 1,Restricted access,Nicholas et al. 2011,"Nicholas AC, Stratton GE & Reed DH. 2011. Reproductive allocation in female wolf and nursery-web spiders. Journal of Arachnology 39(1): 22–29.",,
384566,urn:lsid:nmbe.ch:spidersp:017937,Hogna aspersa,Lycosidae,Tigrosa,aspersa,,bodm,Body mass,Morphometry,access restricted,0,Mean,Female,,,4,,lab,Laboratory Observation,,,,,,,,,,,,,,Body mass of spiders from literature 1,Restricted access,Nicholas et al. 2011,"Nicholas AC, Stratton GE & Reed DH. 2011. Reproductive allocation in female wolf and nursery-web spiders. Journal of Arachnology 39(1): 22–29.",,
384567,urn:lsid:nmbe.ch:spidersp:017266,Tigrosa georgicola,Lycosidae,Tigrosa,georgicola,,bodm,Body mass,Morphometry,access restricted,0,Mean,Female,,,59,,lab,Laboratory Observation,,,,,,,,,,,,,,Body mass of spiders from literature 1,Restricted access,Nicholas et al. 2011,"Nicholas AC, Stratton GE & Reed DH. 2011. Reproductive allocation in female wolf and nursery-web spiders. Journal of Arachnology 39(1): 22–29.",,
384568,urn:lsid:nmbe.ch:spidersp:018034,Hogna lenta,Lycosidae,Hogna,lenta,,bodm,Body mass,Morphometry,access restricted,0,Mean,Female,,,21,,lab,Laboratory Observation,,,,,,,,,,,,,,Body mass of spiders from literature 1,Restricted access,Nicholas et al. 2011,"Nicholas AC, Stratton GE & Reed DH. 2011. Reproductive allocation in female wolf and nursery-web spiders. Journal of Arachnology 39(1): 22–29.",,
384569,urn:lsid:nmbe.ch:spidersp:018034,Hogna lenta,Lycosidae,Hogna,lenta,,bodm,Body mass,Morphometry,access restricted,0,Mean,Female,,,11,,lab,Laboratory Observation,,,,,,,,,,,,,,Body mass of spiders from literature 1,Restricted access,Nicholas et al. 2011,"Nicholas AC, Stratton GE & Reed DH. 2011. Reproductive allocation in female wolf and nursery-web spiders. Journal of Arachnology 39(1): 22–29.",,
384570,urn:lsid:nmbe.ch:spidersp:018152,Hogna wallacei,Lycosidae,Hogna,wallacei,,bodm,Body mass,Morphometry,access restricted,0,Mean,Female,,,5,,lab,Laboratory Observation,,,,,,,,,,,,,,Body mass of spiders from literature 1,Restricted access,Nicholas et al. 2011,"Nicholas AC, Stratton GE & Reed DH. 2011. Reproductive allocation in female wolf and nursery-web spiders. Journal of Arachnology 39(1): 22–29.",,
384571,urn:lsid:nmbe.ch:spidersp:018153,Hogna watsoni,Lycosidae,Hogna,watsoni,,bodm,Body mass,Morphometry,access restricted,0,Single observation,Female,,,,,lab,Laboratory Observation,,,,,,,,,,,,,,Body mass of spiders from literature 1,Restricted access,Nicholas et al. 2011,"Nicholas AC, Stratton GE & Reed DH. 2011. Reproductive allocation in female wolf and nursery-web spiders. Journal of Arachnology 39(1): 22–29.",,
384572,urn:lsid:nmbe.ch:spidersp:018590,Pardosa concinna,Lycosidae,Pardosa,concinna,,bodm,Body mass,Morphometry,access restricted,0,Mean,Female,,,7,,lab,Laboratory Observation,,,,,,,,,,,,,,Body mass of spiders from literature 1,Restricted access,Nicholas et al. 2011,"Nicholas AC, Stratton GE & Reed DH. 2011. Reproductive allocation in female wolf and nursery-web spiders. Journal of Arachnology 39(1): 22–29.",,
384573,urn:lsid:nmbe.ch:spidersp:018777,Pardosa milvina,Lycosidae,Pardosa,milvina,,bodm,Body mass,Morphometry,access restricted,0,Mean,Female,,,18,,lab,Laboratory Observation,,,,,,,,,,,,,,Body mass of spiders from literature 1,Restricted access,Nicholas et al. 2011,"Nicholas AC, Stratton GE & Reed DH. 2011. Reproductive allocation in female wolf and nursery-web spiders. Journal of Arachnology 39(1): 22–29.",,
384574,urn:lsid:nmbe.ch:spidersp:018840,Pardosa palustris,Lycosidae,Pardosa,palustris,,bodm,Body mass,Morphometry,access restricted,0,Mean,Female,,,,,lab,Laboratory Observation,,,,,,,,,,,,,,Body mass of spiders from literature 1,Restricted access,Rickers et al. 2006,"Rickers S, Langel R & Scheu S. 2006. Stable isotope analyses document intraguild predation in wolf spiders (Araneae: Lycosidae) and underline beneficial effects of alternative prey and microhabitat structure on intraguild prey survival. Oikos 114(3): 471–478.",,
384575,urn:lsid:nmbe.ch:spidersp:018850,Pardosa pauxilla,Lycosidae,Pardosa,pauxilla,,bodm,Body mass,Morphometry,access restricted,0,Single observation,Female,,,,,lab,Laboratory Observation,,,,,,,,,,,,,,Body mass of spiders from literature 1,Restricted access,Nicholas et al. 2011,"Nicholas AC, Stratton GE & Reed DH. 2011. Reproductive allocation in female wolf and nursery-web spiders. Journal of Arachnology 39(1): 22–29.",,
384576,urn:lsid:nmbe.ch:spidersp:019772,Pisaurina dubia,Pisauridae,Pisaurina,dubia,,bodm,Body mass,Morphometry,access restricted,0,Mean,Female,,,4,,lab,Laboratory Observation,,,,,,,,,,,,,,Body mass of spiders from literature 1,Restricted access,Nicholas et al. 2011,"Nicholas AC, Stratton GE & Reed DH. 2011. Reproductive allocation in female wolf and nursery-web spiders. Journal of Arachnology 39(1): 22–29.",,
384577,urn:lsid:nmbe.ch:spidersp:019773,Pisaurina mira,Pisauridae,Pisaurina,mira,,bodm,Body mass,Morphometry,access restricted,0,Mean,Female,,,21,,lab,Laboratory Observation,,,,,,,,,,,,,,Body mass of spiders from literature 1,Restricted access,Nicholas et al. 2011,"Nicholas AC, Stratton GE & Reed DH. 2011. Reproductive allocation in female wolf and nursery-web spiders. Journal of Arachnology 39(1): 22–29.",,
384578,urn:lsid:nmbe.ch:spidersp:019167,Rabidosa carrana,Lycosidae,Rabidosa,carrana,,bodm,Body mass,Morphometry,access restricted,0,Mean,Female,,,3,,lab,Laboratory Observation,,,,,,,,,,,,,,Body mass of spiders from literature 1,Restricted access,Nicholas et al. 2011,"Nicholas AC, Stratton GE & Reed DH. 2011. Reproductive allocation in female wolf and nursery-web spiders. Journal of Arachnology 39(1): 22–29.",,
384579,urn:lsid:nmbe.ch:spidersp:019168,Rabidosa hentzi,Lycosidae,Rabidosa,hentzi,,bodm,Body mass,Morphometry,access restricted,0,Mean,Female,,,6,,lab,Laboratory Observation,,,,,,,,,,,,,,Body mass of spiders from literature 1,Restricted access,Nicholas et al. 2011,"Nicholas AC, Stratton GE & Reed DH. 2011. Reproductive allocation in female wolf and nursery-web spiders. Journal of Arachnology 39(1): 22–29.",,
384580,urn:lsid:nmbe.ch:spidersp:019169,Rabidosa punctulata,Lycosidae,Rabidosa,punctulata,,bodm,Body mass,Morphometry,access restricted,0,Mean,Female,,,340,,lab,Laboratory Observation,,,,,,,,,,,,,,Body mass of spiders from literature 1,Restricted access,Nicholas et al. 2011,"Nicholas AC, Stratton GE & Reed DH. 2011. Reproductive allocation in female wolf and nursery-web spiders. Journal of Arachnology 39(1): 22–29.",,
384581,urn:lsid:nmbe.ch:spidersp:019170,Rabidosa rabida,Lycosidae,Rabidosa,rabida,,bodm,Body mass,Morphometry,access restricted,0,Mean,Female,,,287,,lab,Laboratory Observation,,,,,,,,,,,,,,Body mass of spiders from literature 1,Restricted access,Nicholas et al. 2011,"Nicholas AC, Stratton GE & Reed DH. 2011. Reproductive allocation in female wolf and nursery-web spiders. Journal of Arachnology 39(1): 22–29.",,
384582,urn:lsid:nmbe.ch:spidersp:019178,Schizocosa avida,Lycosidae,Schizocosa,avida,,bodm,Body mass,Morphometry,access restricted,0,Mean,Female,,,11,,lab,Laboratory Observation,,,,,,,,,,,,,,Body mass of spiders from literature 1,Restricted access,Nicholas et al. 2011,"Nicholas AC, Stratton GE & Reed DH. 2011. Reproductive allocation in female wolf and nursery-web spiders. Journal of Arachnology 39(1): 22–29.",,
384583,urn:lsid:nmbe.ch:spidersp:019180,Schizocosa bilineata,Lycosidae,Schizocosa,bilineata,,bodm,Body mass,Morphometry,access restricted,0,Mean,Female,,,2,,lab,Laboratory Observation,,,,,,,,,,,,,,Body mass of spiders from literature 1,Restricted access,Nicholas et al. 2011,"Nicholas AC, Stratton GE & Reed DH. 2011. Reproductive allocation in female wolf and nursery-web spiders. Journal of Arachnology 39(1): 22–29.",,
384584,urn:lsid:nmbe.ch:spidersp:019193,Schizocosa duplex,Lycosidae,Schizocosa,duplex,,bodm,Body mass,Morphometry,access restricted,0,Mean,Female,,,5,,lab,Laboratory Observation,,,,,,,,,,,,,,Body mass of spiders from literature 1,Restricted access,Nicholas et al. 2011,"Nicholas AC, Stratton GE & Reed DH. 2011. Reproductive allocation in female wolf and nursery-web spiders. Journal of Arachnology 39(1): 22–29.",,
384585,urn:lsid:nmbe.ch:spidergen:01659,Schizocosa sp.,Lycosidae,Schizocosa,,,bodm,Body mass,Morphometry,access restricted,0,Mean,Female,,,11,,lab,Laboratory Observation,,,,,,,,,,,,,,Body mass of spiders from literature 1,Restricted access,Nicholas et al. 2011,"Nicholas AC, Stratton GE & Reed DH. 2011. Reproductive allocation in female wolf and nursery-web spiders. Journal of Arachnology 39(1): 22–29.",,
384586,urn:lsid:nmbe.ch:spidersp:019222,Schizocosa saltatrix,Lycosidae,Schizocosa,saltatrix,,bodm,Body mass,Morphometry,access restricted,0,Mean,Female,,,17,,lab,Laboratory Observation,,,,,,,,,,,,,,Body mass of spiders from literature 1,Restricted access,Nicholas et al. 2011,"Nicholas AC, Stratton GE & Reed DH. 2011. Reproductive allocation in female wolf and nursery-web spiders. Journal of Arachnology 39(1): 22–29.",,
384587,urn:lsid:nmbe.ch:spidersp:019231,Schizocosa uetzi,Lycosidae,Schizocosa,uetzi,,bodm,Body mass,Morphometry,access restricted,0,Single observation,Female,,,,,lab,Laboratory Observation,,,,,,,,,,,,,,Body mass of spiders from literature 1,Restricted access,Nicholas et al. 2011,"Nicholas AC, Stratton GE & Reed DH. 2011. Reproductive allocation in female wolf and nursery-web spiders. Journal of Arachnology 39(1): 22–29.",,
384588,urn:lsid:nmbe.ch:spidersp:017863,Trochosa acompa,Lycosidae,Trochosa,sepulchralis,,bodm,Body mass,Morphometry,access restricted,0,Mean,Female,,,5,,lab,Laboratory Observation,,,,,,,,,,,,,,Body mass of spiders from literature 1,Restricted access,Nicholas et al. 2011,"Nicholas AC, Stratton GE & Reed DH. 2011. Reproductive allocation in female wolf and nursery-web spiders. Journal of Arachnology 39(1): 22–29.",,
384589,urn:lsid:nmbe.ch:spidersp:019387,Varacosa avara,Lycosidae,Varacosa,avara,,bodm,Body mass,Morphometry,access restricted,0,Mean,Female,,,11,,lab,Laboratory Observation,,,,,,,,,,,,,,Body mass of spiders from literature 1,Restricted access,Nicholas et al. 2011,"Nicholas AC, Stratton GE & Reed DH. 2011. Reproductive allocation in female wolf and nursery-web spiders. Journal of Arachnology 39(1): 22–29.",,
384902,urn:lsid:nmbe.ch:spidersp:015889,Eriophora transmarina,Araneidae,Hortophora,transmarina,,bodm,Body mass,Morphometry,access restricted,0,Mean,Both,All,,23,,wei,Weighing,,,,,,,,,,,,,,Behavioural traits from literature 1,Restricted access,Herberstein & Elgar 1994,Herberstein ME & Elgar MA. 1994. Foraging strategies of Eriophora transmarina and Nephila plumipes (Araneae: Araneoidea): Nocturnal and diurnal orb‐weaving spiders. Australian Journal of Ecology 19(4): 451–457.,,
384903,urn:lsid:nmbe.ch:spidersp:015889,Eriophora transmarina,Araneidae,Hortophora,transmarina,,bodm,Body mass,Morphometry,access restricted,0,Min,Both,All,,23,,wei,Weighing,,,,,,,,,,,,,,Behavioural traits from literature 1,Restricted access,Herberstein & Elgar 1994,Herberstein ME & Elgar MA. 1994. Foraging strategies of Eriophora transmarina and Nephila plumipes (Araneae: Araneoidea): Nocturnal and diurnal orb‐weaving spiders. Australian Journal of Ecology 19(4): 451–457.,,
384904,urn:lsid:nmbe.ch:spidersp:015889,Eriophora transmarina,Araneidae,Hortophora,transmarina,,bodm,Body mass,Morphometry,access restricted,0,Max,Both,All,,23,,wei,Weighing,,,,,,,,,,,,,,Behavioural traits from literature 1,Restricted access,Herberstein & Elgar 1994,Herberstein ME & Elgar MA. 1994. Foraging strategies of Eriophora transmarina and Nephila plumipes (Araneae: Araneoidea): Nocturnal and diurnal orb‐weaving spiders. Australian Journal of Ecology 19(4): 451–457.,,
384905,urn:lsid:nmbe.ch:spidersp:013943,Nephila plumipes,Araneidae,Trichonephila,clavipes,,bodm,Body mass,Morphometry,access restricted,0,Mean,Female,All,,32,,wei,Weighing,,,,,,,,,,,,,,Behavioural traits from literature 1,Restricted access,Herberstein & Elgar 1994,Herberstein ME & Elgar MA. 1994. Foraging strategies of Eriophora transmarina and Nephila plumipes (Araneae: Araneoidea): Nocturnal and diurnal orb‐weaving spiders. Australian Journal of Ecology 19(4): 451–457.,,
384906,urn:lsid:nmbe.ch:spidersp:013943,Nephila plumipes,Araneidae,Trichonephila,clavipes,,bodm,Body mass,Morphometry,access restricted,0,Min,Female,All,,32,,wei,Weighing,,,,,,,,,,,,,,Behavioural traits from literature 1,Restricted access,Herberstein & Elgar 1994,Herberstein ME & Elgar MA. 1994. Foraging strategies of Eriophora transmarina and Nephila plumipes (Araneae: Araneoidea): Nocturnal and diurnal orb‐weaving spiders. Australian Journal of Ecology 19(4): 451–457.,,
384907,urn:lsid:nmbe.ch:spidersp:013943,Nephila plumipes,Araneidae,Trichonephila,clavipes,,bodm,Body mass,Morphometry,access restricted,0,Max,Female,All,,32,,wei,Weighing,,,,,,,,,,,,,,Behavioural traits from literature 1,Restricted access,Herberstein & Elgar 1994,Herberstein ME & Elgar MA. 1994. Foraging strategies of Eriophora transmarina and Nephila plumipes (Araneae: Araneoidea): Nocturnal and diurnal orb‐weaving spiders. Australian Journal of Ecology 19(4): 451–457.,,
602340,urn:lsid:nmbe.ch:spidersp:026079,Zodarion jozefienae,Zodariidae,Zodarion,jozefienae,,bodm,Body mass,Morphometry,0.0156,0.0156,Single observation,Female,Adult,,,,mor,Morphometry,,,,,,,,,,PRT,Portugal,,,Data from published papers of Pekar 2007-2011,Free access,Pekár et al. 2011a,"Pekár S, Bilde T & Martišová M. 2011a. Intersexual trophic niche partitioning in an ant-eating spider (Araneae: Zodariidae). PLoS One 6(1): e14603.",,
602341,urn:lsid:nmbe.ch:spidersp:026079,Zodarion jozefienae,Zodariidae,Zodarion,jozefienae,,bodm,Body mass,Morphometry,0.0137,0.0137,Single observation,Female,Adult,,,,mor,Morphometry,,,,,,,,,,PRT,Portugal,,,Data from published papers of Pekar 2007-2011,Free access,Pekár et al. 2011a,"Pekár S, Bilde T & Martišová M. 2011a. Intersexual trophic niche partitioning in an ant-eating spider (Araneae: Zodariidae). PLoS One 6(1): e14603.",,
602342,urn:lsid:nmbe.ch:spidersp:026079,Zodarion jozefienae,Zodariidae,Zodarion,jozefienae,,bodm,Body mass,Morphometry,0.0122,0.0122,Single observation,Female,Adult,,,,mor,Morphometry,,,,,,,,,,PRT,Portugal,,,Data from published papers of Pekar 2007-2011,Free access,Pekár et al. 2011a,"Pekár S, Bilde T & Martišová M. 2011a. Intersexual trophic niche partitioning in an ant-eating spider (Araneae: Zodariidae). PLoS One 6(1): e14603.",,
602343,urn:lsid:nmbe.ch:spidersp:026079,Zodarion jozefienae,Zodariidae,Zodarion,jozefienae,,bodm,Body mass,Morphometry,0.0112,0.0112,Single observation,Female,Adult,,,,mor,Morphometry,,,,,,,,,,PRT,Portugal,,,Data from published papers of Pekar 2007-2011,Free access,Pekár et al. 2011a,"Pekár S, Bilde T & Martišová M. 2011a. Intersexual trophic niche partitioning in an ant-eating spider (Araneae: Zodariidae). PLoS One 6(1): e14603.",,
602344,urn:lsid:nmbe.ch:spidersp:026079,Zodarion jozefienae,Zodariidae,Zodarion,jozefienae,,bodm,Body mass,Morphometry,0.012,0.012,Single observation,Female,Adult,,,,mor,Morphometry,,,,,,,,,,PRT,Portugal,,,Data from published papers of Pekar 2007-2011,Free access,Pekár et al. 2011a,"Pekár S, Bilde T & Martišová M. 2011a. Intersexual trophic niche partitioning in an ant-eating spider (Araneae: Zodariidae). PLoS One 6(1): e14603.",,
602345,urn:lsid:nmbe.ch:spidersp:026079,Zodarion jozefienae,Zodariidae,Zodarion,jozefienae,,bodm,Body mass,Morphometry,0.0128,0.0128,Single observation,Female,Adult,,,,mor,Morphometry,,,,,,,,,,PRT,Portugal,,,Data from published papers of Pekar 2007-2011,Free access,Pekár et al. 2011a,"Pekár S, Bilde T & Martišová M. 2011a. Intersexual trophic niche partitioning in an ant-eating spider (Araneae: Zodariidae). PLoS One 6(1): e14603.",,
602346,urn:lsid:nmbe.ch:spidersp:026079,Zodarion jozefienae,Zodariidae,Zodarion,jozefienae,,bodm,Body mass,Morphometry,0.0121,0.0121,Single observation,Female,Adult,,,,mor,Morphometry,,,,,,,,,,PRT,Portugal,,,Data from published papers of Pekar 2007-2011,Free access,Pekár et al. 2011a,"Pekár S, Bilde T & Martišová M. 2011a. Intersexual trophic niche partitioning in an ant-eating spider (Araneae: Zodariidae). PLoS One 6(1): e14603.",,
602347,urn:lsid:nmbe.ch:spidersp:026079,Zodarion jozefienae,Zodariidae,Zodarion,jozefienae,,bodm,Body mass,Morphometry,0.0104,0.0104,Single observation,Female,Adult,,,,mor,Morphometry,,,,,,,,,,PRT,Portugal,,,Data from published papers of Pekar 2007-2011,Free access,Pekár et al. 2011a,"Pekár S, Bilde T & Martišová M. 2011a. Intersexual trophic niche partitioning in an ant-eating spider (Araneae: Zodariidae). PLoS One 6(1): e14603.",,
602348,urn:lsid:nmbe.ch:spidersp:026079,Zodarion jozefienae,Zodariidae,Zodarion,jozefienae,,bodm,Body mass,Morphometry,0.0129,0.0129,Single observation,Female,Adult,,,,mor,Morphometry,,,,,,,,,,PRT,Portugal,,,Data from published papers of Pekar 2007-2011,Free access,Pekár et al. 2011a,"Pekár S, Bilde T & Martišová M. 2011a. Intersexual trophic niche partitioning in an ant-eating spider (Araneae: Zodariidae). PLoS One 6(1): e14603.",,
602349,urn:lsid:nmbe.ch:spidersp:026079,Zodarion jozefienae,Zodariidae,Zodarion,jozefienae,,bodm,Body mass,Morphometry,0.0134,0.0134,Single observation,Female,Adult,,,,mor,Morphometry,,,,,,,,,,PRT,Portugal,,,Data from published papers of Pekar 2007-2011,Free access,Pekár et al. 2011a,"Pekár S, Bilde T & Martišová M. 2011a. Intersexual trophic niche partitioning in an ant-eating spider (Araneae: Zodariidae). PLoS One 6(1): e14603.",,
602350,urn:lsid:nmbe.ch:spidersp:026079,Zodarion jozefienae,Zodariidae,Zodarion,jozefienae,,bodm,Body mass,Morphometry,0.0097,0.0097,Single observation,Female,Adult,,,,mor,Morphometry,,,,,,,,,,PRT,Portugal,,,Data from published papers of Pekar 2007-2011,Free access,Pekár et al. 2011a,"Pekár S, Bilde T & Martišová M. 2011a. Intersexual trophic niche partitioning in an ant-eating spider (Araneae: Zodariidae). PLoS One 6(1): e14603.",,
602351,urn:lsid:nmbe.ch:spidersp:026079,Zodarion jozefienae,Zodariidae,Zodarion,jozefienae,,bodm,Body mass,Morphometry,0.0156,0.0156,Single observation,Female,Adult,,,,mor,Morphometry,,,,,,,,,,PRT,Portugal,,,Data from published papers of Pekar 2007-2011,Free access,Pekár et al. 2011a,"Pekár S, Bilde T & Martišová M. 2011a. Intersexual trophic niche partitioning in an ant-eating spider (Araneae: Zodariidae). PLoS One 6(1): e14603.",,
602352,urn:lsid:nmbe.ch:spidersp:026079,Zodarion jozefienae,Zodariidae,Zodarion,jozefienae,,bodm,Body mass,Morphometry,0.0122,0.0122,Single observation,Female,Adult,,,,mor,Morphometry,,,,,,,,,,PRT,Portugal,,,Data from published papers of Pekar 2007-2011,Free access,Pekár et al. 2011a,"Pekár S, Bilde T & Martišová M. 2011a. Intersexual trophic niche partitioning in an ant-eating spider (Araneae: Zodariidae). PLoS One 6(1): e14603.",,
602353,urn:lsid:nmbe.ch:spidersp:026079,Zodarion jozefienae,Zodariidae,Zodarion,jozefienae,,bodm,Body mass,Morphometry,0.00561,0.0056,Single observation,Female,Adult,,,,mor,Morphometry,,,,,,,,,,PRT,Portugal,,,Data from published papers of Pekar 2007-2011,Free access,Pekár et al. 2011a,"Pekár S, Bilde T & Martišová M. 2011a. Intersexual trophic niche partitioning in an ant-eating spider (Araneae: Zodariidae). PLoS One 6(1): e14603.",,
602354,urn:lsid:nmbe.ch:spidersp:026079,Zodarion jozefienae,Zodariidae,Zodarion,jozefienae,,bodm,Body mass,Morphometry,0.00411,0.0041,Single observation,Female,Adult,,,,mor,Morphometry,,,,,,,,,,PRT,Portugal,,,Data from published papers of Pekar 2007-2011,Free access,Pekár et al. 2011a,"Pekár S, Bilde T & Martišová M. 2011a. Intersexual trophic niche partitioning in an ant-eating spider (Araneae: Zodariidae). PLoS One 6(1): e14603.",,
602355,urn:lsid:nmbe.ch:spidersp:026079,Zodarion jozefienae,Zodariidae,Zodarion,jozefienae,,bodm,Body mass,Morphometry,0.01248,0.0125,Single observation,Female,Adult,,,,mor,Morphometry,,,,,,,,,,PRT,Portugal,,,Data from published papers of Pekar 2007-2011,Free access,Pekár et al. 2011a,"Pekár S, Bilde T & Martišová M. 2011a. Intersexual trophic niche partitioning in an ant-eating spider (Araneae: Zodariidae). PLoS One 6(1): e14603.",,
602356,urn:lsid:nmbe.ch:spidersp:026079,Zodarion jozefienae,Zodariidae,Zodarion,jozefienae,,bodm,Body mass,Morphometry,0.00824,0.0082,Single observation,Female,Adult,,,,mor,Morphometry,,,,,,,,,,PRT,Portugal,,,Data from published papers of Pekar 2007-2011,Free access,Pekár et al. 2011a,"Pekár S, Bilde T & Martišová M. 2011a. Intersexual trophic niche partitioning in an ant-eating spider (Araneae: Zodariidae). PLoS One 6(1): e14603.",,
602357,urn:lsid:nmbe.ch:spidersp:026079,Zodarion jozefienae,Zodariidae,Zodarion,jozefienae,,bodm,Body mass,Morphometry,0.00879,0.0088,Single observation,Female,Adult,,,,mor,Morphometry,,,,,,,,,,PRT,Portugal,,,Data from published papers of Pekar 2007-2011,Free access,Pekár et al. 2011a,"Pekár S, Bilde T & Martišová M. 2011a. Intersexual trophic niche partitioning in an ant-eating spider (Araneae: Zodariidae). PLoS One 6(1): e14603.",,
602358,urn:lsid:nmbe.ch:spidersp:026079,Zodarion jozefienae,Zodariidae,Zodarion,jozefienae,,bodm,Body mass,Morphometry,0.00466,0.0047,Single observation,Female,Adult,,,,mor,Morphometry,,,,,,,,,,PRT,Portugal,,,Data from published papers of Pekar 2007-2011,Free access,Pekár et al. 2011a,"Pekár S, Bilde T & Martišová M. 2011a. Intersexual trophic niche partitioning in an ant-eating spider (Araneae: Zodariidae). PLoS One 6(1): e14603.",,
602359,urn:lsid:nmbe.ch:spidersp:026079,Zodarion jozefienae,Zodariidae,Zodarion,jozefienae,,bodm,Body mass,Morphometry,0.00415,0.0042,Single observation,Female,Adult,,,,mor,Morphometry,,,,,,,,,,PRT,Portugal,,,Data from published papers of Pekar 2007-2011,Free access,Pekár et al. 2011a,"Pekár S, Bilde T & Martišová M. 2011a. Intersexual trophic niche partitioning in an ant-eating spider (Araneae: Zodariidae). PLoS One 6(1): e14603.",,
602360,urn:lsid:nmbe.ch:spidersp:026079,Zodarion jozefienae,Zodariidae,Zodarion,jozefienae,,bodm,Body mass,Morphometry,0.00456,0.0046,Single observation,Female,Adult,,,,mor,Morphometry,,,,,,,,,,PRT,Portugal,,,Data from published papers of Pekar 2007-2011,Free access,Pekár et al. 2011a,"Pekár S, Bilde T & Martišová M. 2011a. Intersexual trophic niche partitioning in an ant-eating spider (Araneae: Zodariidae). PLoS One 6(1): e14603.",,
602361,urn:lsid:nmbe.ch:spidersp:026079,Zodarion jozefienae,Zodariidae,Zodarion,jozefienae,,bodm,Body mass,Morphometry,0.00936,0.0094,Single observation,Female,Adult,,,,mor,Morphometry,,,,,,,,,,PRT,Portugal,,,Data from published papers of Pekar 2007-2011,Free access,Pekár et al. 2011a,"Pekár S, Bilde T & Martišová M. 2011a. Intersexual trophic niche partitioning in an ant-eating spider (Araneae: Zodariidae). PLoS One 6(1): e14603.",,
602362,urn:lsid:nmbe.ch:spidersp:026079,Zodarion jozefienae,Zodariidae,Zodarion,jozefienae,,bodm,Body mass,Morphometry,0.00649,0.0065,Single observation,Female,Adult,,,,mor,Morphometry,,,,,,,,,,PRT,Portugal,,,Data from published papers of Pekar 2007-2011,Free access,Pekár et al. 2011a,"Pekár S, Bilde T & Martišová M. 2011a. Intersexual trophic niche partitioning in an ant-eating spider (Araneae: Zodariidae). PLoS One 6(1): e14603.",,
602363,urn:lsid:nmbe.ch:spidersp:026079,Zodarion jozefienae,Zodariidae,Zodarion,jozefienae,,bodm,Body mass,Morphometry,0.00518,0.0052,Single observation,Female,Adult,,,,mor,Morphometry,,,,,,,,,,PRT,Portugal,,,Data from published papers of Pekar 2007-2011,Free access,Pekár et al. 2011a,"Pekár S, Bilde T & Martišová M. 2011a. Intersexual trophic niche partitioning in an ant-eating spider (Araneae: Zodariidae). PLoS One 6(1): e14603.",,
602364,urn:lsid:nmbe.ch:spidersp:026079,Zodarion jozefienae,Zodariidae,Zodarion,jozefienae,,bodm,Body mass,Morphometry,0.00349,0.0035,Single observation,Female,Adult,,,,mor,Morphometry,,,,,,,,,,PRT,Portugal,,,Data from published papers of Pekar 2007-2011,Free access,Pekár et al. 2011a,"Pekár S, Bilde T & Martišová M. 2011a. Intersexual trophic niche partitioning in an ant-eating spider (Araneae: Zodariidae). PLoS One 6(1): e14603.",,
602365,urn:lsid:nmbe.ch:spidersp:026079,Zodarion jozefienae,Zodariidae,Zodarion,jozefienae,,bodm,Body mass,Morphometry,0.00529,0.0053,Single observation,Female,Adult,,,,mor,Morphometry,,,,,,,,,,PRT,Portugal,,,Data from published papers of Pekar 2007-2011,Free access,Pekár et al. 2011a,"Pekár S, Bilde T & Martišová M. 2011a. Intersexual trophic niche partitioning in an ant-eating spider (Araneae: Zodariidae). PLoS One 6(1): e14603.",,
602366,urn:lsid:nmbe.ch:spidersp:026079,Zodarion jozefienae,Zodariidae,Zodarion,jozefienae,,bodm,Body mass,Morphometry,0.00553,0.0055,Single observation,Female,Adult,,,,mor,Morphometry,,,,,,,,,,PRT,Portugal,,,Data from published papers of Pekar 2007-2011,Free access,Pekár et al. 2011a,"Pekár S, Bilde T & Martišová M. 2011a. Intersexual trophic niche partitioning in an ant-eating spider (Araneae: Zodariidae). PLoS One 6(1): e14603.",,
602367,urn:lsid:nmbe.ch:spidersp:026079,Zodarion jozefienae,Zodariidae,Zodarion,jozefienae,,bodm,Body mass,Morphometry,0.00492,0.0049,Single observation,Female,Adult,,,,mor,Morphometry,,,,,,,,,,PRT,Portugal,,,Data from published papers of Pekar 2007-2011,Free access,Pekár et al. 2011a,"Pekár S, Bilde T & Martišová M. 2011a. Intersexual trophic niche partitioning in an ant-eating spider (Araneae: Zodariidae). PLoS One 6(1): e14603.",,
602368,urn:lsid:nmbe.ch:spidersp:026079,Zodarion jozefienae,Zodariidae,Zodarion,jozefienae,,bodm,Body mass,Morphometry,0.00633,0.0063,Single observation,Female,Adult,,,,mor,Morphometry,,,,,,,,,,PRT,Portugal,,,Data from published papers of Pekar 2007-2011,Free access,Pekár et al. 2011a,"Pekár S, Bilde T & Martišová M. 2011a. Intersexual trophic niche partitioning in an ant-eating spider (Araneae: Zodariidae). PLoS One 6(1): e14603.",,
602369,urn:lsid:nmbe.ch:spidersp:026079,Zodarion jozefienae,Zodariidae,Zodarion,jozefienae,,bodm,Body mass,Morphometry,0.00534,0.0053,Single observation,Female,Adult,,,,mor,Morphometry,,,,,,,,,,PRT,Portugal,,,Data from published papers of Pekar 2007-2011,Free access,Pekár et al. 2011a,"Pekár S, Bilde T & Martišová M. 2011a. Intersexual trophic niche partitioning in an ant-eating spider (Araneae: Zodariidae). PLoS One 6(1): e14603.",,
602370,urn:lsid:nmbe.ch:spidersp:026079,Zodarion jozefienae,Zodariidae,Zodarion,jozefienae,,bodm,Body mass,Morphometry,0.00631,0.0063,Single observation,Female,Adult,,,,mor,Morphometry,,,,,,,,,,PRT,Portugal,,,Data from published papers of Pekar 2007-2011,Free access,Pekár et al. 2011a,"Pekár S, Bilde T & Martišová M. 2011a. Intersexual trophic niche partitioning in an ant-eating spider (Araneae: Zodariidae). PLoS One 6(1): e14603.",,
602371,urn:lsid:nmbe.ch:spidersp:026079,Zodarion jozefienae,Zodariidae,Zodarion,jozefienae,,bodm,Body mass,Morphometry,0.00485,0.0049,Single observation,Female,Adult,,,,mor,Morphometry,,,,,,,,,,PRT,Portugal,,,Data from published papers of Pekar 2007-2011,Free access,Pekár et al. 2011a,"Pekár S, Bilde T & Martišová M. 2011a. Intersexual trophic niche partitioning in an ant-eating spider (Araneae: Zodariidae). PLoS One 6(1): e14603.",,
602372,urn:lsid:nmbe.ch:spidersp:026079,Zodarion jozefienae,Zodariidae,Zodarion,jozefienae,,bodm,Body mass,Morphometry,0.00596,0.006,Single observation,Female,Adult,,,,mor,Morphometry,,,,,,,,,,PRT,Portugal,,,Data from published papers of Pekar 2007-2011,Free access,Pekár et al. 2011a,"Pekár S, Bilde T & Martišová M. 2011a. Intersexual trophic niche partitioning in an ant-eating spider (Araneae: Zodariidae). PLoS One 6(1): e14603.",,
602373,urn:lsid:nmbe.ch:spidersp:026079,Zodarion jozefienae,Zodariidae,Zodarion,jozefienae,,bodm,Body mass,Morphometry,0.00702,0.007,Single observation,Female,Adult,,,,mor,Morphometry,,,,,,,,,,PRT,Portugal,,,Data from published papers of Pekar 2007-2011,Free access,Pekár et al. 2011a,"Pekár S, Bilde T & Martišová M. 2011a. Intersexual trophic niche partitioning in an ant-eating spider (Araneae: Zodariidae). PLoS One 6(1): e14603.",,
602374,urn:lsid:nmbe.ch:spidersp:026079,Zodarion jozefienae,Zodariidae,Zodarion,jozefienae,,bodm,Body mass,Morphometry,0.00602,0.006,Single observation,Female,Adult,,,,mor,Morphometry,,,,,,,,,,PRT,Portugal,,,Data from published papers of Pekar 2007-2011,Free access,Pekár et al. 2011a,"Pekár S, Bilde T & Martišová M. 2011a. Intersexual trophic niche partitioning in an ant-eating spider (Araneae: Zodariidae). PLoS One 6(1): e14603.",,
602375,urn:lsid:nmbe.ch:spidersp:026079,Zodarion jozefienae,Zodariidae,Zodarion,jozefienae,,bodm,Body mass,Morphometry,0.00846,0.0085,Single observation,Female,Adult,,,,mor,Morphometry,,,,,,,,,,PRT,Portugal,,,Data from published papers of Pekar 2007-2011,Free access,Pekár et al. 2011a,"Pekár S, Bilde T & Martišová M. 2011a. Intersexual trophic niche partitioning in an ant-eating spider (Araneae: Zodariidae). PLoS One 6(1): e14603.",,
602376,urn:lsid:nmbe.ch:spidersp:026079,Zodarion jozefienae,Zodariidae,Zodarion,jozefienae,,bodm,Body mass,Morphometry,0.00426,0.0043,Single observation,Female,Adult,,,,mor,Morphometry,,,,,,,,,,PRT,Portugal,,,Data from published papers of Pekar 2007-2011,Free access,Pekár et al. 2011a,"Pekár S, Bilde T & Martišová M. 2011a. Intersexual trophic niche partitioning in an ant-eating spider (Araneae: Zodariidae). PLoS One 6(1): e14603.",,
602377,urn:lsid:nmbe.ch:spidersp:026079,Zodarion jozefienae,Zodariidae,Zodarion,jozefienae,,bodm,Body mass,Morphometry,0.00345,0.0035,Single observation,Female,Adult,,,,mor,Morphometry,,,,,,,,,,PRT,Portugal,,,Data from published papers of Pekar 2007-2011,Free access,Pekár et al. 2011a,"Pekár S, Bilde T & Martišová M. 2011a. Intersexual trophic niche partitioning in an ant-eating spider (Araneae: Zodariidae). PLoS One 6(1): e14603.",,
602378,urn:lsid:nmbe.ch:spidersp:026079,Zodarion jozefienae,Zodariidae,Zodarion,jozefienae,,bodm,Body mass,Morphometry,0.00519,0.0052,Single observation,Female,Adult,,,,mor,Morphometry,,,,,,,,,,PRT,Portugal,,,Data from published papers of Pekar 2007-2011,Free access,Pekár et al. 2011a,"Pekár S, Bilde T & Martišová M. 2011a. Intersexual trophic niche partitioning in an ant-eating spider (Araneae: Zodariidae). PLoS One 6(1): e14603.",,
602379,urn:lsid:nmbe.ch:spidersp:026079,Zodarion jozefienae,Zodariidae,Zodarion,jozefienae,,bodm,Body mass,Morphometry,0.00858,0.0086,Single observation,Female,Adult,,,,mor,Morphometry,,,,,,,,,,PRT,Portugal,,,Data from published papers of Pekar 2007-2011,Free access,Pekár et al. 2011a,"Pekár S, Bilde T & Martišová M. 2011a. Intersexual trophic niche partitioning in an ant-eating spider (Araneae: Zodariidae). PLoS One 6(1): e14603.",,
602380,urn:lsid:nmbe.ch:spidersp:026079,Zodarion jozefienae,Zodariidae,Zodarion,jozefienae,,bodm,Body mass,Morphometry,0.00629,0.0063,Single observation,Female,Adult,,,,mor,Morphometry,,,,,,,,,,PRT,Portugal,,,Data from published papers of Pekar 2007-2011,Free access,Pekár et al. 2011a,"Pekár S, Bilde T & Martišová M. 2011a. Intersexual trophic niche partitioning in an ant-eating spider (Araneae: Zodariidae). PLoS One 6(1): e14603.",,
602381,urn:lsid:nmbe.ch:spidersp:026079,Zodarion jozefienae,Zodariidae,Zodarion,jozefienae,,bodm,Body mass,Morphometry,0.0071,0.0071,Single observation,Female,Adult,,,,mor,Morphometry,,,,,,,,,,PRT,Portugal,,,Data from published papers of Pekar 2007-2011,Free access,Pekár et al. 2011a,"Pekár S, Bilde T & Martišová M. 2011a. Intersexual trophic niche partitioning in an ant-eating spider (Araneae: Zodariidae). PLoS One 6(1): e14603.",,
602382,urn:lsid:nmbe.ch:spidersp:026079,Zodarion jozefienae,Zodariidae,Zodarion,jozefienae,,bodm,Body mass,Morphometry,0.00374,0.0037,Single observation,Female,Adult,,,,mor,Morphometry,,,,,,,,,,PRT,Portugal,,,Data from published papers of Pekar 2007-2011,Free access,Pekár et al. 2011a,"Pekár S, Bilde T & Martišová M. 2011a. Intersexual trophic niche partitioning in an ant-eating spider (Araneae: Zodariidae). PLoS One 6(1): e14603.",,
602383,urn:lsid:nmbe.ch:spidersp:026079,Zodarion jozefienae,Zodariidae,Zodarion,jozefienae,,bodm,Body mass,Morphometry,0.00466,0.0047,Single observation,Female,Adult,,,,mor,Morphometry,,,,,,,,,,PRT,Portugal,,,Data from published papers of Pekar 2007-2011,Free access,Pekár et al. 2011a,"Pekár S, Bilde T & Martišová M. 2011a. Intersexual trophic niche partitioning in an ant-eating spider (Araneae: Zodariidae). PLoS One 6(1): e14603.",,
602384,urn:lsid:nmbe.ch:spidersp:026079,Zodarion jozefienae,Zodariidae,Zodarion,jozefienae,,bodm,Body mass,Morphometry,0.00577,0.0058,Single observation,Female,Adult,,,,mor,Morphometry,,,,,,,,,,PRT,Portugal,,,Data from published papers of Pekar 2007-2011,Free access,Pekár et al. 2011a,"Pekár S, Bilde T & Martišová M. 2011a. Intersexual trophic niche partitioning in an ant-eating spider (Araneae: Zodariidae). PLoS One 6(1): e14603.",,
602385,urn:lsid:nmbe.ch:spidersp:026079,Zodarion jozefienae,Zodariidae,Zodarion,jozefienae,,bodm,Body mass,Morphometry,0.00482,0.0048,Single observation,Female,Adult,,,,mor,Morphometry,,,,,,,,,,PRT,Portugal,,,Data from published papers of Pekar 2007-2011,Free access,Pekár et al. 2011a,"Pekár S, Bilde T & Martišová M. 2011a. Intersexual trophic niche partitioning in an ant-eating spider (Araneae: Zodariidae). PLoS One 6(1): e14603.",,
602386,urn:lsid:nmbe.ch:spidersp:026079,Zodarion jozefienae,Zodariidae,Zodarion,jozefienae,,bodm,Body mass,Morphometry,0.0019,0.0019,Single observation,Male,Adult,,,,mor,Morphometry,,,,,,,,,,PRT,Portugal,,,Data from published papers of Pekar 2007-2011,Free access,Pekár et al. 2011a,"Pekár S, Bilde T & Martišová M. 2011a. Intersexual trophic niche partitioning in an ant-eating spider (Araneae: Zodariidae). PLoS One 6(1): e14603.",,
602387,urn:lsid:nmbe.ch:spidersp:026079,Zodarion jozefienae,Zodariidae,Zodarion,jozefienae,,bodm,Body mass,Morphometry,0.0021,0.0021,Single observation,Male,Adult,,,,mor,Morphometry,,,,,,,,,,PRT,Portugal,,,Data from published papers of Pekar 2007-2011,Free access,Pekár et al. 2011a,"Pekár S, Bilde T & Martišová M. 2011a. Intersexual trophic niche partitioning in an ant-eating spider (Araneae: Zodariidae). PLoS One 6(1): e14603.",,
602388,urn:lsid:nmbe.ch:spidersp:026079,Zodarion jozefienae,Zodariidae,Zodarion,jozefienae,,bodm,Body mass,Morphometry,0.0028,0.0028,Single observation,Male,Adult,,,,mor,Morphometry,,,,,,,,,,PRT,Portugal,,,Data from published papers of Pekar 2007-2011,Free access,Pekár et al. 2011a,"Pekár S, Bilde T & Martišová M. 2011a. Intersexual trophic niche partitioning in an ant-eating spider (Araneae: Zodariidae). PLoS One 6(1): e14603.",,
602389,urn:lsid:nmbe.ch:spidersp:026079,Zodarion jozefienae,Zodariidae,Zodarion,jozefienae,,bodm,Body mass,Morphometry,0.0036,0.0036,Single observation,Male,Adult,,,,mor,Morphometry,,,,,,,,,,PRT,Portugal,,,Data from published papers of Pekar 2007-2011,Free access,Pekár et al. 2011a,"Pekár S, Bilde T & Martišová M. 2011a. Intersexual trophic niche partitioning in an ant-eating spider (Araneae: Zodariidae). PLoS One 6(1): e14603.",,
602390,urn:lsid:nmbe.ch:spidersp:026079,Zodarion jozefienae,Zodariidae,Zodarion,jozefienae,,bodm,Body mass,Morphometry,0.0022,0.0022,Single observation,Male,Adult,,,,mor,Morphometry,,,,,,,,,,PRT,Portugal,,,Data from published papers of Pekar 2007-2011,Free access,Pekár et al. 2011a,"Pekár S, Bilde T & Martišová M. 2011a. Intersexual trophic niche partitioning in an ant-eating spider (Araneae: Zodariidae). PLoS One 6(1): e14603.",,
602391,urn:lsid:nmbe.ch:spidersp:026079,Zodarion jozefienae,Zodariidae,Zodarion,jozefienae,,bodm,Body mass,Morphometry,0.00173,0.0017,Single observation,Male,Adult,,,,mor,Morphometry,,,,,,,,,,PRT,Portugal,,,Data from published papers of Pekar 2007-2011,Free access,Pekár et al. 2011a,"Pekár S, Bilde T & Martišová M. 2011a. Intersexual trophic niche partitioning in an ant-eating spider (Araneae: Zodariidae). PLoS One 6(1): e14603.",,
602392,urn:lsid:nmbe.ch:spidersp:026079,Zodarion jozefienae,Zodariidae,Zodarion,jozefienae,,bodm,Body mass,Morphometry,0.00206,0.0021,Single observation,Male,Adult,,,,mor,Morphometry,,,,,,,,,,PRT,Portugal,,,Data from published papers of Pekar 2007-2011,Free access,Pekár et al. 2011a,"Pekár S, Bilde T & Martišová M. 2011a. Intersexual trophic niche partitioning in an ant-eating spider (Araneae: Zodariidae). PLoS One 6(1): e14603.",,
602393,urn:lsid:nmbe.ch:spidersp:026079,Zodarion jozefienae,Zodariidae,Zodarion,jozefienae,,bodm,Body mass,Morphometry,0.0018,0.0018,Single observation,Male,Adult,,,,mor,Morphometry,,,,,,,,,,PRT,Portugal,,,Data from published papers of Pekar 2007-2011,Free access,Pekár et al. 2011a,"Pekár S, Bilde T & Martišová M. 2011a. Intersexual trophic niche partitioning in an ant-eating spider (Araneae: Zodariidae). PLoS One 6(1): e14603.",,
602394,urn:lsid:nmbe.ch:spidersp:026079,Zodarion jozefienae,Zodariidae,Zodarion,jozefienae,,bodm,Body mass,Morphometry,0.00156,0.0016,Single observation,Male,Adult,,,,mor,Morphometry,,,,,,,,,,PRT,Portugal,,,Data from published papers of Pekar 2007-2011,Free access,Pekár et al. 2011a,"Pekár S, Bilde T & Martišová M. 2011a. Intersexual trophic niche partitioning in an ant-eating spider (Araneae: Zodariidae). PLoS One 6(1): e14603.",,
602395,urn:lsid:nmbe.ch:spidersp:026079,Zodarion jozefienae,Zodariidae,Zodarion,jozefienae,,bodm,Body mass,Morphometry,0.0018,0.0018,Single observation,Male,Adult,,,,mor,Morphometry,,,,,,,,,,PRT,Portugal,,,Data from published papers of Pekar 2007-2011,Free access,Pekár et al. 2011a,"Pekár S, Bilde T & Martišová M. 2011a. Intersexual trophic niche partitioning in an ant-eating spider (Araneae: Zodariidae). PLoS One 6(1): e14603.",,
602396,urn:lsid:nmbe.ch:spidersp:026079,Zodarion jozefienae,Zodariidae,Zodarion,jozefienae,,bodm,Body mass,Morphometry,0.00185,0.0019,Single observation,Male,Adult,,,,mor,Morphometry,,,,,,,,,,PRT,Portugal,,,Data from published papers of Pekar 2007-2011,Free access,Pekár et al. 2011a,"Pekár S, Bilde T & Martišová M. 2011a. Intersexual trophic niche partitioning in an ant-eating spider (Araneae: Zodariidae). PLoS One 6(1): e14603.",,
602397,urn:lsid:nmbe.ch:spidersp:026079,Zodarion jozefienae,Zodariidae,Zodarion,jozefienae,,bodm,Body mass,Morphometry,0.00139,0.0014,Single observation,Male,Adult,,,,mor,Morphometry,,,,,,,,,,PRT,Portugal,,,Data from published papers of Pekar 2007-2011,Free access,Pekár et al. 2011a,"Pekár S, Bilde T & Martišová M. 2011a. Intersexual trophic niche partitioning in an ant-eating spider (Araneae: Zodariidae). PLoS One 6(1): e14603.",,
602398,urn:lsid:nmbe.ch:spidersp:026079,Zodarion jozefienae,Zodariidae,Zodarion,jozefienae,,bodm,Body mass,Morphometry,0.00213,0.0021,Single observation,Male,Adult,,,,mor,Morphometry,,,,,,,,,,PRT,Portugal,,,Data from published papers of Pekar 2007-2011,Free access,Pekár et al. 2011a,"Pekár S, Bilde T & Martišová M. 2011a. Intersexual trophic niche partitioning in an ant-eating spider (Araneae: Zodariidae). PLoS One 6(1): e14603.",,
602399,urn:lsid:nmbe.ch:spidersp:026079,Zodarion jozefienae,Zodariidae,Zodarion,jozefienae,,bodm,Body mass,Morphometry,0.00225,0.0023,Single observation,Male,Adult,,,,mor,Morphometry,,,,,,,,,,PRT,Portugal,,,Data from published papers of Pekar 2007-2011,Free access,Pekár et al. 2011a,"Pekár S, Bilde T & Martišová M. 2011a. Intersexual trophic niche partitioning in an ant-eating spider (Araneae: Zodariidae). PLoS One 6(1): e14603.",,
602400,urn:lsid:nmbe.ch:spidersp:026079,Zodarion jozefienae,Zodariidae,Zodarion,jozefienae,,bodm,Body mass,Morphometry,0.00212,0.0021,Single observation,Male,Adult,,,,mor,Morphometry,,,,,,,,,,PRT,Portugal,,,Data from published papers of Pekar 2007-2011,Free access,Pekár et al. 2011a,"Pekár S, Bilde T & Martišová M. 2011a. Intersexual trophic niche partitioning in an ant-eating spider (Araneae: Zodariidae). PLoS One 6(1): e14603.",,
602401,urn:lsid:nmbe.ch:spidersp:026079,Zodarion jozefienae,Zodariidae,Zodarion,jozefienae,,bodm,Body mass,Morphometry,0.00179,0.0018,Single observation,Male,Adult,,,,mor,Morphometry,,,,,,,,,,PRT,Portugal,,,Data from published papers of Pekar 2007-2011,Free access,Pekár et al. 2011a,"Pekár S, Bilde T & Martišová M. 2011a. Intersexual trophic niche partitioning in an ant-eating spider (Araneae: Zodariidae). PLoS One 6(1): e14603.",,
602402,urn:lsid:nmbe.ch:spidersp:026079,Zodarion jozefienae,Zodariidae,Zodarion,jozefienae,,bodm,Body mass,Morphometry,0.00235,0.0024,Single observation,Male,Adult,,,,mor,Morphometry,,,,,,,,,,PRT,Portugal,,,Data from published papers of Pekar 2007-2011,Free access,Pekár et al. 2011a,"Pekár S, Bilde T & Martišová M. 2011a. Intersexual trophic niche partitioning in an ant-eating spider (Araneae: Zodariidae). PLoS One 6(1): e14603.",,
602403,urn:lsid:nmbe.ch:spidersp:026079,Zodarion jozefienae,Zodariidae,Zodarion,jozefienae,,bodm,Body mass,Morphometry,0.00194,0.0019,Single observation,Male,Adult,,,,mor,Morphometry,,,,,,,,,,PRT,Portugal,,,Data from published papers of Pekar 2007-2011,Free access,Pekár et al. 2011a,"Pekár S, Bilde T & Martišová M. 2011a. Intersexual trophic niche partitioning in an ant-eating spider (Araneae: Zodariidae). PLoS One 6(1): e14603.",,
602404,urn:lsid:nmbe.ch:spidersp:026079,Zodarion jozefienae,Zodariidae,Zodarion,jozefienae,,bodm,Body mass,Morphometry,0.00151,0.0015,Single observation,Male,Adult,,,,mor,Morphometry,,,,,,,,,,PRT,Portugal,,,Data from published papers of Pekar 2007-2011,Free access,Pekár et al. 2011a,"Pekár S, Bilde T & Martišová M. 2011a. Intersexual trophic niche partitioning in an ant-eating spider (Araneae: Zodariidae). PLoS One 6(1): e14603.",,
602405,urn:lsid:nmbe.ch:spidersp:026079,Zodarion jozefienae,Zodariidae,Zodarion,jozefienae,,bodm,Body mass,Morphometry,0.00167,0.0017,Single observation,Male,Adult,,,,mor,Morphometry,,,,,,,,,,PRT,Portugal,,,Data from published papers of Pekar 2007-2011,Free access,Pekár et al. 2011a,"Pekár S, Bilde T & Martišová M. 2011a. Intersexual trophic niche partitioning in an ant-eating spider (Araneae: Zodariidae). PLoS One 6(1): e14603.",,
602406,urn:lsid:nmbe.ch:spidersp:026079,Zodarion jozefienae,Zodariidae,Zodarion,jozefienae,,bodm,Body mass,Morphometry,0.00154,0.0015,Single observation,Male,Adult,,,,mor,Morphometry,,,,,,,,,,PRT,Portugal,,,Data from published papers of Pekar 2007-2011,Free access,Pekár et al. 2011a,"Pekár S, Bilde T & Martišová M. 2011a. Intersexual trophic niche partitioning in an ant-eating spider (Araneae: Zodariidae). PLoS One 6(1): e14603.",,
602407,urn:lsid:nmbe.ch:spidersp:026079,Zodarion jozefienae,Zodariidae,Zodarion,jozefienae,,bodm,Body mass,Morphometry,0.00173,0.0017,Single observation,Male,Adult,,,,mor,Morphometry,,,,,,,,,,PRT,Portugal,,,Data from published papers of Pekar 2007-2011,Free access,Pekár et al. 2011a,"Pekár S, Bilde T & Martišová M. 2011a. Intersexual trophic niche partitioning in an ant-eating spider (Araneae: Zodariidae). PLoS One 6(1): e14603.",,
602408,urn:lsid:nmbe.ch:spidersp:026079,Zodarion jozefienae,Zodariidae,Zodarion,jozefienae,,bodm,Body mass,Morphometry,0.00157,0.0016,Single observation,Male,Adult,,,,mor,Morphometry,,,,,,,,,,PRT,Portugal,,,Data from published papers of Pekar 2007-2011,Free access,Pekár et al. 2011a,"Pekár S, Bilde T & Martišová M. 2011a. Intersexual trophic niche partitioning in an ant-eating spider (Araneae: Zodariidae). PLoS One 6(1): e14603.",,
602409,urn:lsid:nmbe.ch:spidersp:026079,Zodarion jozefienae,Zodariidae,Zodarion,jozefienae,,bodm,Body mass,Morphometry,0.00134,0.0013,Single observation,Male,Adult,,,,mor,Morphometry,,,,,,,,,,PRT,Portugal,,,Data from published papers of Pekar 2007-2011,Free access,Pekár et al. 2011a,"Pekár S, Bilde T & Martišová M. 2011a. Intersexual trophic niche partitioning in an ant-eating spider (Araneae: Zodariidae). PLoS One 6(1): e14603.",,
602410,urn:lsid:nmbe.ch:spidersp:026079,Zodarion jozefienae,Zodariidae,Zodarion,jozefienae,,bodm,Body mass,Morphometry,0.00124,0.0012,Single observation,Male,Adult,,,,mor,Morphometry,,,,,,,,,,PRT,Portugal,,,Data from published papers of Pekar 2007-2011,Free access,Pekár et al. 2011a,"Pekár S, Bilde T & Martišová M. 2011a. Intersexual trophic niche partitioning in an ant-eating spider (Araneae: Zodariidae). PLoS One 6(1): e14603.",,
602411,urn:lsid:nmbe.ch:spidersp:026079,Zodarion jozefienae,Zodariidae,Zodarion,jozefienae,,bodm,Body mass,Morphometry,0.00138,0.0014,Single observation,Male,Adult,,,,mor,Morphometry,,,,,,,,,,PRT,Portugal,,,Data from published papers of Pekar 2007-2011,Free access,Pekár et al. 2011a,"Pekár S, Bilde T & Martišová M. 2011a. Intersexual trophic niche partitioning in an ant-eating spider (Araneae: Zodariidae). PLoS One 6(1): e14603.",,
602412,urn:lsid:nmbe.ch:spidersp:026079,Zodarion jozefienae,Zodariidae,Zodarion,jozefienae,,bodm,Body mass,Morphometry,0.00199,0.002,Single observation,Male,Adult,,,,mor,Morphometry,,,,,,,,,,PRT,Portugal,,,Data from published papers of Pekar 2007-2011,Free access,Pekár et al. 2011a,"Pekár S, Bilde T & Martišová M. 2011a. Intersexual trophic niche partitioning in an ant-eating spider (Araneae: Zodariidae). PLoS One 6(1): e14603.",,
602413,urn:lsid:nmbe.ch:spidersp:026079,Zodarion jozefienae,Zodariidae,Zodarion,jozefienae,,bodm,Body mass,Morphometry,0.00253,0.0025,Single observation,Male,Adult,,,,mor,Morphometry,,,,,,,,,,PRT,Portugal,,,Data from published papers of Pekar 2007-2011,Free access,Pekár et al. 2011a,"Pekár S, Bilde T & Martišová M. 2011a. Intersexual trophic niche partitioning in an ant-eating spider (Araneae: Zodariidae). PLoS One 6(1): e14603.",,
602414,urn:lsid:nmbe.ch:spidersp:026079,Zodarion jozefienae,Zodariidae,Zodarion,jozefienae,,bodm,Body mass,Morphometry,0.00194,0.0019,Single observation,Male,Adult,,,,mor,Morphometry,,,,,,,,,,PRT,Portugal,,,Data from published papers of Pekar 2007-2011,Free access,Pekár et al. 2011a,"Pekár S, Bilde T & Martišová M. 2011a. Intersexual trophic niche partitioning in an ant-eating spider (Araneae: Zodariidae). PLoS One 6(1): e14603.",,
602415,urn:lsid:nmbe.ch:spidersp:026079,Zodarion jozefienae,Zodariidae,Zodarion,jozefienae,,bodm,Body mass,Morphometry,0.00192,0.0019,Single observation,Male,Adult,,,,mor,Morphometry,,,,,,,,,,PRT,Portugal,,,Data from published papers of Pekar 2007-2011,Free access,Pekár et al. 2011a,"Pekár S, Bilde T & Martišová M. 2011a. Intersexual trophic niche partitioning in an ant-eating spider (Araneae: Zodariidae). PLoS One 6(1): e14603.",,
602416,urn:lsid:nmbe.ch:spidersp:026079,Zodarion jozefienae,Zodariidae,Zodarion,jozefienae,,bodm,Body mass,Morphometry,0.00218,0.0022,Single observation,Male,Adult,,,,mor,Morphometry,,,,,,,,,,PRT,Portugal,,,Data from published papers of Pekar 2007-2011,Free access,Pekár et al. 2011a,"Pekár S, Bilde T & Martišová M. 2011a. Intersexual trophic niche partitioning in an ant-eating spider (Araneae: Zodariidae). PLoS One 6(1): e14603.",,
602417,urn:lsid:nmbe.ch:spidersp:026079,Zodarion jozefienae,Zodariidae,Zodarion,jozefienae,,bodm,Body mass,Morphometry,0.00205,0.0021,Single observation,Male,Adult,,,,mor,Morphometry,,,,,,,,,,PRT,Portugal,,,Data from published papers of Pekar 2007-2011,Free access,Pekár et al. 2011a,"Pekár S, Bilde T & Martišová M. 2011a. Intersexual trophic niche partitioning in an ant-eating spider (Araneae: Zodariidae). PLoS One 6(1): e14603.",,
602418,urn:lsid:nmbe.ch:spidersp:026079,Zodarion jozefienae,Zodariidae,Zodarion,jozefienae,,bodm,Body mass,Morphometry,0.00167,0.0017,Single observation,Male,Adult,,,,mor,Morphometry,,,,,,,,,,PRT,Portugal,,,Data from published papers of Pekar 2007-2011,Free access,Pekár et al. 2011a,"Pekár S, Bilde T & Martišová M. 2011a. Intersexual trophic niche partitioning in an ant-eating spider (Araneae: Zodariidae). PLoS One 6(1): e14603.",,
602419,urn:lsid:nmbe.ch:spidersp:026079,Zodarion jozefienae,Zodariidae,Zodarion,jozefienae,,bodm,Body mass,Morphometry,0.00141,0.0014,Single observation,Male,Adult,,,,mor,Morphometry,,,,,,,,,,PRT,Portugal,,,Data from published papers of Pekar 2007-2011,Free access,Pekár et al. 2011a,"Pekár S, Bilde T & Martišová M. 2011a. Intersexual trophic niche partitioning in an ant-eating spider (Araneae: Zodariidae). PLoS One 6(1): e14603.",,
602420,urn:lsid:nmbe.ch:spidersp:026079,Zodarion jozefienae,Zodariidae,Zodarion,jozefienae,,bodm,Body mass,Morphometry,0.0017,0.0017,Single observation,Male,Adult,,,,mor,Morphometry,,,,,,,,,,PRT,Portugal,,,Data from published papers of Pekar 2007-2011,Free access,Pekár et al. 2011a,"Pekár S, Bilde T & Martišová M. 2011a. Intersexual trophic niche partitioning in an ant-eating spider (Araneae: Zodariidae). PLoS One 6(1): e14603.",,
729891,urn:lsid:nmbe.ch:spidersp:017187,Zygiella x-notata,Araneidae,Zygiella,x-notata,,bodm,Body mass,Morphometry,0.039,0.039,Mean,,,,20,,wei,Weighing,,,,old spider,,,,,,,,,,Herberstein et al. 2022,Free access,Pasquet et al. 2018,"Pasquet A, Toscani C & Anotaux M. 2018. Influence of aging on brain and web characteristics of an orb web spider. Journal of Ethology 36(1): 85–91.",,345
729892,urn:lsid:nmbe.ch:spidersp:017187,Zygiella x-notata,Araneidae,Zygiella,x-notata,,bodm,Body mass,Morphometry,0.029,0.029,Mean,,,,13,,wei,Weighing,,,,young spider,,,,,,,,,,Herberstein et al. 2022,Free access,Pasquet et al. 2018,"Pasquet A, Toscani C & Anotaux M. 2018. Influence of aging on brain and web characteristics of an orb web spider. Journal of Ethology 36(1): 85–91.",,399
729893,urn:lsid:nmbe.ch:spidergen:00802,Mysmena sp.,Mysmenidae,Mysmena,,,bodm,Body mass,Morphometry,0.0001,0.0001,Single observation,Female,,,1,,wei,Weighing,,,,,,,,,,,,,,Herberstein et al. 2022,Free access,Quesada et al. 2011,"Quesada R, Triana E, Vargas G, Douglass JK, Seid MA, Niven JE, Eberhard WG & Wcislo WT. 2011. The allometry of CNS size and consequences of miniaturization in orb-weaving and cleptoparasitic spiders. Arthropod Structure & Development 40(6): 521–529.",,421
729894,urn:lsid:nmbe.ch:spidersp:009267,Mysmenopsis tengellacompa,Mysmenidae,Mysmenopsis,tengellacompa,,bodm,Body mass,Morphometry,0.0003,0.0003,Single observation,Female,,,1,,wei,Weighing,,,,,,,,,,,,,,Herberstein et al. 2022,Free access,Quesada et al. 2011,"Quesada R, Triana E, Vargas G, Douglass JK, Seid MA, Niven JE, Eberhard WG & Wcislo WT. 2011. The allometry of CNS size and consequences of miniaturization in orb-weaving and cleptoparasitic spiders. Arthropod Structure & Development 40(6): 521–529.",,443
729895,urn:lsid:nmbe.ch:spidersp:009080,Anapisona simoni,Anapidae,Anapisona,simoni,,bodm,Body mass,Morphometry,0.0008,0.0008,Single observation,Female,,,1,,wei,Weighing,,,,,,,,,,,,,,Herberstein et al. 2022,Free access,Quesada et al. 2011,"Quesada R, Triana E, Vargas G, Douglass JK, Seid MA, Niven JE, Eberhard WG & Wcislo WT. 2011. The allometry of CNS size and consequences of miniaturization in orb-weaving and cleptoparasitic spiders. Arthropod Structure & Development 40(6): 521–529.",,465
729896,urn:lsid:nmbe.ch:spidersp:009080,Anapisona simoni,Anapidae,Anapisona,simoni,,bodm,Body mass,Morphometry,0.0008,0.0008,Single observation,Male,,,1,,wei,Weighing,,,,,,,,,,,,,,Herberstein et al. 2022,Free access,Quesada et al. 2011,"Quesada R, Triana E, Vargas G, Douglass JK, Seid MA, Niven JE, Eberhard WG & Wcislo WT. 2011. The allometry of CNS size and consequences of miniaturization in orb-weaving and cleptoparasitic spiders. Arthropod Structure & Development 40(6): 521–529.",,487
729897,urn:lsid:nmbe.ch:spidergen:03636,Faiditus sp.,Theridiidae,Faiditus,,,bodm,Body mass,Morphometry,0.003,0.003,Single observation,Female,,,1,,wei,Weighing,,,,,,,,,,,,,,Herberstein et al. 2022,Free access,Quesada et al. 2011,"Quesada R, Triana E, Vargas G, Douglass JK, Seid MA, Niven JE, Eberhard WG & Wcislo WT. 2011. The allometry of CNS size and consequences of miniaturization in orb-weaving and cleptoparasitic spiders. Arthropod Structure & Development 40(6): 521–529.",,509
729898,urn:lsid:nmbe.ch:spidergen:03636,Faiditus sp.,Theridiidae,Faiditus,,,bodm,Body mass,Morphometry,0.0024,0.0024,Single observation,Male,,,1,,wei,Weighing,,,,,,,,,,,,,,Herberstein et al. 2022,Free access,Quesada et al. 2011,"Quesada R, Triana E, Vargas G, Douglass JK, Seid MA, Niven JE, Eberhard WG & Wcislo WT. 2011. The allometry of CNS size and consequences of miniaturization in orb-weaving and cleptoparasitic spiders. Arthropod Structure & Development 40(6): 521–529.",,531
729899,urn:lsid:nmbe.ch:spidergen:03636,Faiditus sp.,Theridiidae,Faiditus,,,bodm,Body mass,Morphometry,0.0027,0.0027,Single observation,Male,,,1,,wei,Weighing,,,,,,,,,,,,,,Herberstein et al. 2022,Free access,Quesada et al. 2011,"Quesada R, Triana E, Vargas G, Douglass JK, Seid MA, Niven JE, Eberhard WG & Wcislo WT. 2011. The allometry of CNS size and consequences of miniaturization in orb-weaving and cleptoparasitic spiders. Arthropod Structure & Development 40(6): 521–529.",,553
729900,urn:lsid:nmbe.ch:spidersp:015942,Eustala illicita,Araneidae,Eustala,illicita,,bodm,Body mass,Morphometry,0.014,0.014,Single observation,Male,,,1,,wei,Weighing,,,,,,,,,,,,,,Herberstein et al. 2022,Free access,Quesada et al. 2011,"Quesada R, Triana E, Vargas G, Douglass JK, Seid MA, Niven JE, Eberhard WG & Wcislo WT. 2011. The allometry of CNS size and consequences of miniaturization in orb-weaving and cleptoparasitic spiders. Arthropod Structure & Development 40(6): 521–529.",,347
729901,urn:lsid:nmbe.ch:spidersp:013764,Leucauge mariana,Tetragnathidae,Leucauge,mariana,,bodm,Body mass,Morphometry,0.06,0.06,Single observation,Female,,,1,,wei,Weighing,,,,,,,,,,,,,,Herberstein et al. 2022,Free access,Quesada et al. 2011,"Quesada R, Triana E, Vargas G, Douglass JK, Seid MA, Niven JE, Eberhard WG & Wcislo WT. 2011. The allometry of CNS size and consequences of miniaturization in orb-weaving and cleptoparasitic spiders. Arthropod Structure & Development 40(6): 521–529.",,369
729902,urn:lsid:nmbe.ch:spidersp:013764,Leucauge mariana,Tetragnathidae,Leucauge,mariana,,bodm,Body mass,Morphometry,0.02,0.02,Single observation,Male,,,1,,wei,Weighing,,,,,,,,,,,,,,Herberstein et al. 2022,Free access,Quesada et al. 2011,"Quesada R, Triana E, Vargas G, Douglass JK, Seid MA, Niven JE, Eberhard WG & Wcislo WT. 2011. The allometry of CNS size and consequences of miniaturization in orb-weaving and cleptoparasitic spiders. Arthropod Structure & Development 40(6): 521–529.",,383
729903,urn:lsid:nmbe.ch:spidersp:015349,Argiope argentata,Araneidae,Argiope,argentata,,bodm,Body mass,Morphometry,0.25,0.25,Single observation,Female,,,1,,wei,Weighing,,,,,,,,,,,,,,Herberstein et al. 2022,Free access,Quesada et al. 2011,"Quesada R, Triana E, Vargas G, Douglass JK, Seid MA, Niven JE, Eberhard WG & Wcislo WT. 2011. The allometry of CNS size and consequences of miniaturization in orb-weaving and cleptoparasitic spiders. Arthropod Structure & Development 40(6): 521–529.",,385
729904,urn:lsid:nmbe.ch:spidersp:013943,Nephila clavipes,Araneidae,Trichonephila,clavipes,,bodm,Body mass,Morphometry,2,2,Single observation,Female,,,1,,wei,Weighing,,,,,,,,,,,,,,Herberstein et al. 2022,Free access,Quesada et al. 2011,"Quesada R, Triana E, Vargas G, Douglass JK, Seid MA, Niven JE, Eberhard WG & Wcislo WT. 2011. The allometry of CNS size and consequences of miniaturization in orb-weaving and cleptoparasitic spiders. Arthropod Structure & Development 40(6): 521–529.",,387
729905,urn:lsid:nmbe.ch:spidersp:013943,Nephila clavipes,Araneidae,Trichonephila,clavipes,,bodm,Body mass,Morphometry,0.0112,0.0112,Single observation,Male,,,1,,wei,Weighing,,,,,,,,,,,,,,Herberstein et al. 2022,Free access,Quesada et al. 2011,"Quesada R, Triana E, Vargas G, Douglass JK, Seid MA, Niven JE, Eberhard WG & Wcislo WT. 2011. The allometry of CNS size and consequences of miniaturization in orb-weaving and cleptoparasitic spiders. Arthropod Structure & Development 40(6): 521–529.",,389
729906,urn:lsid:nmbe.ch:spidersp:034457,Marpissa bina,Salticidae,Marpissa,bina,,bodm,Body mass,Morphometry,0.168,0.168,Mean,,,,3,,wei,Weighing,,,,,,,,,,,,,,Herberstein et al. 2022,Free access,Anderson 1996,Anderson JF. 1996. Metabolic rates of resting salticid and thomisid spiders. Journal of Arachnology 24(2): 129–134.,,391
729907,urn:lsid:nmbe.ch:spidersp:035446,Phidippus clarus,Salticidae,Phidippus,clarus,,bodm,Body mass,Morphometry,0.26,0.26,Mean,,,,7,,wei,Weighing,,,,,,,,,,,,,,Herberstein et al. 2022,Free access,Anderson 1996,Anderson JF. 1996. Metabolic rates of resting salticid and thomisid spiders. Journal of Arachnology 24(2): 129–134.,,393
729908,urn:lsid:nmbe.ch:spidersp:036069,Sarinda hentzi,Salticidae,Sarinda,hentzi,,bodm,Body mass,Morphometry,0.0046,0.0046,Mean,,,,2,,wei,Weighing,,,,,,,,,,,,,,Herberstein et al. 2022,Free access,Anderson 1996,Anderson JF. 1996. Metabolic rates of resting salticid and thomisid spiders. Journal of Arachnology 24(2): 129–134.,,395
729909,urn:lsid:nmbe.ch:spidersp:036925,Zygoballus rufipes,Salticidae,Zygoballus,rufipes,,bodm,Body mass,Morphometry,0.003,0.003,Mean,,,,2,,wei,Weighing,,,,,,,,,,,,,,Herberstein et al. 2022,Free access,Anderson 1996,Anderson JF. 1996. Metabolic rates of resting salticid and thomisid spiders. Journal of Arachnology 24(2): 129–134.,,397
729910,urn:lsid:nmbe.ch:spidersp:018747,Pardosa lugubris,Lycosidae,Pardosa,lugubris,,bodm,Body mass,Morphometry,0.0224,0.0224,Mean,,,,24,,wei,Weighing,,,,,,,,,,,,,,Herberstein et al. 2022,Free access,Schmitz 2004,"Schmitz A. 2004. Metabolic rates during rest and activity in differently tracheated spiders (Arachnida, Araneae): Pardosa lugubris (Lycosidae) and Marpissa muscosa (Salticidae). Journal of Comparative Physiology B 174(7): 519–526.",,401
729911,urn:lsid:nmbe.ch:spidersp:018747,Pardosa lugubris,Lycosidae,Pardosa,lugubris,,bodm,Body mass,Morphometry,0.0214,0.0214,Mean,,,,25,,wei,Weighing,,,,,,,,,,,,,,Herberstein et al. 2022,Free access,Schmitz 2004,"Schmitz A. 2004. Metabolic rates during rest and activity in differently tracheated spiders (Arachnida, Araneae): Pardosa lugubris (Lycosidae) and Marpissa muscosa (Salticidae). Journal of Comparative Physiology B 174(7): 519–526.",,403
729912,urn:lsid:nmbe.ch:spidersp:034477,Marpissa muscosa,Salticidae,Marpissa,muscosa,,bodm,Body mass,Morphometry,0.0391,0.0391,Mean,,,,20,,wei,Weighing,,,,,,,,,,,,,,Herberstein et al. 2022,Free access,Schmitz 2004,"Schmitz A. 2004. Metabolic rates during rest and activity in differently tracheated spiders (Arachnida, Araneae): Pardosa lugubris (Lycosidae) and Marpissa muscosa (Salticidae). Journal of Comparative Physiology B 174(7): 519–526.",,405
729913,urn:lsid:nmbe.ch:spidersp:034477,Marpissa muscosa,Salticidae,Marpissa,muscosa,,bodm,Body mass,Morphometry,0.0275,0.0275,Mean,,,,20,,wei,Weighing,,,,,,,,,,,,,,Herberstein et al. 2022,Free access,Schmitz 2004,"Schmitz A. 2004. Metabolic rates during rest and activity in differently tracheated spiders (Arachnida, Araneae): Pardosa lugubris (Lycosidae) and Marpissa muscosa (Salticidae). Journal of Comparative Physiology B 174(7): 519–526.",,407
729914,urn:lsid:nmbe.ch:spidersp:003744,Pholcus phalangioides,Pholcidae,Pholcus,phalangioides,,bodm,Body mass,Morphometry,0.0276,0.0276,Mean,,,,27,,wei,Weighing,,,,,,,,,,,,,,Herberstein et al. 2022,Free access,Schmitz 2004,"Schmitz A. 2004. Metabolic rates during rest and activity in differently tracheated spiders (Arachnida, Araneae): Pardosa lugubris (Lycosidae) and Marpissa muscosa (Salticidae). Journal of Comparative Physiology B 174(7): 519–526.",,409
729915,urn:lsid:nmbe.ch:spidersp:003744,Pholcus phalangioides,Pholcidae,Pholcus,phalangioides,,bodm,Body mass,Morphometry,0.0113,0.0113,Mean,,,,12,,wei,Weighing,,,,,,,,,,,,,,Herberstein et al. 2022,Free access,Schmitz 2004,"Schmitz A. 2004. Metabolic rates during rest and activity in differently tracheated spiders (Arachnida, Araneae): Pardosa lugubris (Lycosidae) and Marpissa muscosa (Salticidae). Journal of Comparative Physiology B 174(7): 519–526.",,411
729916,urn:lsid:nmbe.ch:spidersp:001697,Aphonopelma anax,Theraphosidae,Aphonopelma,anax,,bodm,Body mass,Morphometry,13.19,13.19,Mean,,,,10,,wei,Weighing,,,,,,,,,,,,,,Herberstein et al. 2022,Free access,Shillington 2005,"Shillington C. 2005. Inter-sexual differences in resting metabolic rates in the Texas tarantula, Aphonopelma anax. Comparative Biochemistry and Physiology Part A: Molecular & Integrative Physiology 142(4): 439–445.",,413
729917,urn:lsid:nmbe.ch:spidersp:001697,Aphonopelma anax,Theraphosidae,Aphonopelma,anax,,bodm,Body mass,Morphometry,7.78,7.78,Mean,,,,38,,wei,Weighing,,,,,,,,,,,,,,Herberstein et al. 2022,Free access,Shillington 2005,"Shillington C. 2005. Inter-sexual differences in resting metabolic rates in the Texas tarantula, Aphonopelma anax. Comparative Biochemistry and Physiology Part A: Molecular & Integrative Physiology 142(4): 439–445.",,415
729918,urn:lsid:nmbe.ch:spidersp:016470,Metazygia rogenhoferi,Araneidae,Metazygia,rogenhoferi,,bodm,Body mass,Morphometry,0.0144,0.0144,Single observation,,,,1,,wei,Weighing,,,,,,,,,,,,,,Herberstein et al. 2022,Free access,Kawamoto et al. 2011,"Kawamoto TH, Machado FdA, Kaneto GE & Japyassu HF. 2011. Resting metabolic rates of two orbweb spiders: A first approach to evolutionary success of ecribellate spiders. Journal of Insect Physiology 57(3): 427–432.",,417
729919,urn:lsid:nmbe.ch:spidersp:016470,Metazygia rogenhoferi,Araneidae,Metazygia,rogenhoferi,,bodm,Body mass,Morphometry,0.0235,0.0235,Single observation,,,,1,,wei,Weighing,,,,,,,,,,,,,,Herberstein et al. 2022,Free access,Kawamoto et al. 2011,"Kawamoto TH, Machado FdA, Kaneto GE & Japyassu HF. 2011. Resting metabolic rates of two orbweb spiders: A first approach to evolutionary success of ecribellate spiders. Journal of Insect Physiology 57(3): 427–432.",,419
729920,urn:lsid:nmbe.ch:spidersp:016470,Metazygia rogenhoferi,Araneidae,Metazygia,rogenhoferi,,bodm,Body mass,Morphometry,0.016,0.016,Single observation,,,,1,,wei,Weighing,,,,,,,,,,,,,,Herberstein et al. 2022,Free access,Kawamoto et al. 2011,"Kawamoto TH, Machado FdA, Kaneto GE & Japyassu HF. 2011. Resting metabolic rates of two orbweb spiders: A first approach to evolutionary success of ecribellate spiders. Journal of Insect Physiology 57(3): 427–432.",,423
729921,urn:lsid:nmbe.ch:spidersp:016470,Metazygia rogenhoferi,Araneidae,Metazygia,rogenhoferi,,bodm,Body mass,Morphometry,0.0153,0.0153,Single observation,,,,1,,wei,Weighing,,,,,,,,,,,,,,Herberstein et al. 2022,Free access,Kawamoto et al. 2011,"Kawamoto TH, Machado FdA, Kaneto GE & Japyassu HF. 2011. Resting metabolic rates of two orbweb spiders: A first approach to evolutionary success of ecribellate spiders. Journal of Insect Physiology 57(3): 427–432.",,425
729922,urn:lsid:nmbe.ch:spidersp:016470,Metazygia rogenhoferi,Araneidae,Metazygia,rogenhoferi,,bodm,Body mass,Morphometry,0.0245,0.0245,Single observation,,,,1,,wei,Weighing,,,,,,,,,,,,,,Herberstein et al. 2022,Free access,Kawamoto et al. 2011,"Kawamoto TH, Machado FdA, Kaneto GE & Japyassu HF. 2011. Resting metabolic rates of two orbweb spiders: A first approach to evolutionary success of ecribellate spiders. Journal of Insect Physiology 57(3): 427–432.",,427
729923,urn:lsid:nmbe.ch:spidersp:016470,Metazygia rogenhoferi,Araneidae,Metazygia,rogenhoferi,,bodm,Body mass,Morphometry,0.0172,0.0172,Single observation,,,,1,,wei,Weighing,,,,,,,,,,,,,,Herberstein et al. 2022,Free access,Kawamoto et al. 2011,"Kawamoto TH, Machado FdA, Kaneto GE & Japyassu HF. 2011. Resting metabolic rates of two orbweb spiders: A first approach to evolutionary success of ecribellate spiders. Journal of Insect Physiology 57(3): 427–432.",,429
729924,urn:lsid:nmbe.ch:spidersp:016470,Metazygia rogenhoferi,Araneidae,Metazygia,rogenhoferi,,bodm,Body mass,Morphometry,0.014,0.014,Single observation,,,,1,,wei,Weighing,,,,,,,,,,,,,,Herberstein et al. 2022,Free access,Kawamoto et al. 2011,"Kawamoto TH, Machado FdA, Kaneto GE & Japyassu HF. 2011. Resting metabolic rates of two orbweb spiders: A first approach to evolutionary success of ecribellate spiders. Journal of Insect Physiology 57(3): 427–432.",,431
729925,urn:lsid:nmbe.ch:spidersp:016470,Metazygia rogenhoferi,Araneidae,Metazygia,rogenhoferi,,bodm,Body mass,Morphometry,0.0204,0.0204,Single observation,,,,1,,wei,Weighing,,,,,,,,,,,,,,Herberstein et al. 2022,Free access,Kawamoto et al. 2011,"Kawamoto TH, Machado FdA, Kaneto GE & Japyassu HF. 2011. Resting metabolic rates of two orbweb spiders: A first approach to evolutionary success of ecribellate spiders. Journal of Insect Physiology 57(3): 427–432.",,433
729926,urn:lsid:nmbe.ch:spidersp:016470,Metazygia rogenhoferi,Araneidae,Metazygia,rogenhoferi,,bodm,Body mass,Morphometry,0.0155,0.0155,Single observation,,,,1,,wei,Weighing,,,,,,,,,,,,,,Herberstein et al. 2022,Free access,Kawamoto et al. 2011,"Kawamoto TH, Machado FdA, Kaneto GE & Japyassu HF. 2011. Resting metabolic rates of two orbweb spiders: A first approach to evolutionary success of ecribellate spiders. Journal of Insect Physiology 57(3): 427–432.",,435
729927,urn:lsid:nmbe.ch:spidersp:016470,Metazygia rogenhoferi,Araneidae,Metazygia,rogenhoferi,,bodm,Body mass,Morphometry,0.0179,0.0179,Single observation,,,,1,,wei,Weighing,,,,,,,,,,,,,,Herberstein et al. 2022,Free access,Kawamoto et al. 2011,"Kawamoto TH, Machado FdA, Kaneto GE & Japyassu HF. 2011. Resting metabolic rates of two orbweb spiders: A first approach to evolutionary success of ecribellate spiders. Journal of Insect Physiology 57(3): 427–432.",,437
729928,urn:lsid:nmbe.ch:spidersp:006439,Zosis geniculata,Uloboridae,Zosis,geniculata,,bodm,Body mass,Morphometry,0.0343,0.0343,Single observation,,,,1,,wei,Weighing,,,,,,,,,,,,,,Herberstein et al. 2022,Free access,Kawamoto et al. 2011,"Kawamoto TH, Machado FdA, Kaneto GE & Japyassu HF. 2011. Resting metabolic rates of two orbweb spiders: A first approach to evolutionary success of ecribellate spiders. Journal of Insect Physiology 57(3): 427–432.",,439
729929,urn:lsid:nmbe.ch:spidersp:006439,Zosis geniculata,Uloboridae,Zosis,geniculata,,bodm,Body mass,Morphometry,0.0301,0.0301,Single observation,,,,1,,wei,Weighing,,,,,,,,,,,,,,Herberstein et al. 2022,Free access,Kawamoto et al. 2011,"Kawamoto TH, Machado FdA, Kaneto GE & Japyassu HF. 2011. Resting metabolic rates of two orbweb spiders: A first approach to evolutionary success of ecribellate spiders. Journal of Insect Physiology 57(3): 427–432.",,441
729930,urn:lsid:nmbe.ch:spidersp:006439,Zosis geniculata,Uloboridae,Zosis,geniculata,,bodm,Body mass,Morphometry,0.0248,0.0248,Single observation,,,,1,,wei,Weighing,,,,,,,,,,,,,,Herberstein et al. 2022,Free access,Kawamoto et al. 2011,"Kawamoto TH, Machado FdA, Kaneto GE & Japyassu HF. 2011. Resting metabolic rates of two orbweb spiders: A first approach to evolutionary success of ecribellate spiders. Journal of Insect Physiology 57(3): 427–432.",,445
729931,urn:lsid:nmbe.ch:spidersp:006439,Zosis geniculata,Uloboridae,Zosis,geniculata,,bodm,Body mass,Morphometry,0.0286,0.0286,Single observation,,,,1,,wei,Weighing,,,,,,,,,,,,,,Herberstein et al. 2022,Free access,Kawamoto et al. 2011,"Kawamoto TH, Machado FdA, Kaneto GE & Japyassu HF. 2011. Resting metabolic rates of two orbweb spiders: A first approach to evolutionary success of ecribellate spiders. Journal of Insect Physiology 57(3): 427–432.",,447
729932,urn:lsid:nmbe.ch:spidersp:006439,Zosis geniculata,Uloboridae,Zosis,geniculata,,bodm,Body mass,Morphometry,0.0511,0.0511,Single observation,,,,1,,wei,Weighing,,,,,,,,,,,,,,Herberstein et al. 2022,Free access,Kawamoto et al. 2011,"Kawamoto TH, Machado FdA, Kaneto GE & Japyassu HF. 2011. Resting metabolic rates of two orbweb spiders: A first approach to evolutionary success of ecribellate spiders. Journal of Insect Physiology 57(3): 427–432.",,449
729933,urn:lsid:nmbe.ch:spidersp:006439,Zosis geniculata,Uloboridae,Zosis,geniculata,,bodm,Body mass,Morphometry,0.0532,0.0532,Single observation,,,,1,,wei,Weighing,,,,,,,,,,,,,,Herberstein et al. 2022,Free access,Kawamoto et al. 2011,"Kawamoto TH, Machado FdA, Kaneto GE & Japyassu HF. 2011. Resting metabolic rates of two orbweb spiders: A first approach to evolutionary success of ecribellate spiders. Journal of Insect Physiology 57(3): 427–432.",,451
729934,urn:lsid:nmbe.ch:spidersp:006439,Zosis geniculata,Uloboridae,Zosis,geniculata,,bodm,Body mass,Morphometry,0.0348,0.0348,Single observation,,,,1,,wei,Weighing,,,,,,,,,,,,,,Herberstein et al. 2022,Free access,Kawamoto et al. 2011,"Kawamoto TH, Machado FdA, Kaneto GE & Japyassu HF. 2011. Resting metabolic rates of two orbweb spiders: A first approach to evolutionary success of ecribellate spiders. Journal of Insect Physiology 57(3): 427–432.",,453
729935,urn:lsid:nmbe.ch:spidersp:006439,Zosis geniculata,Uloboridae,Zosis,geniculata,,bodm,Body mass,Morphometry,0.0242,0.0242,Single observation,,,,1,,wei,Weighing,,,,,,,,,,,,,,Herberstein et al. 2022,Free access,Kawamoto et al. 2011,"Kawamoto TH, Machado FdA, Kaneto GE & Japyassu HF. 2011. Resting metabolic rates of two orbweb spiders: A first approach to evolutionary success of ecribellate spiders. Journal of Insect Physiology 57(3): 427–432.",,455
729936,urn:lsid:nmbe.ch:spidersp:006439,Zosis geniculata,Uloboridae,Zosis,geniculata,,bodm,Body mass,Morphometry,0.028,0.028,Single observation,,,,1,,wei,Weighing,,,,,,,,,,,,,,Herberstein et al. 2022,Free access,Kawamoto et al. 2011,"Kawamoto TH, Machado FdA, Kaneto GE & Japyassu HF. 2011. Resting metabolic rates of two orbweb spiders: A first approach to evolutionary success of ecribellate spiders. Journal of Insect Physiology 57(3): 427–432.",,457
729937,urn:lsid:nmbe.ch:spidersp:006439,Zosis geniculata,Uloboridae,Zosis,geniculata,,bodm,Body mass,Morphometry,0.0274,0.0274,Single observation,,,,1,,wei,Weighing,,,,,,,,,,,,,,Herberstein et al. 2022,Free access,Kawamoto et al. 2011,"Kawamoto TH, Machado FdA, Kaneto GE & Japyassu HF. 2011. Resting metabolic rates of two orbweb spiders: A first approach to evolutionary success of ecribellate spiders. Journal of Insect Physiology 57(3): 427–432.",,459
729938,urn:lsid:nmbe.ch:spidersp:006439,Zosis geniculata,Uloboridae,Zosis,geniculata,,bodm,Body mass,Morphometry,0.028,0.028,Single observation,,,,1,,wei,Weighing,,,,,,,,,,,,,,Herberstein et al. 2022,Free access,Kawamoto et al. 2011,"Kawamoto TH, Machado FdA, Kaneto GE & Japyassu HF. 2011. Resting metabolic rates of two orbweb spiders: A first approach to evolutionary success of ecribellate spiders. Journal of Insect Physiology 57(3): 427–432.",,461
729939,urn:lsid:nmbe.ch:spidersp:006439,Zosis geniculata,Uloboridae,Zosis,geniculata,,bodm,Body mass,Morphometry,0.0301,0.0301,Single observation,,,,1,,wei,Weighing,,,,,,,,,,,,,,Herberstein et al. 2022,Free access,Kawamoto et al. 2011,"Kawamoto TH, Machado FdA, Kaneto GE & Japyassu HF. 2011. Resting metabolic rates of two orbweb spiders: A first approach to evolutionary success of ecribellate spiders. Journal of Insect Physiology 57(3): 427–432.",,463
729940,urn:lsid:nmbe.ch:spidersp:006439,Zosis geniculata,Uloboridae,Zosis,geniculata,,bodm,Body mass,Morphometry,0.0443,0.0443,Single observation,,,,1,,wei,Weighing,,,,,,,,,,,,,,Herberstein et al. 2022,Free access,Kawamoto et al. 2011,"Kawamoto TH, Machado FdA, Kaneto GE & Japyassu HF. 2011. Resting metabolic rates of two orbweb spiders: A first approach to evolutionary success of ecribellate spiders. Journal of Insect Physiology 57(3): 427–432.",,467
729941,urn:lsid:nmbe.ch:spidersp:006439,Zosis geniculata,Uloboridae,Zosis,geniculata,,bodm,Body mass,Morphometry,0.0242,0.0242,Single observation,,,,1,,wei,Weighing,,,,,,,,,,,,,,Herberstein et al. 2022,Free access,Kawamoto et al. 2011,"Kawamoto TH, Machado FdA, Kaneto GE & Japyassu HF. 2011. Resting metabolic rates of two orbweb spiders: A first approach to evolutionary success of ecribellate spiders. Journal of Insect Physiology 57(3): 427–432.",,469
729942,urn:lsid:nmbe.ch:spidersp:006439,Zosis geniculata,Uloboridae,Zosis,geniculata,,bodm,Body mass,Morphometry,0.047,0.047,Single observation,,,,1,,wei,Weighing,,,,,,,,,,,,,,Herberstein et al. 2022,Free access,Kawamoto et al. 2011,"Kawamoto TH, Machado FdA, Kaneto GE & Japyassu HF. 2011. Resting metabolic rates of two orbweb spiders: A first approach to evolutionary success of ecribellate spiders. Journal of Insect Physiology 57(3): 427–432.",,471
729943,urn:lsid:nmbe.ch:spidersp:006439,Zosis geniculata,Uloboridae,Zosis,geniculata,,bodm,Body mass,Morphometry,0.0245,0.0245,Single observation,,,,1,,wei,Weighing,,,,,,,,,,,,,,Herberstein et al. 2022,Free access,Kawamoto et al. 2011,"Kawamoto TH, Machado FdA, Kaneto GE & Japyassu HF. 2011. Resting metabolic rates of two orbweb spiders: A first approach to evolutionary success of ecribellate spiders. Journal of Insect Physiology 57(3): 427–432.",,473
729944,urn:lsid:nmbe.ch:spidersp:006439,Zosis geniculata,Uloboridae,Zosis,geniculata,,bodm,Body mass,Morphometry,0.0287,0.0287,Single observation,,,,1,,wei,Weighing,,,,,,,,,,,,,,Herberstein et al. 2022,Free access,Kawamoto et al. 2011,"Kawamoto TH, Machado FdA, Kaneto GE & Japyassu HF. 2011. Resting metabolic rates of two orbweb spiders: A first approach to evolutionary success of ecribellate spiders. Journal of Insect Physiology 57(3): 427–432.",,475
729945,urn:lsid:nmbe.ch:spidersp:006439,Zosis geniculata,Uloboridae,Zosis,geniculata,,bodm,Body mass,Morphometry,0.0292,0.0292,Single observation,,,,1,,wei,Weighing,,,,,,,,,,,,,,Herberstein et al. 2022,Free access,Kawamoto et al. 2011,"Kawamoto TH, Machado FdA, Kaneto GE & Japyassu HF. 2011. Resting metabolic rates of two orbweb spiders: A first approach to evolutionary success of ecribellate spiders. Journal of Insect Physiology 57(3): 427–432.",,477
729946,urn:lsid:nmbe.ch:spidersp:006439,Zosis geniculata,Uloboridae,Zosis,geniculata,,bodm,Body mass,Morphometry,0.0637,0.0637,Single observation,,,,1,,wei,Weighing,,,,,,,,,,,,,,Herberstein et al. 2022,Free access,Kawamoto et al. 2011,"Kawamoto TH, Machado FdA, Kaneto GE & Japyassu HF. 2011. Resting metabolic rates of two orbweb spiders: A first approach to evolutionary success of ecribellate spiders. Journal of Insect Physiology 57(3): 427–432.",,479
729947,urn:lsid:nmbe.ch:spidersp:006439,Zosis geniculata,Uloboridae,Zosis,geniculata,,bodm,Body mass,Morphometry,0.0501,0.0501,Single observation,,,,1,,wei,Weighing,,,,,,,,,,,,,,Herberstein et al. 2022,Free access,Kawamoto et al. 2011,"Kawamoto TH, Machado FdA, Kaneto GE & Japyassu HF. 2011. Resting metabolic rates of two orbweb spiders: A first approach to evolutionary success of ecribellate spiders. Journal of Insect Physiology 57(3): 427–432.",,481
729948,urn:lsid:nmbe.ch:spidersp:016398,Mecynogea lemniscata,Araneidae,Mecynogea,lemniscata,,bodm,Body mass,Morphometry,0.047,0.047,Mean,,,,35,,wei,Weighing,,,,,,,,,,,,,,Herberstein et al. 2022,Free access,Anderson & Prestwich 1982,Anderson JF & Prestwich KN. 1982. Respiratory Gas Exchange in Spiders. Physiological Zoology 55(1): 72–90.,,483
729949,urn:lsid:nmbe.ch:spidersp:016617,Micrathena sagittata,Araneidae,Micrathena,sagittata,,bodm,Body mass,Morphometry,0.052,0.052,Mean,,,,26,,wei,Weighing,,,,,,,,,,,,,,Herberstein et al. 2022,Free access,Anderson & Prestwich 1982,Anderson JF & Prestwich KN. 1982. Respiratory Gas Exchange in Spiders. Physiological Zoology 55(1): 72–90.,,485
729950,urn:lsid:nmbe.ch:spidersp:013943,Nephila clavipes,Araneidae,Trichonephila,clavipes,,bodm,Body mass,Morphometry,0.848,0.848,Mean,,,,19,,wei,Weighing,,,,,,,,,,,,,,Herberstein et al. 2022,Free access,Anderson & Prestwich 1982,Anderson JF & Prestwich KN. 1982. Respiratory Gas Exchange in Spiders. Physiological Zoology 55(1): 72–90.,,489
729951,urn:lsid:nmbe.ch:spidersp:001724,Aphonopelma eutylenum,Theraphosidae,Aphonopelma,eutylenum,,bodm,Body mass,Morphometry,15.03,15.03,Single observation,,,,1,,wei,Weighing,,,,,,,,,,,,,,Herberstein et al. 2022,Free access,Greenstone & Bennett 1980,Greenstone MH & Bennett AF. 1980. Foraging strategy and metabolic rate in spiders. Ecology 61(5): 1255–1259.,,491
729952,urn:lsid:nmbe.ch:spidersp:001724,Aphonopelma eutylenum,Theraphosidae,Aphonopelma,eutylenum,,bodm,Body mass,Morphometry,8.68,8.68,Single observation,,,,1,,wei,Weighing,,,,,,,,,,,,,,Herberstein et al. 2022,Free access,Greenstone & Bennett 1980,Greenstone MH & Bennett AF. 1980. Foraging strategy and metabolic rate in spiders. Ecology 61(5): 1255–1259.,,493
729953,urn:lsid:nmbe.ch:spidersp:002708,Loxosceles laeta,Sicariidae,Loxosceles,laeta,,bodm,Body mass,Morphometry,0.0972,0.0972,Single observation,,,,1,,wei,Weighing,,,,,,,,,,,,,,Herberstein et al. 2022,Free access,Greenstone & Bennett 1980,Greenstone MH & Bennett AF. 1980. Foraging strategy and metabolic rate in spiders. Ecology 61(5): 1255–1259.,,495
729954,urn:lsid:nmbe.ch:spidersp:002708,Loxosceles laeta,Sicariidae,Loxosceles,laeta,,bodm,Body mass,Morphometry,0.0961,0.0961,Single observation,,,,1,,wei,Weighing,,,,,,,,,,,,,,Herberstein et al. 2022,Free access,Greenstone & Bennett 1980,Greenstone MH & Bennett AF. 1980. Foraging strategy and metabolic rate in spiders. Ecology 61(5): 1255–1259.,,497
729955,urn:lsid:nmbe.ch:spidersp:002708,Loxosceles laeta,Sicariidae,Loxosceles,laeta,,bodm,Body mass,Morphometry,0.1112,0.1112,Single observation,,,,1,,wei,Weighing,,,,,,,,,,,,,,Herberstein et al. 2022,Free access,Greenstone & Bennett 1980,Greenstone MH & Bennett AF. 1980. Foraging strategy and metabolic rate in spiders. Ecology 61(5): 1255–1259.,,499
729956,urn:lsid:nmbe.ch:spidersp:002708,Loxosceles laeta,Sicariidae,Loxosceles,laeta,,bodm,Body mass,Morphometry,0.0762,0.0762,Single observation,,,,1,,wei,Weighing,,,,,,,,,,,,,,Herberstein et al. 2022,Free access,Greenstone & Bennett 1980,Greenstone MH & Bennett AF. 1980. Foraging strategy and metabolic rate in spiders. Ecology 61(5): 1255–1259.,,501
729957,urn:lsid:nmbe.ch:spidersp:002708,Loxosceles laeta,Sicariidae,Loxosceles,laeta,,bodm,Body mass,Morphometry,0.1979,0.1979,Single observation,,,,1,,wei,Weighing,,,,,,,,,,,,,,Herberstein et al. 2022,Free access,Greenstone & Bennett 1980,Greenstone MH & Bennett AF. 1980. Foraging strategy and metabolic rate in spiders. Ecology 61(5): 1255–1259.,,503
729958,urn:lsid:nmbe.ch:spidersp:002708,Loxosceles laeta,Sicariidae,Loxosceles,laeta,,bodm,Body mass,Morphometry,0.2917,0.2917,Single observation,,,,1,,wei,Weighing,,,,,,,,,,,,,,Herberstein et al. 2022,Free access,Greenstone & Bennett 1980,Greenstone MH & Bennett AF. 1980. Foraging strategy and metabolic rate in spiders. Ecology 61(5): 1255–1259.,,505
729959,urn:lsid:nmbe.ch:spidersp:002708,Loxosceles laeta,Sicariidae,Loxosceles,laeta,,bodm,Body mass,Morphometry,0.3279,0.3279,Single observation,,,,1,,wei,Weighing,,,,,,,,,,,,,,Herberstein et al. 2022,Free access,Greenstone & Bennett 1980,Greenstone MH & Bennett AF. 1980. Foraging strategy and metabolic rate in spiders. Ecology 61(5): 1255–1259.,,507
729960,urn:lsid:nmbe.ch:spidersp:002708,Loxosceles laeta,Sicariidae,Loxosceles,laeta,,bodm,Body mass,Morphometry,0.1655,0.1655,Single observation,,,,1,,wei,Weighing,,,,,,,,,,,,,,Herberstein et al. 2022,Free access,Greenstone & Bennett 1980,Greenstone MH & Bennett AF. 1980. Foraging strategy and metabolic rate in spiders. Ecology 61(5): 1255–1259.,,511
729961,urn:lsid:nmbe.ch:spidersp:002708,Loxosceles laeta,Sicariidae,Loxosceles,laeta,,bodm,Body mass,Morphometry,0.1839,0.1839,Single observation,,,,1,,wei,Weighing,,,,,,,,,,,,,,Herberstein et al. 2022,Free access,Greenstone & Bennett 1980,Greenstone MH & Bennett AF. 1980. Foraging strategy and metabolic rate in spiders. Ecology 61(5): 1255–1259.,,513
729962,urn:lsid:nmbe.ch:spidersp:002684,Loxosceles deserta,Sicariidae,Loxosceles,deserta,,bodm,Body mass,Morphometry,0.079,0.079,Single observation,,,,1,,wei,Weighing,,,,,,,,,,,,,,Herberstein et al. 2022,Free access,Greenstone & Bennett 1980,Greenstone MH & Bennett AF. 1980. Foraging strategy and metabolic rate in spiders. Ecology 61(5): 1255–1259.,,515
729963,urn:lsid:nmbe.ch:spidersp:002684,Loxosceles deserta,Sicariidae,Loxosceles,deserta,,bodm,Body mass,Morphometry,0.0632,0.0632,Single observation,,,,1,,wei,Weighing,,,,,,,,,,,,,,Herberstein et al. 2022,Free access,Greenstone & Bennett 1980,Greenstone MH & Bennett AF. 1980. Foraging strategy and metabolic rate in spiders. Ecology 61(5): 1255–1259.,,517
729964,urn:lsid:nmbe.ch:spidersp:004008,Plectreurys tristis,Plectreuridae,Plectreurys,tristis,,bodm,Body mass,Morphometry,0.3404,0.3404,Single observation,,,,1,,wei,Weighing,,,,,,,,,,,,,,Herberstein et al. 2022,Free access,Greenstone & Bennett 1980,Greenstone MH & Bennett AF. 1980. Foraging strategy and metabolic rate in spiders. Ecology 61(5): 1255–1259.,,519
729965,urn:lsid:nmbe.ch:spidersp:004008,Plectreurys tristis,Plectreuridae,Plectreurys,tristis,,bodm,Body mass,Morphometry,0.081,0.081,Single observation,,,,1,,wei,Weighing,,,,,,,,,,,,,,Herberstein et al. 2022,Free access,Greenstone & Bennett 1980,Greenstone MH & Bennett AF. 1980. Foraging strategy and metabolic rate in spiders. Ecology 61(5): 1255–1259.,,521
729966,urn:lsid:nmbe.ch:spidergen:00432,Plectreurys sp.,Plectreuridae,Plectreurys,,,bodm,Body mass,Morphometry,0.0647,0.0647,Single observation,,,,1,,wei,Weighing,,,,,,,,,,,,,,Herberstein et al. 2022,Free access,Greenstone & Bennett 1980,Greenstone MH & Bennett AF. 1980. Foraging strategy and metabolic rate in spiders. Ecology 61(5): 1255–1259.,,523
729967,urn:lsid:nmbe.ch:spidersp:008079,Steatoda medialis,Theridiidae,Asagena,medialis,,bodm,Body mass,Morphometry,0.0243,0.0243,Single observation,,,,1,,wei,Weighing,,,,,,,,,,,,,,Herberstein et al. 2022,Free access,Greenstone & Bennett 1980,Greenstone MH & Bennett AF. 1980. Foraging strategy and metabolic rate in spiders. Ecology 61(5): 1255–1259.,,525
729968,urn:lsid:nmbe.ch:spidersp:007816,Latrodectus mactans,Theridiidae,Latrodectus,mactans,,bodm,Body mass,Morphometry,0.3505,0.3505,Single observation,,,,1,,wei,Weighing,,,,,,,,,,,,,,Herberstein et al. 2022,Free access,Greenstone & Bennett 1980,Greenstone MH & Bennett AF. 1980. Foraging strategy and metabolic rate in spiders. Ecology 61(5): 1255–1259.,,527
729969,urn:lsid:nmbe.ch:spidersp:007816,Latrodectus mactans,Theridiidae,Latrodectus,mactans,,bodm,Body mass,Morphometry,0.0482,0.0482,Single observation,,,,1,,wei,Weighing,,,,,,,,,,,,,,Herberstein et al. 2022,Free access,Greenstone & Bennett 1980,Greenstone MH & Bennett AF. 1980. Foraging strategy and metabolic rate in spiders. Ecology 61(5): 1255–1259.,,529
729970,urn:lsid:nmbe.ch:spidersp:007816,Latrodectus mactans,Theridiidae,Latrodectus,mactans,,bodm,Body mass,Morphometry,0.169,0.169,Single observation,,,,1,,wei,Weighing,,,,,,,,,,,,,,Herberstein et al. 2022,Free access,Greenstone & Bennett 1980,Greenstone MH & Bennett AF. 1980. Foraging strategy and metabolic rate in spiders. Ecology 61(5): 1255–1259.,,533
729971,urn:lsid:nmbe.ch:spidersp:049627,Frontinella pyramitela,Linyphiidae,Frontinella,pyramitela,,bodm,Body mass,Morphometry,0.0046,0.0046,Single observation,,,,1,,wei,Weighing,,,,,,,,,,,,,,Herberstein et al. 2022,Free access,Greenstone & Bennett 1980,Greenstone MH & Bennett AF. 1980. Foraging strategy and metabolic rate in spiders. Ecology 61(5): 1255–1259.,,535
729972,urn:lsid:nmbe.ch:spidersp:049627,Frontinella pyramitela,Linyphiidae,Frontinella,pyramitela,,bodm,Body mass,Morphometry,0.0048,0.0048,Single observation,,,,1,,wei,Weighing,,,,,,,,,,,,,,Herberstein et al. 2022,Free access,Greenstone & Bennett 1980,Greenstone MH & Bennett AF. 1980. Foraging strategy and metabolic rate in spiders. Ecology 61(5): 1255–1259.,,537
729973,urn:lsid:nmbe.ch:spidersp:049627,Frontinella pyramitela,Linyphiidae,Frontinella,pyramitela,,bodm,Body mass,Morphometry,0.0076,0.0076,Single observation,,,,1,,wei,Weighing,,,,,,,,,,,,,,Herberstein et al. 2022,Free access,Greenstone & Bennett 1980,Greenstone MH & Bennett AF. 1980. Foraging strategy and metabolic rate in spiders. Ecology 61(5): 1255–1259.,,539
729974,urn:lsid:nmbe.ch:spidersp:015595,Cyclosa conica,Araneidae,Cyclosa,conica,,bodm,Body mass,Morphometry,0.0105,0.0105,Single observation,,,,1,,wei,Weighing,,,,,,,,,,,,,,Herberstein et al. 2022,Free access,Greenstone & Bennett 1980,Greenstone MH & Bennett AF. 1980. Foraging strategy and metabolic rate in spiders. Ecology 61(5): 1255–1259.,,541
729975,urn:lsid:nmbe.ch:spidersp:015595,Cyclosa conica,Araneidae,Cyclosa,conica,,bodm,Body mass,Morphometry,0.0108,0.0108,Single observation,,,,1,,wei,Weighing,,,,,,,,,,,,,,Herberstein et al. 2022,Free access,Greenstone & Bennett 1980,Greenstone MH & Bennett AF. 1980. Foraging strategy and metabolic rate in spiders. Ecology 61(5): 1255–1259.,,543
729976,urn:lsid:nmbe.ch:spidersp:016731,Neoscona oaxacensis,Araneidae,Neoscona,oaxacensis,,bodm,Body mass,Morphometry,0.1406,0.1406,Single observation,,,,1,,wei,Weighing,,,,,,,,,,,,,,Herberstein et al. 2022,Free access,Greenstone & Bennett 1980,Greenstone MH & Bennett AF. 1980. Foraging strategy and metabolic rate in spiders. Ecology 61(5): 1255–1259.,,545
729977,urn:lsid:nmbe.ch:spidersp:016731,Neoscona oaxacensis,Araneidae,Neoscona,oaxacensis,,bodm,Body mass,Morphometry,0.1931,0.1931,Single observation,,,,1,,wei,Weighing,,,,,,,,,,,,,,Herberstein et al. 2022,Free access,Greenstone & Bennett 1980,Greenstone MH & Bennett AF. 1980. Foraging strategy and metabolic rate in spiders. Ecology 61(5): 1255–1259.,,547
729978,urn:lsid:nmbe.ch:spidersp:015350,Argiope aurantia,Araneidae,Argiope,aurantia,,bodm,Body mass,Morphometry,0.258,0.258,Single observation,,,,1,,wei,Weighing,,,,,,,,,,,,,,Herberstein et al. 2022,Free access,Greenstone & Bennett 1980,Greenstone MH & Bennett AF. 1980. Foraging strategy and metabolic rate in spiders. Ecology 61(5): 1255–1259.,,549
729979,urn:lsid:nmbe.ch:spidersp:015350,Argiope aurantia,Araneidae,Argiope,aurantia,,bodm,Body mass,Morphometry,0.858,0.858,Single observation,,,,1,,wei,Weighing,,,,,,,,,,,,,,Herberstein et al. 2022,Free access,Greenstone & Bennett 1980,Greenstone MH & Bennett AF. 1980. Foraging strategy and metabolic rate in spiders. Ecology 61(5): 1255–1259.,,551
729980,urn:lsid:nmbe.ch:spidersp:015350,Argiope aurantia,Araneidae,Argiope,aurantia,,bodm,Body mass,Morphometry,0.853,0.853,Single observation,,,,1,,wei,Weighing,,,,,,,,,,,,,,Herberstein et al. 2022,Free access,Greenstone & Bennett 1980,Greenstone MH & Bennett AF. 1980. Foraging strategy and metabolic rate in spiders. Ecology 61(5): 1255–1259.,,555
729981,urn:lsid:nmbe.ch:spidersp:020904,Agelenopsis aperta,Agelenidae,Agelenopsis,aperta,,bodm,Body mass,Morphometry,0.6325,0.6325,Single observation,,,,1,,wei,Weighing,,,,,,,,,,,,,,Herberstein et al. 2022,Free access,Greenstone & Bennett 1980,Greenstone MH & Bennett AF. 1980. Foraging strategy and metabolic rate in spiders. Ecology 61(5): 1255–1259.,,557
729982,urn:lsid:nmbe.ch:spidersp:020904,Agelenopsis aperta,Agelenidae,Agelenopsis,aperta,,bodm,Body mass,Morphometry,0.715,0.715,Single observation,,,,1,,wei,Weighing,,,,,,,,,,,,,,Herberstein et al. 2022,Free access,Greenstone & Bennett 1980,Greenstone MH & Bennett AF. 1980. Foraging strategy and metabolic rate in spiders. Ecology 61(5): 1255–1259.,,559
729983,urn:lsid:nmbe.ch:spidersp:020904,Agelenopsis aperta,Agelenidae,Agelenopsis,aperta,,bodm,Body mass,Morphometry,0.3208,0.3208,Single observation,,,,1,,wei,Weighing,,,,,,,,,,,,,,Herberstein et al. 2022,Free access,Greenstone & Bennett 1980,Greenstone MH & Bennett AF. 1980. Foraging strategy and metabolic rate in spiders. Ecology 61(5): 1255–1259.,,561
729984,urn:lsid:nmbe.ch:spidersp:019205,Schizocosa pacifica,Lycosidae,Schizocosa,mccooki,,bodm,Body mass,Morphometry,0.5121,0.5121,Single observation,,,,1,,wei,Weighing,,,,,,,,,,,,,,Herberstein et al. 2022,Free access,Greenstone & Bennett 1980,Greenstone MH & Bennett AF. 1980. Foraging strategy and metabolic rate in spiders. Ecology 61(5): 1255–1259.,,563
729985,urn:lsid:nmbe.ch:spidersp:020215,Peucetia viridans,Oxyopidae,Peucetia,viridans,,bodm,Body mass,Morphometry,0.1616,0.1616,Single observation,,,,1,,wei,Weighing,,,,,,,,,,,,,,Herberstein et al. 2022,Free access,Greenstone & Bennett 1980,Greenstone MH & Bennett AF. 1980. Foraging strategy and metabolic rate in spiders. Ecology 61(5): 1255–1259.,,565
729986,urn:lsid:nmbe.ch:spidersp:020215,Peucetia viridans,Oxyopidae,Peucetia,viridans,,bodm,Body mass,Morphometry,0.1332,0.1332,Single observation,,,,1,,wei,Weighing,,,,,,,,,,,,,,Herberstein et al. 2022,Free access,Greenstone & Bennett 1980,Greenstone MH & Bennett AF. 1980. Foraging strategy and metabolic rate in spiders. Ecology 61(5): 1255–1259.,,567
729987,urn:lsid:nmbe.ch:spidersp:020184,Peucetia longipalpis,Oxyopidae,Peucetia,longipalpis,,bodm,Body mass,Morphometry,0.2574,0.2574,Single observation,,,,1,,wei,Weighing,,,,,,,,,,,,,,Herberstein et al. 2022,Free access,Greenstone & Bennett 1980,Greenstone MH & Bennett AF. 1980. Foraging strategy and metabolic rate in spiders. Ecology 61(5): 1255–1259.,,569
729988,urn:lsid:nmbe.ch:spidersp:028051,Zelotes rusticus,Gnaphosidae,Urozelotes,rusticus,,bodm,Body mass,Morphometry,0.0525,0.0525,Single observation,,,,1,,wei,Weighing,,,,,,,,,,,,,,Herberstein et al. 2022,Free access,Greenstone & Bennett 1980,Greenstone MH & Bennett AF. 1980. Foraging strategy and metabolic rate in spiders. Ecology 61(5): 1255–1259.,,571
729989,urn:lsid:nmbe.ch:spidergen:02090,Liocranoides sp.,Zoropsidae,Liocranoides,,,bodm,Body mass,Morphometry,0.1455,0.1455,Single observation,,,,1,,wei,Weighing,,,,,,,,,,,,,,Herberstein et al. 2022,Free access,Greenstone & Bennett 1980,Greenstone MH & Bennett AF. 1980. Foraging strategy and metabolic rate in spiders. Ecology 61(5): 1255–1259.,,573
729990,urn:lsid:nmbe.ch:spidersp:030595,Misumenoides formosipes,Thomisidae,Misumenoides,formosipes,,bodm,Body mass,Morphometry,0.0487,0.0487,Single observation,,,,1,,wei,Weighing,,,,,,,,,,,,,,Herberstein et al. 2022,Free access,Greenstone & Bennett 1980,Greenstone MH & Bennett AF. 1980. Foraging strategy and metabolic rate in spiders. Ecology 61(5): 1255–1259.,,349
729991,urn:lsid:nmbe.ch:spidergen:02701,Misumenoides sp.,Thomisidae,Misumenoides,,,bodm,Body mass,Morphometry,0.0279,0.0279,Single observation,,,,1,,wei,Weighing,,,,,,,,,,,,,,Herberstein et al. 2022,Free access,Greenstone & Bennett 1980,Greenstone MH & Bennett AF. 1980. Foraging strategy and metabolic rate in spiders. Ecology 61(5): 1255–1259.,,351
729992,urn:lsid:nmbe.ch:spidergen:02701,Misumenoides sp.,Thomisidae,Misumenoides,,,bodm,Body mass,Morphometry,0.036,0.036,Single observation,,,,1,,wei,Weighing,,,,,,,,,,,,,,Herberstein et al. 2022,Free access,Greenstone & Bennett 1980,Greenstone MH & Bennett AF. 1980. Foraging strategy and metabolic rate in spiders. Ecology 61(5): 1255–1259.,,353
729993,urn:lsid:nmbe.ch:spidergen:02701,Misumenoides sp.,Thomisidae,Misumenoides,,,bodm,Body mass,Morphometry,0.03,0.03,Single observation,,,,1,,wei,Weighing,,,,,,,,,,,,,,Herberstein et al. 2022,Free access,Greenstone & Bennett 1980,Greenstone MH & Bennett AF. 1980. Foraging strategy and metabolic rate in spiders. Ecology 61(5): 1255–1259.,,355
729994,urn:lsid:nmbe.ch:spidergen:02701,Misumenoides sp.,Thomisidae,Misumenoides,,,bodm,Body mass,Morphometry,0.0423,0.0423,Single observation,,,,1,,wei,Weighing,,,,,,,,,,,,,,Herberstein et al. 2022,Free access,Greenstone & Bennett 1980,Greenstone MH & Bennett AF. 1980. Foraging strategy and metabolic rate in spiders. Ecology 61(5): 1255–1259.,,357
729995,urn:lsid:nmbe.ch:spidersp:036094,Metaphidippus vitis,Salticidae,Sassacus,vitis,,bodm,Body mass,Morphometry,0.0057,0.0057,Single observation,,,,1,,wei,Weighing,,,,,,,,,,,,,,Herberstein et al. 2022,Free access,Greenstone & Bennett 1980,Greenstone MH & Bennett AF. 1980. Foraging strategy and metabolic rate in spiders. Ecology 61(5): 1255–1259.,,359
729996,urn:lsid:nmbe.ch:spidersp:034535,Menemerus bivittatus,Salticidae,Menemerus,bivittatus,,bodm,Body mass,Morphometry,0.0279,0.0279,Single observation,,,,1,,wei,Weighing,,,,,,,,,,,,,,Herberstein et al. 2022,Free access,Greenstone & Bennett 1980,Greenstone MH & Bennett AF. 1980. Foraging strategy and metabolic rate in spiders. Ecology 61(5): 1255–1259.,,361
729997,urn:lsid:nmbe.ch:spidersp:035467,Phidippus johnsoni,Salticidae,Phidippus,johnsoni,,bodm,Body mass,Morphometry,0.173,0.173,Single observation,,,,1,,wei,Weighing,,,,,,,,,,,,,,Herberstein et al. 2022,Free access,Greenstone & Bennett 1980,Greenstone MH & Bennett AF. 1980. Foraging strategy and metabolic rate in spiders. Ecology 61(5): 1255–1259.,,363
729998,urn:lsid:nmbe.ch:spidersp:018270,Lycosa howarthi,Lycosidae,Lycosa,howarthi,,bodm,Body mass,Morphometry,0.1844,0.1844,Mean,,,,4,,wei,Weighing,,,,,,,,,,,,,,Herberstein et al. 2022,Free access,Hadley et al. 1981,"Hadley NF, Ahearn GA & Howarth FG. 1981. Water and metabolic relations of cave-adapted and epigean lycosid spiders in Hawaii. Journal of Arachnology 9(2): 215–222.",,365
729999,urn:lsid:nmbe.ch:spidergen:01629,Lycosa sp.,Lycosidae,Lycosa,,,bodm,Body mass,Morphometry,0.123,0.123,Mean,,,,4,,wei,Weighing,,,,,,,,,,,,,,Herberstein et al. 2022,Free access,Hadley et al. 1981,"Hadley NF, Ahearn GA & Howarth FG. 1981. Water and metabolic relations of cave-adapted and epigean lycosid spiders in Hawaii. Journal of Arachnology 9(2): 215–222.",,367
730000,urn:lsid:nmbe.ch:spidersp:025372,Myrmecotypus rettenmeyeri,Corinnidae,Myrmecotypus,rettenmeyeri,,bodm,Body mass,Morphometry,0.0218,0.0218,Mean,,,,5,,wei,Weighing,,,,,,,,,,,,,,Herberstein et al. 2022,Free access,Lighton & Gillespie 1989,"Lighton JRB & Gillespie RG. 1989. The energetics of mimicry: the cost of pedestrian transport in a formicine ant and its mimic, a clubionid spider. Physiological Entomology 14(2): 173–177.",,371
730001,urn:lsid:nmbe.ch:spidersp:024841,Clubiona barroana,Clubionidae,Elaver,barroana,,bodm,Body mass,Morphometry,0.035,0.035,Mean,,,,6,,wei,Weighing,,,,,,,,,,,,,,Herberstein et al. 2022,Free access,Lighton & Gillespie 1989,"Lighton JRB & Gillespie RG. 1989. The energetics of mimicry: the cost of pedestrian transport in a formicine ant and its mimic, a clubionid spider. Physiological Entomology 14(2): 173–177.",,373
730002,urn:lsid:nmbe.ch:spidersp:002684,Loxosceles unicolor,Sicariidae,Loxosceles,deserta,,bodm,Body mass,Morphometry,0.01555,0.0156,Single observation,,,,1,,wei,Weighing,,,,,,,,,,,,,,Herberstein et al. 2022,Free access,Mispagel 1981,Mispagel ME. 1981. Relation of oxygen consumption to size and temperature in desert arthropods. Ecological Entomology 6(4): 423–431.,,375
730003,urn:lsid:nmbe.ch:spidersp:003860,Psilochorus utahensis,Pholcidae,Psilochorus,utahensis,,bodm,Body mass,Morphometry,0.00186,0.0019,Mean,,,,7,,wei,Weighing,,,,,,,,,,,,,,Herberstein et al. 2022,Free access,Mispagel 1981,Mispagel ME. 1981. Relation of oxygen consumption to size and temperature in desert arthropods. Ecological Entomology 6(4): 423–431.,,377
730004,urn:lsid:nmbe.ch:spidersp:023599,Syspira eclectica,Miturgidae,Syspira,longipes,,bodm,Body mass,Morphometry,0.0576,0.0576,Mean,,,,2,,wei,Weighing,,,,,,,,,,,,,,Herberstein et al. 2022,Free access,Mispagel 1981,Mispagel ME. 1981. Relation of oxygen consumption to size and temperature in desert arthropods. Ecological Entomology 6(4): 423–431.,,379
730005,urn:lsid:nmbe.ch:spidergen:03070,Metacyrba sp.,Salticidae,Metacyrba,,,bodm,Body mass,Morphometry,0.0112,0.0112,Mean,,,,4,,wei,Weighing,,,,,,,,,,,,,,Herberstein et al. 2022,Free access,Mispagel 1981,Mispagel ME. 1981. Relation of oxygen consumption to size and temperature in desert arthropods. Ecological Entomology 6(4): 423–431.,,381
1127630,urn:lsid:nmbe.ch:spidersp:026117,Zodarion rubidum,Zodariidae,Zodarion,rubidum,,bodm,Body mass,Morphometry,0.00021,0.0002,Single observation,Unknown,Juvenile,,,,wei,Weighing,2023-09-13,Wed Sep 13 2023 00:00:00 GMT+0200 (Central European Summer Time),Wed Sep 13 2023 23:59:59 GMT+0200 (Central European Summer Time),,zekc69Ojg,42.5021124,2.113978,,mont_louis,FRA,France,reared in laboratory,,"Data for Niche filling in the geographic range expanding spider Zodarion rubidum Simon, 1914 (Araneae: Zodariidae)",Free access,Viel et al. 2025,"Viel, N., Bilde, T., Sorensen, J.G., Petillon, J., Pekar, S. 2025. Niche filling in the geographic range expanding spider Zodarion rubidum Simon, 1914 (Araneae: Zodariidae). Journal of Animal Ecology (submitted).",,261
1127631,urn:lsid:nmbe.ch:spidersp:026117,Zodarion rubidum,Zodariidae,Zodarion,rubidum,,bodm,Body mass,Morphometry,0.00022,0.0002,Single observation,Unknown,Juvenile,,,,wei,Weighing,2023-09-13,Wed Sep 13 2023 00:00:00 GMT+0200 (Central European Summer Time),Wed Sep 13 2023 23:59:59 GMT+0200 (Central European Summer Time),,zekc69Ojg,42.5021124,2.113978,,mont_louis,FRA,France,reared in laboratory,,"Data for Niche filling in the geographic range expanding spider Zodarion rubidum Simon, 1914 (Araneae: Zodariidae)",Free access,Viel et al. 2025,"Viel, N., Bilde, T., Sorensen, J.G., Petillon, J., Pekar, S. 2025. Niche filling in the geographic range expanding spider Zodarion rubidum Simon, 1914 (Araneae: Zodariidae). Journal of Animal Ecology (submitted).",,270
1127632,urn:lsid:nmbe.ch:spidersp:026117,Zodarion rubidum,Zodariidae,Zodarion,rubidum,,bodm,Body mass,Morphometry,0.00024,0.0002,Single observation,Unknown,Juvenile,,,,wei,Weighing,2023-09-13,Wed Sep 13 2023 00:00:00 GMT+0200 (Central European Summer Time),Wed Sep 13 2023 23:59:59 GMT+0200 (Central European Summer Time),,zekc69Ojg,42.5021124,2.113978,,mont_louis,FRA,France,reared in laboratory,,"Data for Niche filling in the geographic range expanding spider Zodarion rubidum Simon, 1914 (Araneae: Zodariidae)",Free access,Viel et al. 2025,"Viel, N., Bilde, T., Sorensen, J.G., Petillon, J., Pekar, S. 2025. Niche filling in the geographic range expanding spider Zodarion rubidum Simon, 1914 (Araneae: Zodariidae). Journal of Animal Ecology (submitted).",,264
1127633,urn:lsid:nmbe.ch:spidersp:026117,Zodarion rubidum,Zodariidae,Zodarion,rubidum,,bodm,Body mass,Morphometry,0.00025,0.0003,Single observation,Unknown,Juvenile,,,,wei,Weighing,2023-09-12,Tue Sep 12 2023 00:00:00 GMT+0200 (Central European Summer Time),Tue Sep 12 2023 23:59:59 GMT+0200 (Central European Summer Time),,6l1hrAZe-,56.1489,10.182981,,aarhus,DNK,Denmark,reared in laboratory,,"Data for Niche filling in the geographic range expanding spider Zodarion rubidum Simon, 1914 (Araneae: Zodariidae)",Free access,Viel et al. 2025,"Viel, N., Bilde, T., Sorensen, J.G., Petillon, J., Pekar, S. 2025. Niche filling in the geographic range expanding spider Zodarion rubidum Simon, 1914 (Araneae: Zodariidae). Journal of Animal Ecology (submitted).",,144
1127634,urn:lsid:nmbe.ch:spidersp:026117,Zodarion rubidum,Zodariidae,Zodarion,rubidum,,bodm,Body mass,Morphometry,0.00026,0.0003,Single observation,Unknown,Juvenile,,,,wei,Weighing,2023-09-12,Tue Sep 12 2023 00:00:00 GMT+0200 (Central European Summer Time),Tue Sep 12 2023 23:59:59 GMT+0200 (Central European Summer Time),,6l1hrAZe-,56.1489,10.182981,,aarhus,DNK,Denmark,reared in laboratory,,"Data for Niche filling in the geographic range expanding spider Zodarion rubidum Simon, 1914 (Araneae: Zodariidae)",Free access,Viel et al. 2025,"Viel, N., Bilde, T., Sorensen, J.G., Petillon, J., Pekar, S. 2025. Niche filling in the geographic range expanding spider Zodarion rubidum Simon, 1914 (Araneae: Zodariidae). Journal of Animal Ecology (submitted).",,150
1127635,urn:lsid:nmbe.ch:spidersp:026117,Zodarion rubidum,Zodariidae,Zodarion,rubidum,,bodm,Body mass,Morphometry,0.00026,0.0003,Single observation,Unknown,Juvenile,,,,wei,Weighing,2023-09-13,Wed Sep 13 2023 00:00:00 GMT+0200 (Central European Summer Time),Wed Sep 13 2023 23:59:59 GMT+0200 (Central European Summer Time),,zekc69Ojg,42.5021124,2.113978,,mont_louis,FRA,France,reared in laboratory,,"Data for Niche filling in the geographic range expanding spider Zodarion rubidum Simon, 1914 (Araneae: Zodariidae)",Free access,Viel et al. 2025,"Viel, N., Bilde, T., Sorensen, J.G., Petillon, J., Pekar, S. 2025. Niche filling in the geographic range expanding spider Zodarion rubidum Simon, 1914 (Araneae: Zodariidae). Journal of Animal Ecology (submitted).",,183
1127636,urn:lsid:nmbe.ch:spidersp:026117,Zodarion rubidum,Zodariidae,Zodarion,rubidum,,bodm,Body mass,Morphometry,0.00028,0.0003,Single observation,Unknown,Juvenile,,,,wei,Weighing,2023-09-13,Wed Sep 13 2023 00:00:00 GMT+0200 (Central European Summer Time),Wed Sep 13 2023 23:59:59 GMT+0200 (Central European Summer Time),,zekc69Ojg,42.5021124,2.113978,,mont_louis,FRA,France,reared in laboratory,,"Data for Niche filling in the geographic range expanding spider Zodarion rubidum Simon, 1914 (Araneae: Zodariidae)",Free access,Viel et al. 2025,"Viel, N., Bilde, T., Sorensen, J.G., Petillon, J., Pekar, S. 2025. Niche filling in the geographic range expanding spider Zodarion rubidum Simon, 1914 (Araneae: Zodariidae). Journal of Animal Ecology (submitted).",,180
1127637,urn:lsid:nmbe.ch:spidersp:026117,Zodarion rubidum,Zodariidae,Zodarion,rubidum,,bodm,Body mass,Morphometry,0.0003,0.0003,Single observation,Unknown,Juvenile,,,,wei,Weighing,2023-09-12,Tue Sep 12 2023 00:00:00 GMT+0200 (Central European Summer Time),Tue Sep 12 2023 23:59:59 GMT+0200 (Central European Summer Time),,6l1hrAZe-,56.1489,10.182981,,aarhus,DNK,Denmark,reared in laboratory,,"Data for Niche filling in the geographic range expanding spider Zodarion rubidum Simon, 1914 (Araneae: Zodariidae)",Free access,Viel et al. 2025,"Viel, N., Bilde, T., Sorensen, J.G., Petillon, J., Pekar, S. 2025. Niche filling in the geographic range expanding spider Zodarion rubidum Simon, 1914 (Araneae: Zodariidae). Journal of Animal Ecology (submitted).",,117
1127638,urn:lsid:nmbe.ch:spidersp:026117,Zodarion rubidum,Zodariidae,Zodarion,rubidum,,bodm,Body mass,Morphometry,0.0003,0.0003,Single observation,Unknown,Juvenile,,,,wei,Weighing,2023-09-13,Wed Sep 13 2023 00:00:00 GMT+0200 (Central European Summer Time),Wed Sep 13 2023 23:59:59 GMT+0200 (Central European Summer Time),,zekc69Ojg,42.5021124,2.113978,,mont_louis,FRA,France,reared in laboratory,,"Data for Niche filling in the geographic range expanding spider Zodarion rubidum Simon, 1914 (Araneae: Zodariidae)",Free access,Viel et al. 2025,"Viel, N., Bilde, T., Sorensen, J.G., Petillon, J., Pekar, S. 2025. Niche filling in the geographic range expanding spider Zodarion rubidum Simon, 1914 (Araneae: Zodariidae). Journal of Animal Ecology (submitted).",,267
1127639,urn:lsid:nmbe.ch:spidersp:026117,Zodarion rubidum,Zodariidae,Zodarion,rubidum,,bodm,Body mass,Morphometry,0.00031,0.0003,Single observation,Unknown,Juvenile,,,,wei,Weighing,2023-09-12,Tue Sep 12 2023 00:00:00 GMT+0200 (Central European Summer Time),Tue Sep 12 2023 23:59:59 GMT+0200 (Central European Summer Time),,zekc69Ojg,42.5021124,2.113978,,mont_louis,FRA,France,reared in laboratory,,"Data for Niche filling in the geographic range expanding spider Zodarion rubidum Simon, 1914 (Araneae: Zodariidae)",Free access,Viel et al. 2025,"Viel, N., Bilde, T., Sorensen, J.G., Petillon, J., Pekar, S. 2025. Niche filling in the geographic range expanding spider Zodarion rubidum Simon, 1914 (Araneae: Zodariidae). Journal of Animal Ecology (submitted).",,246
1127640,urn:lsid:nmbe.ch:spidersp:026117,Zodarion rubidum,Zodariidae,Zodarion,rubidum,,bodm,Body mass,Morphometry,0.00031,0.0003,Single observation,Unknown,Juvenile,,,,wei,Weighing,2023-09-12,Tue Sep 12 2023 00:00:00 GMT+0200 (Central European Summer Time),Tue Sep 12 2023 23:59:59 GMT+0200 (Central European Summer Time),,6l1hrAZe-,56.1489,10.182981,,aarhus,DNK,Denmark,reared in laboratory,,"Data for Niche filling in the geographic range expanding spider Zodarion rubidum Simon, 1914 (Araneae: Zodariidae)",Free access,Viel et al. 2025,"Viel, N., Bilde, T., Sorensen, J.G., Petillon, J., Pekar, S. 2025. Niche filling in the geographic range expanding spider Zodarion rubidum Simon, 1914 (Araneae: Zodariidae). Journal of Animal Ecology (submitted).",,153
1127641,urn:lsid:nmbe.ch:spidersp:026117,Zodarion rubidum,Zodariidae,Zodarion,rubidum,,bodm,Body mass,Morphometry,0.00031,0.0003,Single observation,Unknown,Juvenile,,,,wei,Weighing,2023-09-12,Tue Sep 12 2023 00:00:00 GMT+0200 (Central European Summer Time),Tue Sep 12 2023 23:59:59 GMT+0200 (Central European Summer Time),,6l1hrAZe-,56.1489,10.182981,,aarhus,DNK,Denmark,reared in laboratory,,"Data for Niche filling in the geographic range expanding spider Zodarion rubidum Simon, 1914 (Araneae: Zodariidae)",Free access,Viel et al. 2025,"Viel, N., Bilde, T., Sorensen, J.G., Petillon, J., Pekar, S. 2025. Niche filling in the geographic range expanding spider Zodarion rubidum Simon, 1914 (Araneae: Zodariidae). Journal of Animal Ecology (submitted).",,156
1127642,urn:lsid:nmbe.ch:spidersp:026117,Zodarion rubidum,Zodariidae,Zodarion,rubidum,,bodm,Body mass,Morphometry,0.00032,0.0003,Single observation,Unknown,Juvenile,,,,wei,Weighing,2023-09-11,Mon Sep 11 2023 00:00:00 GMT+0200 (Central European Summer Time),Mon Sep 11 2023 23:59:59 GMT+0200 (Central European Summer Time),,zekc69Ojg,42.5021124,2.113978,,mont_louis,FRA,France,reared in laboratory,,"Data for Niche filling in the geographic range expanding spider Zodarion rubidum Simon, 1914 (Araneae: Zodariidae)",Free access,Viel et al. 2025,"Viel, N., Bilde, T., Sorensen, J.G., Petillon, J., Pekar, S. 2025. Niche filling in the geographic range expanding spider Zodarion rubidum Simon, 1914 (Araneae: Zodariidae). Journal of Animal Ecology (submitted).",,225
1127643,urn:lsid:nmbe.ch:spidersp:026117,Zodarion rubidum,Zodariidae,Zodarion,rubidum,,bodm,Body mass,Morphometry,0.00032,0.0003,Single observation,Unknown,Juvenile,,,,wei,Weighing,2023-09-13,Wed Sep 13 2023 00:00:00 GMT+0200 (Central European Summer Time),Wed Sep 13 2023 23:59:59 GMT+0200 (Central European Summer Time),,zekc69Ojg,42.5021124,2.113978,,mont_louis,FRA,France,reared in laboratory,,"Data for Niche filling in the geographic range expanding spider Zodarion rubidum Simon, 1914 (Araneae: Zodariidae)",Free access,Viel et al. 2025,"Viel, N., Bilde, T., Sorensen, J.G., Petillon, J., Pekar, S. 2025. Niche filling in the geographic range expanding spider Zodarion rubidum Simon, 1914 (Araneae: Zodariidae). Journal of Animal Ecology (submitted).",,258
1127644,urn:lsid:nmbe.ch:spidersp:026117,Zodarion rubidum,Zodariidae,Zodarion,rubidum,,bodm,Body mass,Morphometry,0.00032,0.0003,Single observation,Unknown,Juvenile,,,,wei,Weighing,2023-09-12,Tue Sep 12 2023 00:00:00 GMT+0200 (Central European Summer Time),Tue Sep 12 2023 23:59:59 GMT+0200 (Central European Summer Time),,zekc69Ojg,42.5021124,2.113978,,mont_louis,FRA,France,reared in laboratory,,"Data for Niche filling in the geographic range expanding spider Zodarion rubidum Simon, 1914 (Araneae: Zodariidae)",Free access,Viel et al. 2025,"Viel, N., Bilde, T., Sorensen, J.G., Petillon, J., Pekar, S. 2025. Niche filling in the geographic range expanding spider Zodarion rubidum Simon, 1914 (Araneae: Zodariidae). Journal of Animal Ecology (submitted).",,282
1127645,urn:lsid:nmbe.ch:spidersp:026117,Zodarion rubidum,Zodariidae,Zodarion,rubidum,,bodm,Body mass,Morphometry,0.00032,0.0003,Single observation,Unknown,Juvenile,,,,wei,Weighing,2023-09-11,Mon Sep 11 2023 00:00:00 GMT+0200 (Central European Summer Time),Mon Sep 11 2023 23:59:59 GMT+0200 (Central European Summer Time),,8dqk4wwnjk,49.178375,16.565217,,brno,CZE,Czechia,reared in laboratory,,"Data for Niche filling in the geographic range expanding spider Zodarion rubidum Simon, 1914 (Araneae: Zodariidae)",Free access,Viel et al. 2025,"Viel, N., Bilde, T., Sorensen, J.G., Petillon, J., Pekar, S. 2025. Niche filling in the geographic range expanding spider Zodarion rubidum Simon, 1914 (Araneae: Zodariidae). Journal of Animal Ecology (submitted).",,294
1127646,urn:lsid:nmbe.ch:spidersp:026117,Zodarion rubidum,Zodariidae,Zodarion,rubidum,,bodm,Body mass,Morphometry,0.00034,0.0003,Single observation,Unknown,Juvenile,,,,wei,Weighing,2023-09-12,Tue Sep 12 2023 00:00:00 GMT+0200 (Central European Summer Time),Tue Sep 12 2023 23:59:59 GMT+0200 (Central European Summer Time),,zekc69Ojg,42.5021124,2.113978,,mont_louis,FRA,France,reared in laboratory,,"Data for Niche filling in the geographic range expanding spider Zodarion rubidum Simon, 1914 (Araneae: Zodariidae)",Free access,Viel et al. 2025,"Viel, N., Bilde, T., Sorensen, J.G., Petillon, J., Pekar, S. 2025. Niche filling in the geographic range expanding spider Zodarion rubidum Simon, 1914 (Araneae: Zodariidae). Journal of Animal Ecology (submitted).",,273
1127647,urn:lsid:nmbe.ch:spidersp:026117,Zodarion rubidum,Zodariidae,Zodarion,rubidum,,bodm,Body mass,Morphometry,0.00034,0.0003,Single observation,Unknown,Juvenile,,,,wei,Weighing,2023-09-12,Tue Sep 12 2023 00:00:00 GMT+0200 (Central European Summer Time),Tue Sep 12 2023 23:59:59 GMT+0200 (Central European Summer Time),,6l1hrAZe-,56.1489,10.182981,,aarhus,DNK,Denmark,reared in laboratory,,"Data for Niche filling in the geographic range expanding spider Zodarion rubidum Simon, 1914 (Araneae: Zodariidae)",Free access,Viel et al. 2025,"Viel, N., Bilde, T., Sorensen, J.G., Petillon, J., Pekar, S. 2025. Niche filling in the geographic range expanding spider Zodarion rubidum Simon, 1914 (Araneae: Zodariidae). Journal of Animal Ecology (submitted).",,147
1127648,urn:lsid:nmbe.ch:spidersp:026117,Zodarion rubidum,Zodariidae,Zodarion,rubidum,,bodm,Body mass,Morphometry,0.00034,0.0003,Single observation,Unknown,Juvenile,,,,wei,Weighing,2023-09-11,Mon Sep 11 2023 00:00:00 GMT+0200 (Central European Summer Time),Mon Sep 11 2023 23:59:59 GMT+0200 (Central European Summer Time),,8dqk4wwnjk,49.178375,16.565217,,brno,CZE,Czechia,reared in laboratory,,"Data for Niche filling in the geographic range expanding spider Zodarion rubidum Simon, 1914 (Araneae: Zodariidae)",Free access,Viel et al. 2025,"Viel, N., Bilde, T., Sorensen, J.G., Petillon, J., Pekar, S. 2025. Niche filling in the geographic range expanding spider Zodarion rubidum Simon, 1914 (Araneae: Zodariidae). Journal of Animal Ecology (submitted).",,297
1127649,urn:lsid:nmbe.ch:spidersp:026117,Zodarion rubidum,Zodariidae,Zodarion,rubidum,,bodm,Body mass,Morphometry,0.00034,0.0003,Single observation,Unknown,Juvenile,,,,wei,Weighing,2023-09-12,Tue Sep 12 2023 00:00:00 GMT+0200 (Central European Summer Time),Tue Sep 12 2023 23:59:59 GMT+0200 (Central European Summer Time),,8dqk4wwnjk,49.178375,16.565217,,brno,CZE,Czechia,reared in laboratory,,"Data for Niche filling in the geographic range expanding spider Zodarion rubidum Simon, 1914 (Araneae: Zodariidae)",Free access,Viel et al. 2025,"Viel, N., Bilde, T., Sorensen, J.G., Petillon, J., Pekar, S. 2025. Niche filling in the geographic range expanding spider Zodarion rubidum Simon, 1914 (Araneae: Zodariidae). Journal of Animal Ecology (submitted).",,306
1127650,urn:lsid:nmbe.ch:spidersp:026117,Zodarion rubidum,Zodariidae,Zodarion,rubidum,,bodm,Body mass,Morphometry,0.00036,0.0004,Single observation,Unknown,Juvenile,,,,wei,Weighing,2023-09-11,Mon Sep 11 2023 00:00:00 GMT+0200 (Central European Summer Time),Mon Sep 11 2023 23:59:59 GMT+0200 (Central European Summer Time),,6l1hrAZe-,56.1489,10.182981,,aarhus,DNK,Denmark,reared in laboratory,,"Data for Niche filling in the geographic range expanding spider Zodarion rubidum Simon, 1914 (Araneae: Zodariidae)",Free access,Viel et al. 2025,"Viel, N., Bilde, T., Sorensen, J.G., Petillon, J., Pekar, S. 2025. Niche filling in the geographic range expanding spider Zodarion rubidum Simon, 1914 (Araneae: Zodariidae). Journal of Animal Ecology (submitted).",,141
1127651,urn:lsid:nmbe.ch:spidersp:026117,Zodarion rubidum,Zodariidae,Zodarion,rubidum,,bodm,Body mass,Morphometry,0.00037,0.0004,Single observation,Unknown,Juvenile,,,,wei,Weighing,2023-09-12,Tue Sep 12 2023 00:00:00 GMT+0200 (Central European Summer Time),Tue Sep 12 2023 23:59:59 GMT+0200 (Central European Summer Time),,zekc69Ojg,42.5021124,2.113978,,mont_louis,FRA,France,reared in laboratory,,"Data for Niche filling in the geographic range expanding spider Zodarion rubidum Simon, 1914 (Araneae: Zodariidae)",Free access,Viel et al. 2025,"Viel, N., Bilde, T., Sorensen, J.G., Petillon, J., Pekar, S. 2025. Niche filling in the geographic range expanding spider Zodarion rubidum Simon, 1914 (Araneae: Zodariidae). Journal of Animal Ecology (submitted).",,165
1127652,urn:lsid:nmbe.ch:spidersp:026117,Zodarion rubidum,Zodariidae,Zodarion,rubidum,,bodm,Body mass,Morphometry,0.00037,0.0004,Single observation,Unknown,Juvenile,,,,wei,Weighing,2023-09-13,Wed Sep 13 2023 00:00:00 GMT+0200 (Central European Summer Time),Wed Sep 13 2023 23:59:59 GMT+0200 (Central European Summer Time),,6l1hrAZe-,56.1489,10.182981,,aarhus,DNK,Denmark,reared in laboratory,,"Data for Niche filling in the geographic range expanding spider Zodarion rubidum Simon, 1914 (Araneae: Zodariidae)",Free access,Viel et al. 2025,"Viel, N., Bilde, T., Sorensen, J.G., Petillon, J., Pekar, S. 2025. Niche filling in the geographic range expanding spider Zodarion rubidum Simon, 1914 (Araneae: Zodariidae). Journal of Animal Ecology (submitted).",,123
1127653,urn:lsid:nmbe.ch:spidersp:026117,Zodarion rubidum,Zodariidae,Zodarion,rubidum,,bodm,Body mass,Morphometry,0.00037,0.0004,Single observation,Unknown,Juvenile,,,,wei,Weighing,2023-09-11,Mon Sep 11 2023 00:00:00 GMT+0200 (Central European Summer Time),Mon Sep 11 2023 23:59:59 GMT+0200 (Central European Summer Time),,zekc69Ojg,42.5021124,2.113978,,mont_louis,FRA,France,reared in laboratory,,"Data for Niche filling in the geographic range expanding spider Zodarion rubidum Simon, 1914 (Araneae: Zodariidae)",Free access,Viel et al. 2025,"Viel, N., Bilde, T., Sorensen, J.G., Petillon, J., Pekar, S. 2025. Niche filling in the geographic range expanding spider Zodarion rubidum Simon, 1914 (Araneae: Zodariidae). Journal of Animal Ecology (submitted).",,234
1127654,urn:lsid:nmbe.ch:spidersp:026117,Zodarion rubidum,Zodariidae,Zodarion,rubidum,,bodm,Body mass,Morphometry,0.00037,0.0004,Single observation,Unknown,Juvenile,,,,wei,Weighing,2023-09-12,Tue Sep 12 2023 00:00:00 GMT+0200 (Central European Summer Time),Tue Sep 12 2023 23:59:59 GMT+0200 (Central European Summer Time),,zekc69Ojg,42.5021124,2.113978,,mont_louis,FRA,France,reared in laboratory,,"Data for Niche filling in the geographic range expanding spider Zodarion rubidum Simon, 1914 (Araneae: Zodariidae)",Free access,Viel et al. 2025,"Viel, N., Bilde, T., Sorensen, J.G., Petillon, J., Pekar, S. 2025. Niche filling in the geographic range expanding spider Zodarion rubidum Simon, 1914 (Araneae: Zodariidae). Journal of Animal Ecology (submitted).",,279
1127655,urn:lsid:nmbe.ch:spidersp:026117,Zodarion rubidum,Zodariidae,Zodarion,rubidum,,bodm,Body mass,Morphometry,0.00038,0.0004,Single observation,Unknown,Juvenile,,,,wei,Weighing,2023-09-12,Tue Sep 12 2023 00:00:00 GMT+0200 (Central European Summer Time),Tue Sep 12 2023 23:59:59 GMT+0200 (Central European Summer Time),,zekc69Ojg,42.5021124,2.113978,,mont_louis,FRA,France,reared in laboratory,,"Data for Niche filling in the geographic range expanding spider Zodarion rubidum Simon, 1914 (Araneae: Zodariidae)",Free access,Viel et al. 2025,"Viel, N., Bilde, T., Sorensen, J.G., Petillon, J., Pekar, S. 2025. Niche filling in the geographic range expanding spider Zodarion rubidum Simon, 1914 (Araneae: Zodariidae). Journal of Animal Ecology (submitted).",,291
1127656,urn:lsid:nmbe.ch:spidersp:026117,Zodarion rubidum,Zodariidae,Zodarion,rubidum,,bodm,Body mass,Morphometry,0.00038,0.0004,Single observation,Unknown,Juvenile,,,,wei,Weighing,2023-09-12,Tue Sep 12 2023 00:00:00 GMT+0200 (Central European Summer Time),Tue Sep 12 2023 23:59:59 GMT+0200 (Central European Summer Time),,zekc69Ojg,42.5021124,2.113978,,mont_louis,FRA,France,reared in laboratory,,"Data for Niche filling in the geographic range expanding spider Zodarion rubidum Simon, 1914 (Araneae: Zodariidae)",Free access,Viel et al. 2025,"Viel, N., Bilde, T., Sorensen, J.G., Petillon, J., Pekar, S. 2025. Niche filling in the geographic range expanding spider Zodarion rubidum Simon, 1914 (Araneae: Zodariidae). Journal of Animal Ecology (submitted).",,255
1127657,urn:lsid:nmbe.ch:spidersp:026117,Zodarion rubidum,Zodariidae,Zodarion,rubidum,,bodm,Body mass,Morphometry,0.0004,0.0004,Single observation,Unknown,Juvenile,,,,wei,Weighing,2023-09-11,Mon Sep 11 2023 00:00:00 GMT+0200 (Central European Summer Time),Mon Sep 11 2023 23:59:59 GMT+0200 (Central European Summer Time),,zekc69Ojg,42.5021124,2.113978,,mont_louis,FRA,France,reared in laboratory,,"Data for Niche filling in the geographic range expanding spider Zodarion rubidum Simon, 1914 (Araneae: Zodariidae)",Free access,Viel et al. 2025,"Viel, N., Bilde, T., Sorensen, J.G., Petillon, J., Pekar, S. 2025. Niche filling in the geographic range expanding spider Zodarion rubidum Simon, 1914 (Araneae: Zodariidae). Journal of Animal Ecology (submitted).",,201
1127658,urn:lsid:nmbe.ch:spidersp:026117,Zodarion rubidum,Zodariidae,Zodarion,rubidum,,bodm,Body mass,Morphometry,0.0004,0.0004,Single observation,Unknown,Juvenile,,,,wei,Weighing,2023-09-12,Tue Sep 12 2023 00:00:00 GMT+0200 (Central European Summer Time),Tue Sep 12 2023 23:59:59 GMT+0200 (Central European Summer Time),,6l1hrAZe-,56.1489,10.182981,,aarhus,DNK,Denmark,reared in laboratory,,"Data for Niche filling in the geographic range expanding spider Zodarion rubidum Simon, 1914 (Araneae: Zodariidae)",Free access,Viel et al. 2025,"Viel, N., Bilde, T., Sorensen, J.G., Petillon, J., Pekar, S. 2025. Niche filling in the geographic range expanding spider Zodarion rubidum Simon, 1914 (Araneae: Zodariidae). Journal of Animal Ecology (submitted).",,51
1127659,urn:lsid:nmbe.ch:spidersp:026117,Zodarion rubidum,Zodariidae,Zodarion,rubidum,,bodm,Body mass,Morphometry,0.0004,0.0004,Single observation,Unknown,Juvenile,,,,wei,Weighing,2023-09-13,Wed Sep 13 2023 00:00:00 GMT+0200 (Central European Summer Time),Wed Sep 13 2023 23:59:59 GMT+0200 (Central European Summer Time),,8dqk4wwnjk,49.178375,16.565217,,brno,CZE,Czechia,reared in laboratory,,"Data for Niche filling in the geographic range expanding spider Zodarion rubidum Simon, 1914 (Araneae: Zodariidae)",Free access,Viel et al. 2025,"Viel, N., Bilde, T., Sorensen, J.G., Petillon, J., Pekar, S. 2025. Niche filling in the geographic range expanding spider Zodarion rubidum Simon, 1914 (Araneae: Zodariidae). Journal of Animal Ecology (submitted).",,327
1127660,urn:lsid:nmbe.ch:spidersp:026117,Zodarion rubidum,Zodariidae,Zodarion,rubidum,,bodm,Body mass,Morphometry,0.00041,0.0004,Single observation,Unknown,Juvenile,,,,wei,Weighing,2023-09-11,Mon Sep 11 2023 00:00:00 GMT+0200 (Central European Summer Time),Mon Sep 11 2023 23:59:59 GMT+0200 (Central European Summer Time),,6l1hrAZe-,56.1489,10.182981,,aarhus,DNK,Denmark,reared in laboratory,,"Data for Niche filling in the geographic range expanding spider Zodarion rubidum Simon, 1914 (Araneae: Zodariidae)",Free access,Viel et al. 2025,"Viel, N., Bilde, T., Sorensen, J.G., Petillon, J., Pekar, S. 2025. Niche filling in the geographic range expanding spider Zodarion rubidum Simon, 1914 (Araneae: Zodariidae). Journal of Animal Ecology (submitted).",,12
1127661,urn:lsid:nmbe.ch:spidersp:026117,Zodarion rubidum,Zodariidae,Zodarion,rubidum,,bodm,Body mass,Morphometry,0.00042,0.0004,Single observation,Unknown,Juvenile,,,,wei,Weighing,2023-09-11,Mon Sep 11 2023 00:00:00 GMT+0200 (Central European Summer Time),Mon Sep 11 2023 23:59:59 GMT+0200 (Central European Summer Time),,8dqk4wwnjk,49.178375,16.565217,,brno,CZE,Czechia,reared in laboratory,,"Data for Niche filling in the geographic range expanding spider Zodarion rubidum Simon, 1914 (Araneae: Zodariidae)",Free access,Viel et al. 2025,"Viel, N., Bilde, T., Sorensen, J.G., Petillon, J., Pekar, S. 2025. Niche filling in the geographic range expanding spider Zodarion rubidum Simon, 1914 (Araneae: Zodariidae). Journal of Animal Ecology (submitted).",,336
1127662,urn:lsid:nmbe.ch:spidersp:026117,Zodarion rubidum,Zodariidae,Zodarion,rubidum,,bodm,Body mass,Morphometry,0.00042,0.0004,Single observation,Unknown,Juvenile,,,,wei,Weighing,2023-09-12,Tue Sep 12 2023 00:00:00 GMT+0200 (Central European Summer Time),Tue Sep 12 2023 23:59:59 GMT+0200 (Central European Summer Time),,zekc69Ojg,42.5021124,2.113978,,mont_louis,FRA,France,reared in laboratory,,"Data for Niche filling in the geographic range expanding spider Zodarion rubidum Simon, 1914 (Araneae: Zodariidae)",Free access,Viel et al. 2025,"Viel, N., Bilde, T., Sorensen, J.G., Petillon, J., Pekar, S. 2025. Niche filling in the geographic range expanding spider Zodarion rubidum Simon, 1914 (Araneae: Zodariidae). Journal of Animal Ecology (submitted).",,186
1127663,urn:lsid:nmbe.ch:spidersp:026117,Zodarion rubidum,Zodariidae,Zodarion,rubidum,,bodm,Body mass,Morphometry,0.00042,0.0004,Single observation,Unknown,Juvenile,,,,wei,Weighing,2023-09-11,Mon Sep 11 2023 00:00:00 GMT+0200 (Central European Summer Time),Mon Sep 11 2023 23:59:59 GMT+0200 (Central European Summer Time),,6l1hrAZe-,56.1489,10.182981,,aarhus,DNK,Denmark,reared in laboratory,,"Data for Niche filling in the geographic range expanding spider Zodarion rubidum Simon, 1914 (Araneae: Zodariidae)",Free access,Viel et al. 2025,"Viel, N., Bilde, T., Sorensen, J.G., Petillon, J., Pekar, S. 2025. Niche filling in the geographic range expanding spider Zodarion rubidum Simon, 1914 (Araneae: Zodariidae). Journal of Animal Ecology (submitted).",,108
1127664,urn:lsid:nmbe.ch:spidersp:026117,Zodarion rubidum,Zodariidae,Zodarion,rubidum,,bodm,Body mass,Morphometry,0.00043,0.0004,Single observation,Unknown,Juvenile,,,,wei,Weighing,2023-09-11,Mon Sep 11 2023 00:00:00 GMT+0200 (Central European Summer Time),Mon Sep 11 2023 23:59:59 GMT+0200 (Central European Summer Time),,8dqk4wwnjk,49.178375,16.565217,,brno,CZE,Czechia,reared in laboratory,,"Data for Niche filling in the geographic range expanding spider Zodarion rubidum Simon, 1914 (Araneae: Zodariidae)",Free access,Viel et al. 2025,"Viel, N., Bilde, T., Sorensen, J.G., Petillon, J., Pekar, S. 2025. Niche filling in the geographic range expanding spider Zodarion rubidum Simon, 1914 (Araneae: Zodariidae). Journal of Animal Ecology (submitted).",,339
1127665,urn:lsid:nmbe.ch:spidersp:026117,Zodarion rubidum,Zodariidae,Zodarion,rubidum,,bodm,Body mass,Morphometry,0.00043,0.0004,Single observation,Unknown,Juvenile,,,,wei,Weighing,2023-09-12,Tue Sep 12 2023 00:00:00 GMT+0200 (Central European Summer Time),Tue Sep 12 2023 23:59:59 GMT+0200 (Central European Summer Time),,6l1hrAZe-,56.1489,10.182981,,aarhus,DNK,Denmark,reared in laboratory,,"Data for Niche filling in the geographic range expanding spider Zodarion rubidum Simon, 1914 (Araneae: Zodariidae)",Free access,Viel et al. 2025,"Viel, N., Bilde, T., Sorensen, J.G., Petillon, J., Pekar, S. 2025. Niche filling in the geographic range expanding spider Zodarion rubidum Simon, 1914 (Araneae: Zodariidae). Journal of Animal Ecology (submitted).",,48
1127666,urn:lsid:nmbe.ch:spidersp:026117,Zodarion rubidum,Zodariidae,Zodarion,rubidum,,bodm,Body mass,Morphometry,0.00044,0.0004,Single observation,Unknown,Juvenile,,,,wei,Weighing,2023-09-11,Mon Sep 11 2023 00:00:00 GMT+0200 (Central European Summer Time),Mon Sep 11 2023 23:59:59 GMT+0200 (Central European Summer Time),,6l1hrAZe-,56.1489,10.182981,,aarhus,DNK,Denmark,reared in laboratory,,"Data for Niche filling in the geographic range expanding spider Zodarion rubidum Simon, 1914 (Araneae: Zodariidae)",Free access,Viel et al. 2025,"Viel, N., Bilde, T., Sorensen, J.G., Petillon, J., Pekar, S. 2025. Niche filling in the geographic range expanding spider Zodarion rubidum Simon, 1914 (Araneae: Zodariidae). Journal of Animal Ecology (submitted).",,135
1127667,urn:lsid:nmbe.ch:spidersp:026117,Zodarion rubidum,Zodariidae,Zodarion,rubidum,,bodm,Body mass,Morphometry,0.00044,0.0004,Single observation,Unknown,Juvenile,,,,wei,Weighing,2023-09-13,Wed Sep 13 2023 00:00:00 GMT+0200 (Central European Summer Time),Wed Sep 13 2023 23:59:59 GMT+0200 (Central European Summer Time),,6l1hrAZe-,56.1489,10.182981,,aarhus,DNK,Denmark,reared in laboratory,,"Data for Niche filling in the geographic range expanding spider Zodarion rubidum Simon, 1914 (Araneae: Zodariidae)",Free access,Viel et al. 2025,"Viel, N., Bilde, T., Sorensen, J.G., Petillon, J., Pekar, S. 2025. Niche filling in the geographic range expanding spider Zodarion rubidum Simon, 1914 (Araneae: Zodariidae). Journal of Animal Ecology (submitted).",,39
1127668,urn:lsid:nmbe.ch:spidersp:026117,Zodarion rubidum,Zodariidae,Zodarion,rubidum,,bodm,Body mass,Morphometry,0.00044,0.0004,Single observation,Unknown,Juvenile,,,,wei,Weighing,2023-09-11,Mon Sep 11 2023 00:00:00 GMT+0200 (Central European Summer Time),Mon Sep 11 2023 23:59:59 GMT+0200 (Central European Summer Time),,zekc69Ojg,42.5021124,2.113978,,mont_louis,FRA,France,reared in laboratory,,"Data for Niche filling in the geographic range expanding spider Zodarion rubidum Simon, 1914 (Araneae: Zodariidae)",Free access,Viel et al. 2025,"Viel, N., Bilde, T., Sorensen, J.G., Petillon, J., Pekar, S. 2025. Niche filling in the geographic range expanding spider Zodarion rubidum Simon, 1914 (Araneae: Zodariidae). Journal of Animal Ecology (submitted).",,228
1127669,urn:lsid:nmbe.ch:spidersp:026117,Zodarion rubidum,Zodariidae,Zodarion,rubidum,,bodm,Body mass,Morphometry,0.00044,0.0004,Single observation,Unknown,Juvenile,,,,wei,Weighing,2023-09-13,Wed Sep 13 2023 00:00:00 GMT+0200 (Central European Summer Time),Wed Sep 13 2023 23:59:59 GMT+0200 (Central European Summer Time),,8dqk4wwnjk,49.178375,16.565217,,brno,CZE,Czechia,reared in laboratory,,"Data for Niche filling in the geographic range expanding spider Zodarion rubidum Simon, 1914 (Araneae: Zodariidae)",Free access,Viel et al. 2025,"Viel, N., Bilde, T., Sorensen, J.G., Petillon, J., Pekar, S. 2025. Niche filling in the geographic range expanding spider Zodarion rubidum Simon, 1914 (Araneae: Zodariidae). Journal of Animal Ecology (submitted).",,324
1127670,urn:lsid:nmbe.ch:spidersp:026117,Zodarion rubidum,Zodariidae,Zodarion,rubidum,,bodm,Body mass,Morphometry,0.00045,0.0005,Single observation,Unknown,Juvenile,,,,wei,Weighing,2023-09-12,Tue Sep 12 2023 00:00:00 GMT+0200 (Central European Summer Time),Tue Sep 12 2023 23:59:59 GMT+0200 (Central European Summer Time),,zekc69Ojg,42.5021124,2.113978,,mont_louis,FRA,France,reared in laboratory,,"Data for Niche filling in the geographic range expanding spider Zodarion rubidum Simon, 1914 (Araneae: Zodariidae)",Free access,Viel et al. 2025,"Viel, N., Bilde, T., Sorensen, J.G., Petillon, J., Pekar, S. 2025. Niche filling in the geographic range expanding spider Zodarion rubidum Simon, 1914 (Araneae: Zodariidae). Journal of Animal Ecology (submitted).",,276
1127671,urn:lsid:nmbe.ch:spidersp:026117,Zodarion rubidum,Zodariidae,Zodarion,rubidum,,bodm,Body mass,Morphometry,0.00045,0.0005,Single observation,Unknown,Juvenile,,,,wei,Weighing,2023-09-13,Wed Sep 13 2023 00:00:00 GMT+0200 (Central European Summer Time),Wed Sep 13 2023 23:59:59 GMT+0200 (Central European Summer Time),,zekc69Ojg,42.5021124,2.113978,,mont_louis,FRA,France,reared in laboratory,,"Data for Niche filling in the geographic range expanding spider Zodarion rubidum Simon, 1914 (Araneae: Zodariidae)",Free access,Viel et al. 2025,"Viel, N., Bilde, T., Sorensen, J.G., Petillon, J., Pekar, S. 2025. Niche filling in the geographic range expanding spider Zodarion rubidum Simon, 1914 (Araneae: Zodariidae). Journal of Animal Ecology (submitted).",,195
1127672,urn:lsid:nmbe.ch:spidersp:026117,Zodarion rubidum,Zodariidae,Zodarion,rubidum,,bodm,Body mass,Morphometry,0.00047,0.0005,Single observation,Unknown,Juvenile,,,,wei,Weighing,2023-09-11,Mon Sep 11 2023 00:00:00 GMT+0200 (Central European Summer Time),Mon Sep 11 2023 23:59:59 GMT+0200 (Central European Summer Time),,8dqk4wwnjk,49.178375,16.565217,,brno,CZE,Czechia,reared in laboratory,,"Data for Niche filling in the geographic range expanding spider Zodarion rubidum Simon, 1914 (Araneae: Zodariidae)",Free access,Viel et al. 2025,"Viel, N., Bilde, T., Sorensen, J.G., Petillon, J., Pekar, S. 2025. Niche filling in the geographic range expanding spider Zodarion rubidum Simon, 1914 (Araneae: Zodariidae). Journal of Animal Ecology (submitted).",,333
1127673,urn:lsid:nmbe.ch:spidersp:026117,Zodarion rubidum,Zodariidae,Zodarion,rubidum,,bodm,Body mass,Morphometry,0.00047,0.0005,Single observation,Unknown,Juvenile,,,,wei,Weighing,2023-09-12,Tue Sep 12 2023 00:00:00 GMT+0200 (Central European Summer Time),Tue Sep 12 2023 23:59:59 GMT+0200 (Central European Summer Time),,6l1hrAZe-,56.1489,10.182981,,aarhus,DNK,Denmark,reared in laboratory,,"Data for Niche filling in the geographic range expanding spider Zodarion rubidum Simon, 1914 (Araneae: Zodariidae)",Free access,Viel et al. 2025,"Viel, N., Bilde, T., Sorensen, J.G., Petillon, J., Pekar, S. 2025. Niche filling in the geographic range expanding spider Zodarion rubidum Simon, 1914 (Araneae: Zodariidae). Journal of Animal Ecology (submitted).",,78
1127674,urn:lsid:nmbe.ch:spidersp:026117,Zodarion rubidum,Zodariidae,Zodarion,rubidum,,bodm,Body mass,Morphometry,0.00047,0.0005,Single observation,Unknown,Juvenile,,,,wei,Weighing,2023-09-12,Tue Sep 12 2023 00:00:00 GMT+0200 (Central European Summer Time),Tue Sep 12 2023 23:59:59 GMT+0200 (Central European Summer Time),,zekc69Ojg,42.5021124,2.113978,,mont_louis,FRA,France,reared in laboratory,,"Data for Niche filling in the geographic range expanding spider Zodarion rubidum Simon, 1914 (Araneae: Zodariidae)",Free access,Viel et al. 2025,"Viel, N., Bilde, T., Sorensen, J.G., Petillon, J., Pekar, S. 2025. Niche filling in the geographic range expanding spider Zodarion rubidum Simon, 1914 (Araneae: Zodariidae). Journal of Animal Ecology (submitted).",,252
1127675,urn:lsid:nmbe.ch:spidersp:026117,Zodarion rubidum,Zodariidae,Zodarion,rubidum,,bodm,Body mass,Morphometry,0.00047,0.0005,Single observation,Unknown,Juvenile,,,,wei,Weighing,2023-09-13,Wed Sep 13 2023 00:00:00 GMT+0200 (Central European Summer Time),Wed Sep 13 2023 23:59:59 GMT+0200 (Central European Summer Time),,8dqk4wwnjk,49.178375,16.565217,,brno,CZE,Czechia,reared in laboratory,,"Data for Niche filling in the geographic range expanding spider Zodarion rubidum Simon, 1914 (Araneae: Zodariidae)",Free access,Viel et al. 2025,"Viel, N., Bilde, T., Sorensen, J.G., Petillon, J., Pekar, S. 2025. Niche filling in the geographic range expanding spider Zodarion rubidum Simon, 1914 (Araneae: Zodariidae). Journal of Animal Ecology (submitted).",,318
1127676,urn:lsid:nmbe.ch:spidersp:026117,Zodarion rubidum,Zodariidae,Zodarion,rubidum,,bodm,Body mass,Morphometry,0.00048,0.0005,Single observation,Unknown,Juvenile,,,,wei,Weighing,2023-09-13,Wed Sep 13 2023 00:00:00 GMT+0200 (Central European Summer Time),Wed Sep 13 2023 23:59:59 GMT+0200 (Central European Summer Time),,zekc69Ojg,42.5021124,2.113978,,mont_louis,FRA,France,reared in laboratory,,"Data for Niche filling in the geographic range expanding spider Zodarion rubidum Simon, 1914 (Araneae: Zodariidae)",Free access,Viel et al. 2025,"Viel, N., Bilde, T., Sorensen, J.G., Petillon, J., Pekar, S. 2025. Niche filling in the geographic range expanding spider Zodarion rubidum Simon, 1914 (Araneae: Zodariidae). Journal of Animal Ecology (submitted).",,198
1127677,urn:lsid:nmbe.ch:spidersp:026117,Zodarion rubidum,Zodariidae,Zodarion,rubidum,,bodm,Body mass,Morphometry,0.00048,0.0005,Single observation,Unknown,Juvenile,,,,wei,Weighing,2023-09-12,Tue Sep 12 2023 00:00:00 GMT+0200 (Central European Summer Time),Tue Sep 12 2023 23:59:59 GMT+0200 (Central European Summer Time),,zekc69Ojg,42.5021124,2.113978,,mont_louis,FRA,France,reared in laboratory,,"Data for Niche filling in the geographic range expanding spider Zodarion rubidum Simon, 1914 (Araneae: Zodariidae)",Free access,Viel et al. 2025,"Viel, N., Bilde, T., Sorensen, J.G., Petillon, J., Pekar, S. 2025. Niche filling in the geographic range expanding spider Zodarion rubidum Simon, 1914 (Araneae: Zodariidae). Journal of Animal Ecology (submitted).",,285
1127678,urn:lsid:nmbe.ch:spidersp:026117,Zodarion rubidum,Zodariidae,Zodarion,rubidum,,bodm,Body mass,Morphometry,0.00049,0.0005,Single observation,Unknown,Juvenile,,,,wei,Weighing,2023-09-12,Tue Sep 12 2023 00:00:00 GMT+0200 (Central European Summer Time),Tue Sep 12 2023 23:59:59 GMT+0200 (Central European Summer Time),,6l1hrAZe-,56.1489,10.182981,,aarhus,DNK,Denmark,reared in laboratory,,"Data for Niche filling in the geographic range expanding spider Zodarion rubidum Simon, 1914 (Araneae: Zodariidae)",Free access,Viel et al. 2025,"Viel, N., Bilde, T., Sorensen, J.G., Petillon, J., Pekar, S. 2025. Niche filling in the geographic range expanding spider Zodarion rubidum Simon, 1914 (Araneae: Zodariidae). Journal of Animal Ecology (submitted).",,63
1127679,urn:lsid:nmbe.ch:spidersp:026117,Zodarion rubidum,Zodariidae,Zodarion,rubidum,,bodm,Body mass,Morphometry,0.00049,0.0005,Single observation,Unknown,Juvenile,,,,wei,Weighing,2023-09-11,Mon Sep 11 2023 00:00:00 GMT+0200 (Central European Summer Time),Mon Sep 11 2023 23:59:59 GMT+0200 (Central European Summer Time),,6l1hrAZe-,56.1489,10.182981,,aarhus,DNK,Denmark,reared in laboratory,,"Data for Niche filling in the geographic range expanding spider Zodarion rubidum Simon, 1914 (Araneae: Zodariidae)",Free access,Viel et al. 2025,"Viel, N., Bilde, T., Sorensen, J.G., Petillon, J., Pekar, S. 2025. Niche filling in the geographic range expanding spider Zodarion rubidum Simon, 1914 (Araneae: Zodariidae). Journal of Animal Ecology (submitted).",,81
1127680,urn:lsid:nmbe.ch:spidersp:026117,Zodarion rubidum,Zodariidae,Zodarion,rubidum,,bodm,Body mass,Morphometry,0.00049,0.0005,Single observation,Unknown,Juvenile,,,,wei,Weighing,2023-09-13,Wed Sep 13 2023 00:00:00 GMT+0200 (Central European Summer Time),Wed Sep 13 2023 23:59:59 GMT+0200 (Central European Summer Time),,zekc69Ojg,42.5021124,2.113978,,mont_louis,FRA,France,reared in laboratory,,"Data for Niche filling in the geographic range expanding spider Zodarion rubidum Simon, 1914 (Araneae: Zodariidae)",Free access,Viel et al. 2025,"Viel, N., Bilde, T., Sorensen, J.G., Petillon, J., Pekar, S. 2025. Niche filling in the geographic range expanding spider Zodarion rubidum Simon, 1914 (Araneae: Zodariidae). Journal of Animal Ecology (submitted).",,192
1127681,urn:lsid:nmbe.ch:spidersp:026117,Zodarion rubidum,Zodariidae,Zodarion,rubidum,,bodm,Body mass,Morphometry,0.00049,0.0005,Single observation,Unknown,Juvenile,,,,wei,Weighing,2023-09-12,Tue Sep 12 2023 00:00:00 GMT+0200 (Central European Summer Time),Tue Sep 12 2023 23:59:59 GMT+0200 (Central European Summer Time),,6l1hrAZe-,56.1489,10.182981,,aarhus,DNK,Denmark,reared in laboratory,,"Data for Niche filling in the geographic range expanding spider Zodarion rubidum Simon, 1914 (Araneae: Zodariidae)",Free access,Viel et al. 2025,"Viel, N., Bilde, T., Sorensen, J.G., Petillon, J., Pekar, S. 2025. Niche filling in the geographic range expanding spider Zodarion rubidum Simon, 1914 (Araneae: Zodariidae). Journal of Animal Ecology (submitted).",,75
1127682,urn:lsid:nmbe.ch:spidersp:026117,Zodarion rubidum,Zodariidae,Zodarion,rubidum,,bodm,Body mass,Morphometry,0.00049,0.0005,Single observation,Unknown,Juvenile,,,,wei,Weighing,2023-09-11,Mon Sep 11 2023 00:00:00 GMT+0200 (Central European Summer Time),Mon Sep 11 2023 23:59:59 GMT+0200 (Central European Summer Time),,6l1hrAZe-,56.1489,10.182981,,aarhus,DNK,Denmark,reared in laboratory,,"Data for Niche filling in the geographic range expanding spider Zodarion rubidum Simon, 1914 (Araneae: Zodariidae)",Free access,Viel et al. 2025,"Viel, N., Bilde, T., Sorensen, J.G., Petillon, J., Pekar, S. 2025. Niche filling in the geographic range expanding spider Zodarion rubidum Simon, 1914 (Araneae: Zodariidae). Journal of Animal Ecology (submitted).",,24
1127683,urn:lsid:nmbe.ch:spidersp:026117,Zodarion rubidum,Zodariidae,Zodarion,rubidum,,bodm,Body mass,Morphometry,0.0005,0.0005,Single observation,Unknown,Juvenile,,,,wei,Weighing,2023-09-11,Mon Sep 11 2023 00:00:00 GMT+0200 (Central European Summer Time),Mon Sep 11 2023 23:59:59 GMT+0200 (Central European Summer Time),,zekc69Ojg,42.5021124,2.113978,,mont_louis,FRA,France,reared in laboratory,,"Data for Niche filling in the geographic range expanding spider Zodarion rubidum Simon, 1914 (Araneae: Zodariidae)",Free access,Viel et al. 2025,"Viel, N., Bilde, T., Sorensen, J.G., Petillon, J., Pekar, S. 2025. Niche filling in the geographic range expanding spider Zodarion rubidum Simon, 1914 (Araneae: Zodariidae). Journal of Animal Ecology (submitted).",,204
1127684,urn:lsid:nmbe.ch:spidersp:026117,Zodarion rubidum,Zodariidae,Zodarion,rubidum,,bodm,Body mass,Morphometry,0.0005,0.0005,Single observation,Unknown,Juvenile,,,,wei,Weighing,2023-09-12,Tue Sep 12 2023 00:00:00 GMT+0200 (Central European Summer Time),Tue Sep 12 2023 23:59:59 GMT+0200 (Central European Summer Time),,6l1hrAZe-,56.1489,10.182981,,aarhus,DNK,Denmark,reared in laboratory,,"Data for Niche filling in the geographic range expanding spider Zodarion rubidum Simon, 1914 (Araneae: Zodariidae)",Free access,Viel et al. 2025,"Viel, N., Bilde, T., Sorensen, J.G., Petillon, J., Pekar, S. 2025. Niche filling in the geographic range expanding spider Zodarion rubidum Simon, 1914 (Araneae: Zodariidae). Journal of Animal Ecology (submitted).",,66
1127685,urn:lsid:nmbe.ch:spidersp:026117,Zodarion rubidum,Zodariidae,Zodarion,rubidum,,bodm,Body mass,Morphometry,0.0005,0.0005,Single observation,Unknown,Juvenile,,,,wei,Weighing,2023-09-12,Tue Sep 12 2023 00:00:00 GMT+0200 (Central European Summer Time),Tue Sep 12 2023 23:59:59 GMT+0200 (Central European Summer Time),,zekc69Ojg,42.5021124,2.113978,,mont_louis,FRA,France,reared in laboratory,,"Data for Niche filling in the geographic range expanding spider Zodarion rubidum Simon, 1914 (Araneae: Zodariidae)",Free access,Viel et al. 2025,"Viel, N., Bilde, T., Sorensen, J.G., Petillon, J., Pekar, S. 2025. Niche filling in the geographic range expanding spider Zodarion rubidum Simon, 1914 (Araneae: Zodariidae). Journal of Animal Ecology (submitted).",,240
1127686,urn:lsid:nmbe.ch:spidersp:026117,Zodarion rubidum,Zodariidae,Zodarion,rubidum,,bodm,Body mass,Morphometry,0.0005,0.0005,Single observation,Unknown,Juvenile,,,,wei,Weighing,2023-09-11,Mon Sep 11 2023 00:00:00 GMT+0200 (Central European Summer Time),Mon Sep 11 2023 23:59:59 GMT+0200 (Central European Summer Time),,6l1hrAZe-,56.1489,10.182981,,aarhus,DNK,Denmark,reared in laboratory,,"Data for Niche filling in the geographic range expanding spider Zodarion rubidum Simon, 1914 (Araneae: Zodariidae)",Free access,Viel et al. 2025,"Viel, N., Bilde, T., Sorensen, J.G., Petillon, J., Pekar, S. 2025. Niche filling in the geographic range expanding spider Zodarion rubidum Simon, 1914 (Araneae: Zodariidae). Journal of Animal Ecology (submitted).",,18
1127687,urn:lsid:nmbe.ch:spidersp:026117,Zodarion rubidum,Zodariidae,Zodarion,rubidum,,bodm,Body mass,Morphometry,0.0005,0.0005,Single observation,Unknown,Juvenile,,,,wei,Weighing,2023-09-11,Mon Sep 11 2023 00:00:00 GMT+0200 (Central European Summer Time),Mon Sep 11 2023 23:59:59 GMT+0200 (Central European Summer Time),,6l1hrAZe-,56.1489,10.182981,,aarhus,DNK,Denmark,reared in laboratory,,"Data for Niche filling in the geographic range expanding spider Zodarion rubidum Simon, 1914 (Araneae: Zodariidae)",Free access,Viel et al. 2025,"Viel, N., Bilde, T., Sorensen, J.G., Petillon, J., Pekar, S. 2025. Niche filling in the geographic range expanding spider Zodarion rubidum Simon, 1914 (Araneae: Zodariidae). Journal of Animal Ecology (submitted).",,105
1127688,urn:lsid:nmbe.ch:spidersp:026117,Zodarion rubidum,Zodariidae,Zodarion,rubidum,,bodm,Body mass,Morphometry,0.0005,0.0005,Single observation,Unknown,Juvenile,,,,wei,Weighing,2023-09-11,Mon Sep 11 2023 00:00:00 GMT+0200 (Central European Summer Time),Mon Sep 11 2023 23:59:59 GMT+0200 (Central European Summer Time),,zekc69Ojg,42.5021124,2.113978,,mont_louis,FRA,France,reared in laboratory,,"Data for Niche filling in the geographic range expanding spider Zodarion rubidum Simon, 1914 (Araneae: Zodariidae)",Free access,Viel et al. 2025,"Viel, N., Bilde, T., Sorensen, J.G., Petillon, J., Pekar, S. 2025. Niche filling in the geographic range expanding spider Zodarion rubidum Simon, 1914 (Araneae: Zodariidae). Journal of Animal Ecology (submitted).",,231
1127689,urn:lsid:nmbe.ch:spidersp:026117,Zodarion rubidum,Zodariidae,Zodarion,rubidum,,bodm,Body mass,Morphometry,0.0005,0.0005,Single observation,Unknown,Juvenile,,,,wei,Weighing,2023-09-12,Tue Sep 12 2023 00:00:00 GMT+0200 (Central European Summer Time),Tue Sep 12 2023 23:59:59 GMT+0200 (Central European Summer Time),,zekc69Ojg,42.5021124,2.113978,,mont_louis,FRA,France,reared in laboratory,,"Data for Niche filling in the geographic range expanding spider Zodarion rubidum Simon, 1914 (Araneae: Zodariidae)",Free access,Viel et al. 2025,"Viel, N., Bilde, T., Sorensen, J.G., Petillon, J., Pekar, S. 2025. Niche filling in the geographic range expanding spider Zodarion rubidum Simon, 1914 (Araneae: Zodariidae). Journal of Animal Ecology (submitted).",,168
1127690,urn:lsid:nmbe.ch:spidersp:026117,Zodarion rubidum,Zodariidae,Zodarion,rubidum,,bodm,Body mass,Morphometry,0.0005,0.0005,Single observation,Unknown,Juvenile,,,,wei,Weighing,2023-09-12,Tue Sep 12 2023 00:00:00 GMT+0200 (Central European Summer Time),Tue Sep 12 2023 23:59:59 GMT+0200 (Central European Summer Time),,zekc69Ojg,42.5021124,2.113978,,mont_louis,FRA,France,reared in laboratory,,"Data for Niche filling in the geographic range expanding spider Zodarion rubidum Simon, 1914 (Araneae: Zodariidae)",Free access,Viel et al. 2025,"Viel, N., Bilde, T., Sorensen, J.G., Petillon, J., Pekar, S. 2025. Niche filling in the geographic range expanding spider Zodarion rubidum Simon, 1914 (Araneae: Zodariidae). Journal of Animal Ecology (submitted).",,189
1127691,urn:lsid:nmbe.ch:spidersp:026117,Zodarion rubidum,Zodariidae,Zodarion,rubidum,,bodm,Body mass,Morphometry,0.0005,0.0005,Single observation,Unknown,Juvenile,,,,wei,Weighing,2023-09-13,Wed Sep 13 2023 00:00:00 GMT+0200 (Central European Summer Time),Wed Sep 13 2023 23:59:59 GMT+0200 (Central European Summer Time),,6l1hrAZe-,56.1489,10.182981,,aarhus,DNK,Denmark,reared in laboratory,,"Data for Niche filling in the geographic range expanding spider Zodarion rubidum Simon, 1914 (Araneae: Zodariidae)",Free access,Viel et al. 2025,"Viel, N., Bilde, T., Sorensen, J.G., Petillon, J., Pekar, S. 2025. Niche filling in the geographic range expanding spider Zodarion rubidum Simon, 1914 (Araneae: Zodariidae). Journal of Animal Ecology (submitted).",,129
1127692,urn:lsid:nmbe.ch:spidersp:026117,Zodarion rubidum,Zodariidae,Zodarion,rubidum,,bodm,Body mass,Morphometry,0.0005,0.0005,Single observation,Unknown,Juvenile,,,,wei,Weighing,2023-09-12,Tue Sep 12 2023 00:00:00 GMT+0200 (Central European Summer Time),Tue Sep 12 2023 23:59:59 GMT+0200 (Central European Summer Time),,zekc69Ojg,42.5021124,2.113978,,mont_louis,FRA,France,reared in laboratory,,"Data for Niche filling in the geographic range expanding spider Zodarion rubidum Simon, 1914 (Araneae: Zodariidae)",Free access,Viel et al. 2025,"Viel, N., Bilde, T., Sorensen, J.G., Petillon, J., Pekar, S. 2025. Niche filling in the geographic range expanding spider Zodarion rubidum Simon, 1914 (Araneae: Zodariidae). Journal of Animal Ecology (submitted).",,288
1127693,urn:lsid:nmbe.ch:spidersp:026117,Zodarion rubidum,Zodariidae,Zodarion,rubidum,,bodm,Body mass,Morphometry,0.0005,0.0005,Single observation,Unknown,Juvenile,,,,wei,Weighing,2023-09-13,Wed Sep 13 2023 00:00:00 GMT+0200 (Central European Summer Time),Wed Sep 13 2023 23:59:59 GMT+0200 (Central European Summer Time),,8dqk4wwnjk,49.178375,16.565217,,brno,CZE,Czechia,reared in laboratory,,"Data for Niche filling in the geographic range expanding spider Zodarion rubidum Simon, 1914 (Araneae: Zodariidae)",Free access,Viel et al. 2025,"Viel, N., Bilde, T., Sorensen, J.G., Petillon, J., Pekar, S. 2025. Niche filling in the geographic range expanding spider Zodarion rubidum Simon, 1914 (Araneae: Zodariidae). Journal of Animal Ecology (submitted).",,321
1127694,urn:lsid:nmbe.ch:spidersp:026117,Zodarion rubidum,Zodariidae,Zodarion,rubidum,,bodm,Body mass,Morphometry,0.00051,0.0005,Single observation,Unknown,Juvenile,,,,wei,Weighing,2023-09-11,Mon Sep 11 2023 00:00:00 GMT+0200 (Central European Summer Time),Mon Sep 11 2023 23:59:59 GMT+0200 (Central European Summer Time),,zekc69Ojg,42.5021124,2.113978,,mont_louis,FRA,France,reared in laboratory,,"Data for Niche filling in the geographic range expanding spider Zodarion rubidum Simon, 1914 (Araneae: Zodariidae)",Free access,Viel et al. 2025,"Viel, N., Bilde, T., Sorensen, J.G., Petillon, J., Pekar, S. 2025. Niche filling in the geographic range expanding spider Zodarion rubidum Simon, 1914 (Araneae: Zodariidae). Journal of Animal Ecology (submitted).",,207
1127695,urn:lsid:nmbe.ch:spidersp:026117,Zodarion rubidum,Zodariidae,Zodarion,rubidum,,bodm,Body mass,Morphometry,0.00051,0.0005,Single observation,Unknown,Juvenile,,,,wei,Weighing,2023-09-11,Mon Sep 11 2023 00:00:00 GMT+0200 (Central European Summer Time),Mon Sep 11 2023 23:59:59 GMT+0200 (Central European Summer Time),,zekc69Ojg,42.5021124,2.113978,,mont_louis,FRA,France,reared in laboratory,,"Data for Niche filling in the geographic range expanding spider Zodarion rubidum Simon, 1914 (Araneae: Zodariidae)",Free access,Viel et al. 2025,"Viel, N., Bilde, T., Sorensen, J.G., Petillon, J., Pekar, S. 2025. Niche filling in the geographic range expanding spider Zodarion rubidum Simon, 1914 (Araneae: Zodariidae). Journal of Animal Ecology (submitted).",,210
1127696,urn:lsid:nmbe.ch:spidersp:026117,Zodarion rubidum,Zodariidae,Zodarion,rubidum,,bodm,Body mass,Morphometry,0.00051,0.0005,Single observation,Unknown,Juvenile,,,,wei,Weighing,2023-09-11,Mon Sep 11 2023 00:00:00 GMT+0200 (Central European Summer Time),Mon Sep 11 2023 23:59:59 GMT+0200 (Central European Summer Time),,8dqk4wwnjk,49.178375,16.565217,,brno,CZE,Czechia,reared in laboratory,,"Data for Niche filling in the geographic range expanding spider Zodarion rubidum Simon, 1914 (Araneae: Zodariidae)",Free access,Viel et al. 2025,"Viel, N., Bilde, T., Sorensen, J.G., Petillon, J., Pekar, S. 2025. Niche filling in the geographic range expanding spider Zodarion rubidum Simon, 1914 (Araneae: Zodariidae). Journal of Animal Ecology (submitted).",,330
1127697,urn:lsid:nmbe.ch:spidersp:026117,Zodarion rubidum,Zodariidae,Zodarion,rubidum,,bodm,Body mass,Morphometry,0.00051,0.0005,Single observation,Unknown,Juvenile,,,,wei,Weighing,2023-09-11,Mon Sep 11 2023 00:00:00 GMT+0200 (Central European Summer Time),Mon Sep 11 2023 23:59:59 GMT+0200 (Central European Summer Time),,8dqk4wwnjk,49.178375,16.565217,,brno,CZE,Czechia,reared in laboratory,,"Data for Niche filling in the geographic range expanding spider Zodarion rubidum Simon, 1914 (Araneae: Zodariidae)",Free access,Viel et al. 2025,"Viel, N., Bilde, T., Sorensen, J.G., Petillon, J., Pekar, S. 2025. Niche filling in the geographic range expanding spider Zodarion rubidum Simon, 1914 (Araneae: Zodariidae). Journal of Animal Ecology (submitted).",,342
1127698,urn:lsid:nmbe.ch:spidersp:026117,Zodarion rubidum,Zodariidae,Zodarion,rubidum,,bodm,Body mass,Morphometry,0.00051,0.0005,Single observation,Unknown,Juvenile,,,,wei,Weighing,2023-09-11,Mon Sep 11 2023 00:00:00 GMT+0200 (Central European Summer Time),Mon Sep 11 2023 23:59:59 GMT+0200 (Central European Summer Time),,6l1hrAZe-,56.1489,10.182981,,aarhus,DNK,Denmark,reared in laboratory,,"Data for Niche filling in the geographic range expanding spider Zodarion rubidum Simon, 1914 (Araneae: Zodariidae)",Free access,Viel et al. 2025,"Viel, N., Bilde, T., Sorensen, J.G., Petillon, J., Pekar, S. 2025. Niche filling in the geographic range expanding spider Zodarion rubidum Simon, 1914 (Araneae: Zodariidae). Journal of Animal Ecology (submitted).",,21
1127699,urn:lsid:nmbe.ch:spidersp:026117,Zodarion rubidum,Zodariidae,Zodarion,rubidum,,bodm,Body mass,Morphometry,0.00051,0.0005,Single observation,Unknown,Juvenile,,,,wei,Weighing,2023-09-13,Wed Sep 13 2023 00:00:00 GMT+0200 (Central European Summer Time),Wed Sep 13 2023 23:59:59 GMT+0200 (Central European Summer Time),,zekc69Ojg,42.5021124,2.113978,,mont_louis,FRA,France,reared in laboratory,,"Data for Niche filling in the geographic range expanding spider Zodarion rubidum Simon, 1914 (Araneae: Zodariidae)",Free access,Viel et al. 2025,"Viel, N., Bilde, T., Sorensen, J.G., Petillon, J., Pekar, S. 2025. Niche filling in the geographic range expanding spider Zodarion rubidum Simon, 1914 (Araneae: Zodariidae). Journal of Animal Ecology (submitted).",,177
1127700,urn:lsid:nmbe.ch:spidersp:026117,Zodarion rubidum,Zodariidae,Zodarion,rubidum,,bodm,Body mass,Morphometry,0.00052,0.0005,Single observation,Unknown,Juvenile,,,,wei,Weighing,2023-09-12,Tue Sep 12 2023 00:00:00 GMT+0200 (Central European Summer Time),Tue Sep 12 2023 23:59:59 GMT+0200 (Central European Summer Time),,6l1hrAZe-,56.1489,10.182981,,aarhus,DNK,Denmark,reared in laboratory,,"Data for Niche filling in the geographic range expanding spider Zodarion rubidum Simon, 1914 (Araneae: Zodariidae)",Free access,Viel et al. 2025,"Viel, N., Bilde, T., Sorensen, J.G., Petillon, J., Pekar, S. 2025. Niche filling in the geographic range expanding spider Zodarion rubidum Simon, 1914 (Araneae: Zodariidae). Journal of Animal Ecology (submitted).",,45
1127701,urn:lsid:nmbe.ch:spidersp:026117,Zodarion rubidum,Zodariidae,Zodarion,rubidum,,bodm,Body mass,Morphometry,0.00053,0.0005,Single observation,Unknown,Juvenile,,,,wei,Weighing,2023-09-11,Mon Sep 11 2023 00:00:00 GMT+0200 (Central European Summer Time),Mon Sep 11 2023 23:59:59 GMT+0200 (Central European Summer Time),,6l1hrAZe-,56.1489,10.182981,,aarhus,DNK,Denmark,reared in laboratory,,"Data for Niche filling in the geographic range expanding spider Zodarion rubidum Simon, 1914 (Araneae: Zodariidae)",Free access,Viel et al. 2025,"Viel, N., Bilde, T., Sorensen, J.G., Petillon, J., Pekar, S. 2025. Niche filling in the geographic range expanding spider Zodarion rubidum Simon, 1914 (Araneae: Zodariidae). Journal of Animal Ecology (submitted).",,57
1127702,urn:lsid:nmbe.ch:spidersp:026117,Zodarion rubidum,Zodariidae,Zodarion,rubidum,,bodm,Body mass,Morphometry,0.00053,0.0005,Single observation,Unknown,Juvenile,,,,wei,Weighing,2023-09-12,Tue Sep 12 2023 00:00:00 GMT+0200 (Central European Summer Time),Tue Sep 12 2023 23:59:59 GMT+0200 (Central European Summer Time),,8dqk4wwnjk,49.178375,16.565217,,brno,CZE,Czechia,reared in laboratory,,"Data for Niche filling in the geographic range expanding spider Zodarion rubidum Simon, 1914 (Araneae: Zodariidae)",Free access,Viel et al. 2025,"Viel, N., Bilde, T., Sorensen, J.G., Petillon, J., Pekar, S. 2025. Niche filling in the geographic range expanding spider Zodarion rubidum Simon, 1914 (Araneae: Zodariidae). Journal of Animal Ecology (submitted).",,312
1127703,urn:lsid:nmbe.ch:spidersp:026117,Zodarion rubidum,Zodariidae,Zodarion,rubidum,,bodm,Body mass,Morphometry,0.00054,0.0005,Single observation,Unknown,Juvenile,,,,wei,Weighing,2023-09-11,Mon Sep 11 2023 00:00:00 GMT+0200 (Central European Summer Time),Mon Sep 11 2023 23:59:59 GMT+0200 (Central European Summer Time),,6l1hrAZe-,56.1489,10.182981,,aarhus,DNK,Denmark,reared in laboratory,,"Data for Niche filling in the geographic range expanding spider Zodarion rubidum Simon, 1914 (Araneae: Zodariidae)",Free access,Viel et al. 2025,"Viel, N., Bilde, T., Sorensen, J.G., Petillon, J., Pekar, S. 2025. Niche filling in the geographic range expanding spider Zodarion rubidum Simon, 1914 (Araneae: Zodariidae). Journal of Animal Ecology (submitted).",,132
1127704,urn:lsid:nmbe.ch:spidersp:026117,Zodarion rubidum,Zodariidae,Zodarion,rubidum,,bodm,Body mass,Morphometry,0.00054,0.0005,Single observation,Unknown,Juvenile,,,,wei,Weighing,2023-09-11,Mon Sep 11 2023 00:00:00 GMT+0200 (Central European Summer Time),Mon Sep 11 2023 23:59:59 GMT+0200 (Central European Summer Time),,6l1hrAZe-,56.1489,10.182981,,aarhus,DNK,Denmark,reared in laboratory,,"Data for Niche filling in the geographic range expanding spider Zodarion rubidum Simon, 1914 (Araneae: Zodariidae)",Free access,Viel et al. 2025,"Viel, N., Bilde, T., Sorensen, J.G., Petillon, J., Pekar, S. 2025. Niche filling in the geographic range expanding spider Zodarion rubidum Simon, 1914 (Araneae: Zodariidae). Journal of Animal Ecology (submitted).",,138
1127705,urn:lsid:nmbe.ch:spidersp:026117,Zodarion rubidum,Zodariidae,Zodarion,rubidum,,bodm,Body mass,Morphometry,0.00054,0.0005,Single observation,Unknown,Juvenile,,,,wei,Weighing,2023-09-11,Mon Sep 11 2023 00:00:00 GMT+0200 (Central European Summer Time),Mon Sep 11 2023 23:59:59 GMT+0200 (Central European Summer Time),,zekc69Ojg,42.5021124,2.113978,,mont_louis,FRA,France,reared in laboratory,,"Data for Niche filling in the geographic range expanding spider Zodarion rubidum Simon, 1914 (Araneae: Zodariidae)",Free access,Viel et al. 2025,"Viel, N., Bilde, T., Sorensen, J.G., Petillon, J., Pekar, S. 2025. Niche filling in the geographic range expanding spider Zodarion rubidum Simon, 1914 (Araneae: Zodariidae). Journal of Animal Ecology (submitted).",,216
1127706,urn:lsid:nmbe.ch:spidersp:026117,Zodarion rubidum,Zodariidae,Zodarion,rubidum,,bodm,Body mass,Morphometry,0.00054,0.0005,Single observation,Unknown,Juvenile,,,,wei,Weighing,2023-09-12,Tue Sep 12 2023 00:00:00 GMT+0200 (Central European Summer Time),Tue Sep 12 2023 23:59:59 GMT+0200 (Central European Summer Time),,zekc69Ojg,42.5021124,2.113978,,mont_louis,FRA,France,reared in laboratory,,"Data for Niche filling in the geographic range expanding spider Zodarion rubidum Simon, 1914 (Araneae: Zodariidae)",Free access,Viel et al. 2025,"Viel, N., Bilde, T., Sorensen, J.G., Petillon, J., Pekar, S. 2025. Niche filling in the geographic range expanding spider Zodarion rubidum Simon, 1914 (Araneae: Zodariidae). Journal of Animal Ecology (submitted).",,249
1127707,urn:lsid:nmbe.ch:spidersp:026117,Zodarion rubidum,Zodariidae,Zodarion,rubidum,,bodm,Body mass,Morphometry,0.00055,0.0006,Single observation,Unknown,Juvenile,,,,wei,Weighing,2023-09-11,Mon Sep 11 2023 00:00:00 GMT+0200 (Central European Summer Time),Mon Sep 11 2023 23:59:59 GMT+0200 (Central European Summer Time),,6l1hrAZe-,56.1489,10.182981,,aarhus,DNK,Denmark,reared in laboratory,,"Data for Niche filling in the geographic range expanding spider Zodarion rubidum Simon, 1914 (Araneae: Zodariidae)",Free access,Viel et al. 2025,"Viel, N., Bilde, T., Sorensen, J.G., Petillon, J., Pekar, S. 2025. Niche filling in the geographic range expanding spider Zodarion rubidum Simon, 1914 (Araneae: Zodariidae). Journal of Animal Ecology (submitted).",,54
1127708,urn:lsid:nmbe.ch:spidersp:026117,Zodarion rubidum,Zodariidae,Zodarion,rubidum,,bodm,Body mass,Morphometry,0.00055,0.0006,Single observation,Unknown,Juvenile,,,,wei,Weighing,2023-09-12,Tue Sep 12 2023 00:00:00 GMT+0200 (Central European Summer Time),Tue Sep 12 2023 23:59:59 GMT+0200 (Central European Summer Time),,zekc69Ojg,42.5021124,2.113978,,mont_louis,FRA,France,reared in laboratory,,"Data for Niche filling in the geographic range expanding spider Zodarion rubidum Simon, 1914 (Araneae: Zodariidae)",Free access,Viel et al. 2025,"Viel, N., Bilde, T., Sorensen, J.G., Petillon, J., Pekar, S. 2025. Niche filling in the geographic range expanding spider Zodarion rubidum Simon, 1914 (Araneae: Zodariidae). Journal of Animal Ecology (submitted).",,243
1127709,urn:lsid:nmbe.ch:spidersp:026117,Zodarion rubidum,Zodariidae,Zodarion,rubidum,,bodm,Body mass,Morphometry,0.00056,0.0006,Single observation,Unknown,Juvenile,,,,wei,Weighing,2023-09-12,Tue Sep 12 2023 00:00:00 GMT+0200 (Central European Summer Time),Tue Sep 12 2023 23:59:59 GMT+0200 (Central European Summer Time),,6l1hrAZe-,56.1489,10.182981,,aarhus,DNK,Denmark,reared in laboratory,,"Data for Niche filling in the geographic range expanding spider Zodarion rubidum Simon, 1914 (Araneae: Zodariidae)",Free access,Viel et al. 2025,"Viel, N., Bilde, T., Sorensen, J.G., Petillon, J., Pekar, S. 2025. Niche filling in the geographic range expanding spider Zodarion rubidum Simon, 1914 (Araneae: Zodariidae). Journal of Animal Ecology (submitted).",,30
1127710,urn:lsid:nmbe.ch:spidersp:026117,Zodarion rubidum,Zodariidae,Zodarion,rubidum,,bodm,Body mass,Morphometry,0.00057,0.0006,Single observation,Unknown,Juvenile,,,,wei,Weighing,2023-09-11,Mon Sep 11 2023 00:00:00 GMT+0200 (Central European Summer Time),Mon Sep 11 2023 23:59:59 GMT+0200 (Central European Summer Time),,6l1hrAZe-,56.1489,10.182981,,aarhus,DNK,Denmark,reared in laboratory,,"Data for Niche filling in the geographic range expanding spider Zodarion rubidum Simon, 1914 (Araneae: Zodariidae)",Free access,Viel et al. 2025,"Viel, N., Bilde, T., Sorensen, J.G., Petillon, J., Pekar, S. 2025. Niche filling in the geographic range expanding spider Zodarion rubidum Simon, 1914 (Araneae: Zodariidae). Journal of Animal Ecology (submitted).",,90
1127711,urn:lsid:nmbe.ch:spidersp:026117,Zodarion rubidum,Zodariidae,Zodarion,rubidum,,bodm,Body mass,Morphometry,0.00057,0.0006,Single observation,Unknown,Juvenile,,,,wei,Weighing,2023-09-11,Mon Sep 11 2023 00:00:00 GMT+0200 (Central European Summer Time),Mon Sep 11 2023 23:59:59 GMT+0200 (Central European Summer Time),,6l1hrAZe-,56.1489,10.182981,,aarhus,DNK,Denmark,reared in laboratory,,"Data for Niche filling in the geographic range expanding spider Zodarion rubidum Simon, 1914 (Araneae: Zodariidae)",Free access,Viel et al. 2025,"Viel, N., Bilde, T., Sorensen, J.G., Petillon, J., Pekar, S. 2025. Niche filling in the geographic range expanding spider Zodarion rubidum Simon, 1914 (Araneae: Zodariidae). Journal of Animal Ecology (submitted).",,99
1127712,urn:lsid:nmbe.ch:spidersp:026117,Zodarion rubidum,Zodariidae,Zodarion,rubidum,,bodm,Body mass,Morphometry,0.00057,0.0006,Single observation,Unknown,Juvenile,,,,wei,Weighing,2023-09-12,Tue Sep 12 2023 00:00:00 GMT+0200 (Central European Summer Time),Tue Sep 12 2023 23:59:59 GMT+0200 (Central European Summer Time),,zekc69Ojg,42.5021124,2.113978,,mont_louis,FRA,France,reared in laboratory,,"Data for Niche filling in the geographic range expanding spider Zodarion rubidum Simon, 1914 (Araneae: Zodariidae)",Free access,Viel et al. 2025,"Viel, N., Bilde, T., Sorensen, J.G., Petillon, J., Pekar, S. 2025. Niche filling in the geographic range expanding spider Zodarion rubidum Simon, 1914 (Araneae: Zodariidae). Journal of Animal Ecology (submitted).",,237
1127713,urn:lsid:nmbe.ch:spidersp:026117,Zodarion rubidum,Zodariidae,Zodarion,rubidum,,bodm,Body mass,Morphometry,0.00057,0.0006,Single observation,Unknown,Juvenile,,,,wei,Weighing,2023-09-11,Mon Sep 11 2023 00:00:00 GMT+0200 (Central European Summer Time),Mon Sep 11 2023 23:59:59 GMT+0200 (Central European Summer Time),,zekc69Ojg,42.5021124,2.113978,,mont_louis,FRA,France,reared in laboratory,,"Data for Niche filling in the geographic range expanding spider Zodarion rubidum Simon, 1914 (Araneae: Zodariidae)",Free access,Viel et al. 2025,"Viel, N., Bilde, T., Sorensen, J.G., Petillon, J., Pekar, S. 2025. Niche filling in the geographic range expanding spider Zodarion rubidum Simon, 1914 (Araneae: Zodariidae). Journal of Animal Ecology (submitted).",,219
1127714,urn:lsid:nmbe.ch:spidersp:026117,Zodarion rubidum,Zodariidae,Zodarion,rubidum,,bodm,Body mass,Morphometry,0.00057,0.0006,Single observation,Unknown,Juvenile,,,,wei,Weighing,2023-09-11,Mon Sep 11 2023 00:00:00 GMT+0200 (Central European Summer Time),Mon Sep 11 2023 23:59:59 GMT+0200 (Central European Summer Time),,6l1hrAZe-,56.1489,10.182981,,aarhus,DNK,Denmark,reared in laboratory,,"Data for Niche filling in the geographic range expanding spider Zodarion rubidum Simon, 1914 (Araneae: Zodariidae)",Free access,Viel et al. 2025,"Viel, N., Bilde, T., Sorensen, J.G., Petillon, J., Pekar, S. 2025. Niche filling in the geographic range expanding spider Zodarion rubidum Simon, 1914 (Araneae: Zodariidae). Journal of Animal Ecology (submitted).",,102
1127715,urn:lsid:nmbe.ch:spidersp:026117,Zodarion rubidum,Zodariidae,Zodarion,rubidum,,bodm,Body mass,Morphometry,0.00058,0.0006,Single observation,Unknown,Juvenile,,,,wei,Weighing,2023-09-13,Wed Sep 13 2023 00:00:00 GMT+0200 (Central European Summer Time),Wed Sep 13 2023 23:59:59 GMT+0200 (Central European Summer Time),,6l1hrAZe-,56.1489,10.182981,,aarhus,DNK,Denmark,reared in laboratory,,"Data for Niche filling in the geographic range expanding spider Zodarion rubidum Simon, 1914 (Araneae: Zodariidae)",Free access,Viel et al. 2025,"Viel, N., Bilde, T., Sorensen, J.G., Petillon, J., Pekar, S. 2025. Niche filling in the geographic range expanding spider Zodarion rubidum Simon, 1914 (Araneae: Zodariidae). Journal of Animal Ecology (submitted).",,42
1127716,urn:lsid:nmbe.ch:spidersp:026117,Zodarion rubidum,Zodariidae,Zodarion,rubidum,,bodm,Body mass,Morphometry,0.00058,0.0006,Single observation,Unknown,Juvenile,,,,wei,Weighing,2023-09-13,Wed Sep 13 2023 00:00:00 GMT+0200 (Central European Summer Time),Wed Sep 13 2023 23:59:59 GMT+0200 (Central European Summer Time),,6l1hrAZe-,56.1489,10.182981,,aarhus,DNK,Denmark,reared in laboratory,,"Data for Niche filling in the geographic range expanding spider Zodarion rubidum Simon, 1914 (Araneae: Zodariidae)",Free access,Viel et al. 2025,"Viel, N., Bilde, T., Sorensen, J.G., Petillon, J., Pekar, S. 2025. Niche filling in the geographic range expanding spider Zodarion rubidum Simon, 1914 (Araneae: Zodariidae). Journal of Animal Ecology (submitted).",,126
1127717,urn:lsid:nmbe.ch:spidersp:026117,Zodarion rubidum,Zodariidae,Zodarion,rubidum,,bodm,Body mass,Morphometry,0.00059,0.0006,Single observation,Unknown,Juvenile,,,,wei,Weighing,2023-09-11,Mon Sep 11 2023 00:00:00 GMT+0200 (Central European Summer Time),Mon Sep 11 2023 23:59:59 GMT+0200 (Central European Summer Time),,6l1hrAZe-,56.1489,10.182981,,aarhus,DNK,Denmark,reared in laboratory,,"Data for Niche filling in the geographic range expanding spider Zodarion rubidum Simon, 1914 (Araneae: Zodariidae)",Free access,Viel et al. 2025,"Viel, N., Bilde, T., Sorensen, J.G., Petillon, J., Pekar, S. 2025. Niche filling in the geographic range expanding spider Zodarion rubidum Simon, 1914 (Araneae: Zodariidae). Journal of Animal Ecology (submitted).",,15
1127718,urn:lsid:nmbe.ch:spidersp:026117,Zodarion rubidum,Zodariidae,Zodarion,rubidum,,bodm,Body mass,Morphometry,0.00059,0.0006,Single observation,Unknown,Juvenile,,,,wei,Weighing,2023-09-12,Tue Sep 12 2023 00:00:00 GMT+0200 (Central European Summer Time),Tue Sep 12 2023 23:59:59 GMT+0200 (Central European Summer Time),,6l1hrAZe-,56.1489,10.182981,,aarhus,DNK,Denmark,reared in laboratory,,"Data for Niche filling in the geographic range expanding spider Zodarion rubidum Simon, 1914 (Araneae: Zodariidae)",Free access,Viel et al. 2025,"Viel, N., Bilde, T., Sorensen, J.G., Petillon, J., Pekar, S. 2025. Niche filling in the geographic range expanding spider Zodarion rubidum Simon, 1914 (Araneae: Zodariidae). Journal of Animal Ecology (submitted).",,33
1127719,urn:lsid:nmbe.ch:spidersp:026117,Zodarion rubidum,Zodariidae,Zodarion,rubidum,,bodm,Body mass,Morphometry,0.0006,0.0006,Single observation,Unknown,Juvenile,,,,wei,Weighing,2023-09-11,Mon Sep 11 2023 00:00:00 GMT+0200 (Central European Summer Time),Mon Sep 11 2023 23:59:59 GMT+0200 (Central European Summer Time),,6l1hrAZe-,56.1489,10.182981,,aarhus,DNK,Denmark,reared in laboratory,,"Data for Niche filling in the geographic range expanding spider Zodarion rubidum Simon, 1914 (Araneae: Zodariidae)",Free access,Viel et al. 2025,"Viel, N., Bilde, T., Sorensen, J.G., Petillon, J., Pekar, S. 2025. Niche filling in the geographic range expanding spider Zodarion rubidum Simon, 1914 (Araneae: Zodariidae). Journal of Animal Ecology (submitted).",,96
1127720,urn:lsid:nmbe.ch:spidersp:026117,Zodarion rubidum,Zodariidae,Zodarion,rubidum,,bodm,Body mass,Morphometry,0.00061,0.0006,Single observation,Unknown,Juvenile,,,,wei,Weighing,2023-09-11,Mon Sep 11 2023 00:00:00 GMT+0200 (Central European Summer Time),Mon Sep 11 2023 23:59:59 GMT+0200 (Central European Summer Time),,zekc69Ojg,42.5021124,2.113978,,mont_louis,FRA,France,reared in laboratory,,"Data for Niche filling in the geographic range expanding spider Zodarion rubidum Simon, 1914 (Araneae: Zodariidae)",Free access,Viel et al. 2025,"Viel, N., Bilde, T., Sorensen, J.G., Petillon, J., Pekar, S. 2025. Niche filling in the geographic range expanding spider Zodarion rubidum Simon, 1914 (Araneae: Zodariidae). Journal of Animal Ecology (submitted).",,213
1127721,urn:lsid:nmbe.ch:spidersp:026117,Zodarion rubidum,Zodariidae,Zodarion,rubidum,,bodm,Body mass,Morphometry,0.00062,0.0006,Single observation,Unknown,Juvenile,,,,wei,Weighing,2023-09-13,Wed Sep 13 2023 00:00:00 GMT+0200 (Central European Summer Time),Wed Sep 13 2023 23:59:59 GMT+0200 (Central European Summer Time),,zekc69Ojg,42.5021124,2.113978,,mont_louis,FRA,France,reared in laboratory,,"Data for Niche filling in the geographic range expanding spider Zodarion rubidum Simon, 1914 (Araneae: Zodariidae)",Free access,Viel et al. 2025,"Viel, N., Bilde, T., Sorensen, J.G., Petillon, J., Pekar, S. 2025. Niche filling in the geographic range expanding spider Zodarion rubidum Simon, 1914 (Araneae: Zodariidae). Journal of Animal Ecology (submitted).",,174
1127722,urn:lsid:nmbe.ch:spidersp:026117,Zodarion rubidum,Zodariidae,Zodarion,rubidum,,bodm,Body mass,Morphometry,0.00062,0.0006,Single observation,Unknown,Juvenile,,,,wei,Weighing,2023-09-11,Mon Sep 11 2023 00:00:00 GMT+0200 (Central European Summer Time),Mon Sep 11 2023 23:59:59 GMT+0200 (Central European Summer Time),,6l1hrAZe-,56.1489,10.182981,,aarhus,DNK,Denmark,reared in laboratory,,"Data for Niche filling in the geographic range expanding spider Zodarion rubidum Simon, 1914 (Araneae: Zodariidae)",Free access,Viel et al. 2025,"Viel, N., Bilde, T., Sorensen, J.G., Petillon, J., Pekar, S. 2025. Niche filling in the geographic range expanding spider Zodarion rubidum Simon, 1914 (Araneae: Zodariidae). Journal of Animal Ecology (submitted).",,27
1127723,urn:lsid:nmbe.ch:spidersp:026117,Zodarion rubidum,Zodariidae,Zodarion,rubidum,,bodm,Body mass,Morphometry,0.00063,0.0006,Single observation,Unknown,Juvenile,,,,wei,Weighing,2023-09-11,Mon Sep 11 2023 00:00:00 GMT+0200 (Central European Summer Time),Mon Sep 11 2023 23:59:59 GMT+0200 (Central European Summer Time),,6l1hrAZe-,56.1489,10.182981,,aarhus,DNK,Denmark,reared in laboratory,,"Data for Niche filling in the geographic range expanding spider Zodarion rubidum Simon, 1914 (Araneae: Zodariidae)",Free access,Viel et al. 2025,"Viel, N., Bilde, T., Sorensen, J.G., Petillon, J., Pekar, S. 2025. Niche filling in the geographic range expanding spider Zodarion rubidum Simon, 1914 (Araneae: Zodariidae). Journal of Animal Ecology (submitted).",,84
1127724,urn:lsid:nmbe.ch:spidersp:026117,Zodarion rubidum,Zodariidae,Zodarion,rubidum,,bodm,Body mass,Morphometry,0.00063,0.0006,Single observation,Unknown,Juvenile,,,,wei,Weighing,2023-09-12,Tue Sep 12 2023 00:00:00 GMT+0200 (Central European Summer Time),Tue Sep 12 2023 23:59:59 GMT+0200 (Central European Summer Time),,6l1hrAZe-,56.1489,10.182981,,aarhus,DNK,Denmark,reared in laboratory,,"Data for Niche filling in the geographic range expanding spider Zodarion rubidum Simon, 1914 (Araneae: Zodariidae)",Free access,Viel et al. 2025,"Viel, N., Bilde, T., Sorensen, J.G., Petillon, J., Pekar, S. 2025. Niche filling in the geographic range expanding spider Zodarion rubidum Simon, 1914 (Araneae: Zodariidae). Journal of Animal Ecology (submitted).",,120
1127725,urn:lsid:nmbe.ch:spidersp:026117,Zodarion rubidum,Zodariidae,Zodarion,rubidum,,bodm,Body mass,Morphometry,0.00065,0.0007,Single observation,Unknown,Juvenile,,,,wei,Weighing,2023-09-12,Tue Sep 12 2023 00:00:00 GMT+0200 (Central European Summer Time),Tue Sep 12 2023 23:59:59 GMT+0200 (Central European Summer Time),,6l1hrAZe-,56.1489,10.182981,,aarhus,DNK,Denmark,reared in laboratory,,"Data for Niche filling in the geographic range expanding spider Zodarion rubidum Simon, 1914 (Araneae: Zodariidae)",Free access,Viel et al. 2025,"Viel, N., Bilde, T., Sorensen, J.G., Petillon, J., Pekar, S. 2025. Niche filling in the geographic range expanding spider Zodarion rubidum Simon, 1914 (Araneae: Zodariidae). Journal of Animal Ecology (submitted).",,36
1127726,urn:lsid:nmbe.ch:spidersp:026117,Zodarion rubidum,Zodariidae,Zodarion,rubidum,,bodm,Body mass,Morphometry,0.00068,0.0007,Single observation,Unknown,Juvenile,,,,wei,Weighing,2023-09-11,Mon Sep 11 2023 00:00:00 GMT+0200 (Central European Summer Time),Mon Sep 11 2023 23:59:59 GMT+0200 (Central European Summer Time),,6l1hrAZe-,56.1489,10.182981,,aarhus,DNK,Denmark,reared in laboratory,,"Data for Niche filling in the geographic range expanding spider Zodarion rubidum Simon, 1914 (Araneae: Zodariidae)",Free access,Viel et al. 2025,"Viel, N., Bilde, T., Sorensen, J.G., Petillon, J., Pekar, S. 2025. Niche filling in the geographic range expanding spider Zodarion rubidum Simon, 1914 (Araneae: Zodariidae). Journal of Animal Ecology (submitted).",,87
1127727,urn:lsid:nmbe.ch:spidersp:026117,Zodarion rubidum,Zodariidae,Zodarion,rubidum,,bodm,Body mass,Morphometry,0.0007,0.0007,Single observation,Unknown,Juvenile,,,,wei,Weighing,2023-09-11,Mon Sep 11 2023 00:00:00 GMT+0200 (Central European Summer Time),Mon Sep 11 2023 23:59:59 GMT+0200 (Central European Summer Time),,6l1hrAZe-,56.1489,10.182981,,aarhus,DNK,Denmark,reared in laboratory,,"Data for Niche filling in the geographic range expanding spider Zodarion rubidum Simon, 1914 (Araneae: Zodariidae)",Free access,Viel et al. 2025,"Viel, N., Bilde, T., Sorensen, J.G., Petillon, J., Pekar, S. 2025. Niche filling in the geographic range expanding spider Zodarion rubidum Simon, 1914 (Araneae: Zodariidae). Journal of Animal Ecology (submitted).",,93
1127728,urn:lsid:nmbe.ch:spidersp:026117,Zodarion rubidum,Zodariidae,Zodarion,rubidum,,bodm,Body mass,Morphometry,0.0007,0.0007,Single observation,Unknown,Juvenile,,,,wei,Weighing,2023-09-11,Mon Sep 11 2023 00:00:00 GMT+0200 (Central European Summer Time),Mon Sep 11 2023 23:59:59 GMT+0200 (Central European Summer Time),,8dqk4wwnjk,49.178375,16.565217,,brno,CZE,Czechia,reared in laboratory,,"Data for Niche filling in the geographic range expanding spider Zodarion rubidum Simon, 1914 (Araneae: Zodariidae)",Free access,Viel et al. 2025,"Viel, N., Bilde, T., Sorensen, J.G., Petillon, J., Pekar, S. 2025. Niche filling in the geographic range expanding spider Zodarion rubidum Simon, 1914 (Araneae: Zodariidae). Journal of Animal Ecology (submitted).",,345
1127729,urn:lsid:nmbe.ch:spidersp:026117,Zodarion rubidum,Zodariidae,Zodarion,rubidum,,bodm,Body mass,Morphometry,0.00072,0.0007,Single observation,Unknown,Juvenile,,,,wei,Weighing,2023-09-12,Tue Sep 12 2023 00:00:00 GMT+0200 (Central European Summer Time),Tue Sep 12 2023 23:59:59 GMT+0200 (Central European Summer Time),,6l1hrAZe-,56.1489,10.182981,,aarhus,DNK,Denmark,reared in laboratory,,"Data for Niche filling in the geographic range expanding spider Zodarion rubidum Simon, 1914 (Araneae: Zodariidae)",Free access,Viel et al. 2025,"Viel, N., Bilde, T., Sorensen, J.G., Petillon, J., Pekar, S. 2025. Niche filling in the geographic range expanding spider Zodarion rubidum Simon, 1914 (Araneae: Zodariidae). Journal of Animal Ecology (submitted).",,162
1127730,urn:lsid:nmbe.ch:spidersp:026117,Zodarion rubidum,Zodariidae,Zodarion,rubidum,,bodm,Body mass,Morphometry,0.00072,0.0007,Single observation,Unknown,Juvenile,,,,wei,Weighing,2023-09-12,Tue Sep 12 2023 00:00:00 GMT+0200 (Central European Summer Time),Tue Sep 12 2023 23:59:59 GMT+0200 (Central European Summer Time),,8dqk4wwnjk,49.178375,16.565217,,brno,CZE,Czechia,reared in laboratory,,"Data for Niche filling in the geographic range expanding spider Zodarion rubidum Simon, 1914 (Araneae: Zodariidae)",Free access,Viel et al. 2025,"Viel, N., Bilde, T., Sorensen, J.G., Petillon, J., Pekar, S. 2025. Niche filling in the geographic range expanding spider Zodarion rubidum Simon, 1914 (Araneae: Zodariidae). Journal of Animal Ecology (submitted).",,309
1127731,urn:lsid:nmbe.ch:spidersp:026117,Zodarion rubidum,Zodariidae,Zodarion,rubidum,,bodm,Body mass,Morphometry,0.00073,0.0007,Single observation,Unknown,Juvenile,,,,wei,Weighing,2023-09-11,Mon Sep 11 2023 00:00:00 GMT+0200 (Central European Summer Time),Mon Sep 11 2023 23:59:59 GMT+0200 (Central European Summer Time),,6l1hrAZe-,56.1489,10.182981,,aarhus,DNK,Denmark,reared in laboratory,,"Data for Niche filling in the geographic range expanding spider Zodarion rubidum Simon, 1914 (Araneae: Zodariidae)",Free access,Viel et al. 2025,"Viel, N., Bilde, T., Sorensen, J.G., Petillon, J., Pekar, S. 2025. Niche filling in the geographic range expanding spider Zodarion rubidum Simon, 1914 (Araneae: Zodariidae). Journal of Animal Ecology (submitted).",,60
1127732,urn:lsid:nmbe.ch:spidersp:026117,Zodarion rubidum,Zodariidae,Zodarion,rubidum,,bodm,Body mass,Morphometry,0.00077,0.0008,Single observation,Unknown,Juvenile,,,,wei,Weighing,2023-09-12,Tue Sep 12 2023 00:00:00 GMT+0200 (Central European Summer Time),Tue Sep 12 2023 23:59:59 GMT+0200 (Central European Summer Time),,6l1hrAZe-,56.1489,10.182981,,aarhus,DNK,Denmark,reared in laboratory,,"Data for Niche filling in the geographic range expanding spider Zodarion rubidum Simon, 1914 (Araneae: Zodariidae)",Free access,Viel et al. 2025,"Viel, N., Bilde, T., Sorensen, J.G., Petillon, J., Pekar, S. 2025. Niche filling in the geographic range expanding spider Zodarion rubidum Simon, 1914 (Araneae: Zodariidae). Journal of Animal Ecology (submitted).",,72
1127733,urn:lsid:nmbe.ch:spidersp:026117,Zodarion rubidum,Zodariidae,Zodarion,rubidum,,bodm,Body mass,Morphometry,0.00083,0.0008,Single observation,Unknown,Juvenile,,,,wei,Weighing,2023-09-12,Tue Sep 12 2023 00:00:00 GMT+0200 (Central European Summer Time),Tue Sep 12 2023 23:59:59 GMT+0200 (Central European Summer Time),,6l1hrAZe-,56.1489,10.182981,,aarhus,DNK,Denmark,reared in laboratory,,"Data for Niche filling in the geographic range expanding spider Zodarion rubidum Simon, 1914 (Araneae: Zodariidae)",Free access,Viel et al. 2025,"Viel, N., Bilde, T., Sorensen, J.G., Petillon, J., Pekar, S. 2025. Niche filling in the geographic range expanding spider Zodarion rubidum Simon, 1914 (Araneae: Zodariidae). Journal of Animal Ecology (submitted).",,159
1127734,urn:lsid:nmbe.ch:spidersp:026117,Zodarion rubidum,Zodariidae,Zodarion,rubidum,,bodm,Body mass,Morphometry,0.00083,0.0008,Single observation,Unknown,Juvenile,,,,wei,Weighing,2023-09-11,Mon Sep 11 2023 00:00:00 GMT+0200 (Central European Summer Time),Mon Sep 11 2023 23:59:59 GMT+0200 (Central European Summer Time),,8dqk4wwnjk,49.178375,16.565217,,brno,CZE,Czechia,reared in laboratory,,"Data for Niche filling in the geographic range expanding spider Zodarion rubidum Simon, 1914 (Araneae: Zodariidae)",Free access,Viel et al. 2025,"Viel, N., Bilde, T., Sorensen, J.G., Petillon, J., Pekar, S. 2025. Niche filling in the geographic range expanding spider Zodarion rubidum Simon, 1914 (Araneae: Zodariidae). Journal of Animal Ecology (submitted).",,300
1127735,urn:lsid:nmbe.ch:spidersp:026117,Zodarion rubidum,Zodariidae,Zodarion,rubidum,,bodm,Body mass,Morphometry,0.00085,0.0009,Single observation,Unknown,Juvenile,,,,wei,Weighing,2023-09-11,Mon Sep 11 2023 00:00:00 GMT+0200 (Central European Summer Time),Mon Sep 11 2023 23:59:59 GMT+0200 (Central European Summer Time),,zekc69Ojg,42.5021124,2.113978,,mont_louis,FRA,France,reared in laboratory,,"Data for Niche filling in the geographic range expanding spider Zodarion rubidum Simon, 1914 (Araneae: Zodariidae)",Free access,Viel et al. 2025,"Viel, N., Bilde, T., Sorensen, J.G., Petillon, J., Pekar, S. 2025. Niche filling in the geographic range expanding spider Zodarion rubidum Simon, 1914 (Araneae: Zodariidae). Journal of Animal Ecology (submitted).",,222
1127736,urn:lsid:nmbe.ch:spidersp:026117,Zodarion rubidum,Zodariidae,Zodarion,rubidum,,bodm,Body mass,Morphometry,0.00085,0.0009,Single observation,Unknown,Juvenile,,,,wei,Weighing,2023-09-12,Tue Sep 12 2023 00:00:00 GMT+0200 (Central European Summer Time),Tue Sep 12 2023 23:59:59 GMT+0200 (Central European Summer Time),,6l1hrAZe-,56.1489,10.182981,,aarhus,DNK,Denmark,reared in laboratory,,"Data for Niche filling in the geographic range expanding spider Zodarion rubidum Simon, 1914 (Araneae: Zodariidae)",Free access,Viel et al. 2025,"Viel, N., Bilde, T., Sorensen, J.G., Petillon, J., Pekar, S. 2025. Niche filling in the geographic range expanding spider Zodarion rubidum Simon, 1914 (Araneae: Zodariidae). Journal of Animal Ecology (submitted).",,69
1127737,urn:lsid:nmbe.ch:spidersp:026117,Zodarion rubidum,Zodariidae,Zodarion,rubidum,,bodm,Body mass,Morphometry,0.00088,0.0009,Single observation,Unknown,Juvenile,,,,wei,Weighing,2023-09-12,Tue Sep 12 2023 00:00:00 GMT+0200 (Central European Summer Time),Tue Sep 12 2023 23:59:59 GMT+0200 (Central European Summer Time),,zekc69Ojg,42.5021124,2.113978,,mont_louis,FRA,France,reared in laboratory,,"Data for Niche filling in the geographic range expanding spider Zodarion rubidum Simon, 1914 (Araneae: Zodariidae)",Free access,Viel et al. 2025,"Viel, N., Bilde, T., Sorensen, J.G., Petillon, J., Pekar, S. 2025. Niche filling in the geographic range expanding spider Zodarion rubidum Simon, 1914 (Araneae: Zodariidae). Journal of Animal Ecology (submitted).",,171
1127738,urn:lsid:nmbe.ch:spidersp:026117,Zodarion rubidum,Zodariidae,Zodarion,rubidum,,bodm,Body mass,Morphometry,0.00093,0.0009,Single observation,Unknown,Juvenile,,,,wei,Weighing,2023-09-11,Mon Sep 11 2023 00:00:00 GMT+0200 (Central European Summer Time),Mon Sep 11 2023 23:59:59 GMT+0200 (Central European Summer Time),,8dqk4wwnjk,49.178375,16.565217,,brno,CZE,Czechia,reared in laboratory,,"Data for Niche filling in the geographic range expanding spider Zodarion rubidum Simon, 1914 (Araneae: Zodariidae)",Free access,Viel et al. 2025,"Viel, N., Bilde, T., Sorensen, J.G., Petillon, J., Pekar, S. 2025. Niche filling in the geographic range expanding spider Zodarion rubidum Simon, 1914 (Araneae: Zodariidae). Journal of Animal Ecology (submitted).",,351
1127739,urn:lsid:nmbe.ch:spidersp:026117,Zodarion rubidum,Zodariidae,Zodarion,rubidum,,bodm,Body mass,Morphometry,0.00094,0.0009,Single observation,Unknown,Juvenile,,,,wei,Weighing,2023-09-11,Mon Sep 11 2023 00:00:00 GMT+0200 (Central European Summer Time),Mon Sep 11 2023 23:59:59 GMT+0200 (Central European Summer Time),,6l1hrAZe-,56.1489,10.182981,,aarhus,DNK,Denmark,reared in laboratory,,"Data for Niche filling in the geographic range expanding spider Zodarion rubidum Simon, 1914 (Araneae: Zodariidae)",Free access,Viel et al. 2025,"Viel, N., Bilde, T., Sorensen, J.G., Petillon, J., Pekar, S. 2025. Niche filling in the geographic range expanding spider Zodarion rubidum Simon, 1914 (Araneae: Zodariidae). Journal of Animal Ecology (submitted).",,111
1127740,urn:lsid:nmbe.ch:spidersp:026117,Zodarion rubidum,Zodariidae,Zodarion,rubidum,,bodm,Body mass,Morphometry,0.00094,0.0009,Single observation,Unknown,Juvenile,,,,wei,Weighing,2023-09-11,Mon Sep 11 2023 00:00:00 GMT+0200 (Central European Summer Time),Mon Sep 11 2023 23:59:59 GMT+0200 (Central European Summer Time),,8dqk4wwnjk,49.178375,16.565217,,brno,CZE,Czechia,reared in laboratory,,"Data for Niche filling in the geographic range expanding spider Zodarion rubidum Simon, 1914 (Araneae: Zodariidae)",Free access,Viel et al. 2025,"Viel, N., Bilde, T., Sorensen, J.G., Petillon, J., Pekar, S. 2025. Niche filling in the geographic range expanding spider Zodarion rubidum Simon, 1914 (Araneae: Zodariidae). Journal of Animal Ecology (submitted).",,303
1127741,urn:lsid:nmbe.ch:spidersp:026117,Zodarion rubidum,Zodariidae,Zodarion,rubidum,,bodm,Body mass,Morphometry,0.001,0.001,Single observation,Unknown,Juvenile,,,,wei,Weighing,2023-09-11,Mon Sep 11 2023 00:00:00 GMT+0200 (Central European Summer Time),Mon Sep 11 2023 23:59:59 GMT+0200 (Central European Summer Time),,8dqk4wwnjk,49.178375,16.565217,,brno,CZE,Czechia,reared in laboratory,,"Data for Niche filling in the geographic range expanding spider Zodarion rubidum Simon, 1914 (Araneae: Zodariidae)",Free access,Viel et al. 2025,"Viel, N., Bilde, T., Sorensen, J.G., Petillon, J., Pekar, S. 2025. Niche filling in the geographic range expanding spider Zodarion rubidum Simon, 1914 (Araneae: Zodariidae). Journal of Animal Ecology (submitted).",,348
1127742,urn:lsid:nmbe.ch:spidersp:026117,Zodarion rubidum,Zodariidae,Zodarion,rubidum,,bodm,Body mass,Morphometry,0.00104,0.001,Single observation,Unknown,Juvenile,,,,wei,Weighing,2023-09-12,Tue Sep 12 2023 00:00:00 GMT+0200 (Central European Summer Time),Tue Sep 12 2023 23:59:59 GMT+0200 (Central European Summer Time),,8dqk4wwnjk,49.178375,16.565217,,brno,CZE,Czechia,reared in laboratory,,"Data for Niche filling in the geographic range expanding spider Zodarion rubidum Simon, 1914 (Araneae: Zodariidae)",Free access,Viel et al. 2025,"Viel, N., Bilde, T., Sorensen, J.G., Petillon, J., Pekar, S. 2025. Niche filling in the geographic range expanding spider Zodarion rubidum Simon, 1914 (Araneae: Zodariidae). Journal of Animal Ecology (submitted).",,315
1127743,urn:lsid:nmbe.ch:spidersp:026117,Zodarion rubidum,Zodariidae,Zodarion,rubidum,,bodm,Body mass,Morphometry,0.00139,0.0014,Single observation,Unknown,Juvenile,,,,wei,Weighing,2023-09-11,Mon Sep 11 2023 00:00:00 GMT+0200 (Central European Summer Time),Mon Sep 11 2023 23:59:59 GMT+0200 (Central European Summer Time),,6l1hrAZe-,56.1489,10.182981,,aarhus,DNK,Denmark,reared in laboratory,,"Data for Niche filling in the geographic range expanding spider Zodarion rubidum Simon, 1914 (Araneae: Zodariidae)",Free access,Viel et al. 2025,"Viel, N., Bilde, T., Sorensen, J.G., Petillon, J., Pekar, S. 2025. Niche filling in the geographic range expanding spider Zodarion rubidum Simon, 1914 (Araneae: Zodariidae). Journal of Animal Ecology (submitted).",,114