"taxon","mass_g","source_mass","n"
"Abalistes",2543,"GenusAverage",2
"Abbottina",17.49,"GenusAverage",6
"Abditomys",268.7,"GenusAverage",4
"Abeillia",2.7,"GenusAverage",2
"Abeomelomys",54.18,"GenusAverage",3
"Abeomylomys",52,"GenusAverage",1
"Ablennes",2949,"GenusAverage",2
"Ablepharus",2.54,"GenusAverage",23
"Abralia",10,"GenusAverage",1
"Abramis",3982,"GenusAverage",4
"Abramites",35.2,"GenusAverage",1
"Abrawayaomys",63,"GenusAverage",4
"Abrocoma",246.2,"GenusAverage",25
"Abronia",25.69,"GenusAverage",57
"Abroscopus",5.368,"GenusAverage",5
"Abrothrix",35.18,"GenusAverage",30
"Abudefduf",158.7,"GenusAverage",2
"Aburria",1368,"GenusAverage",3
"Acacia",458.5,"GenusAverage",1
"Acanthagenys",47.62,"GenusAverage",3
"Acanthaluteres",2625,"GenusAverage",1
"Acanthephyra",3.28,"GenusAverage",1
"Acanthidops",16,"GenusAverage",2
"Acanthina",0.825,"GenusAverage",0
"Acanthinucella",0.825,"GenusAverage",0
"Acanthinula",0.000433,"GenusAverage",1
"Acanthis",13.65,"GenusAverage",3
"Acanthisitta",6.618,"GenusAverage",4
"Acanthistius",1862,"GenusAverage",1
"Acanthiza",7.172,"GenusAverage",49
"Acanthobrama",87.84,"GenusAverage",3
"Acanthocardia",3.08,"GenusAverage",1
"Acanthocercus",104,"GenusAverage",19
"Acanthochelys",369.2,"GenusAverage",1
"Acanthochitona",0.333,"GenusAverage",1
"Acanthochromis",2.57,"GenusAverage",1
"Acanthocobitis",19.75,"GenusAverage",2
"Acanthocybium",11040,"GenusAverage",2
"Acanthocyclops",1.13e-05,"GenusAverage",1
"Acanthodactylus",9.856,"GenusAverage",104
"Acanthogobio",85.3,"GenusAverage",2
"Acanthogobius",255.3,"GenusAverage",2
"Acanthopagrus",2067,"GenusAverage",9
"Acanthophis",243.9,"GenusAverage",12
"Acanthopsetta",1200,"GenusAverage",1
"Acanthopsoides",1.2,"GenusAverage",1
"Acanthorhodeus",38.26,"GenusAverage",2
"Acanthorhynchus",10.21,"GenusAverage",8
"Acanthornis",10.34,"GenusAverage",4
"Acanthosaura",90.51,"GenusAverage",22
"Acanthosepion",3.175,"GenusAverage",1
"Acanthostracion",280.6,"GenusAverage",1
"Acanthurus",1364,"GenusAverage",5
"Acantopsis",47.6,"GenusAverage",1
"Acari",1.017e-05,"GenusAverage",2
"Acarichthys",276,"GenusAverage",1
"Acaronia",189.9,"GenusAverage",1
"Accer",2100000,"GenusAverage",1
"Accipiter",301.3,"GenusAverage",127
"Acentrogobius",21.5,"GenusAverage",7
"Acerodon",571.4,"GenusAverage",17
"Aceros",1701,"GenusAverage",17
"Acestrocephalus",118.8,"GenusAverage",1
"Acestrorhynchus",230.5,"GenusAverage",4
"Acestrura",3.8,"GenusAverage",1
"Acetes",0.03845,"GenusAverage",1
"Achaetops",27.68,"GenusAverage",3
"Achalinus",35.22,"GenusAverage",12
"Achatina",32,"GenusAverage",1
"Acheilognathus",40.8,"GenusAverage",17
"Achirus",16.9,"GenusAverage",0
"Achnanthes",2.057e-11,"GenusAverage",2
"Achromadora",1.25e-07,"GenusAverage",1
"Acinonyx",44560,"GenusAverage",12
"Acipenser",186700,"GenusAverage",41
"Acipsnser",9000,"GenusAverage",1
"Acleris",0.02995,"GenusAverage",2
"Acodontaster",38,"GenusAverage",1
"Acomys",37.29,"GenusAverage",64
"Aconaemys",104.5,"GenusAverage",11
"Acontias",17.55,"GenusAverage",46
"Acrantophis",9317,"GenusAverage",3
"Acratocnus",28070,"GenusAverage",3
"Acratosaura",3.987,"GenusAverage",4
"Acreichthys",72.1,"GenusAverage",1
"Acridotheres",91.78,"GenusAverage",19
"Acris",0.9743,"GenusAverage",2
"Acritillas",30.55,"GenusAverage",1
"Acrobates",11.34,"GenusAverage",8
"Acrobatornis",13.65,"GenusAverage",2
"Acrocephalus",20.9,"GenusAverage",103
"Acrochordus",3253,"GenusAverage",9
"Acrocodia",250000,"GenusAverage",1
"Acropoma",126.7,"GenusAverage",1
"Acropternis",89.93,"GenusAverage",2
"Acrossocheilus",80.86,"GenusAverage",14
"Acroteriobatus",5000,"GenusAverage",1
"Acryllium",1332,"GenusAverage",4
"Actenoides",114.6,"GenusAverage",10
"Actina",86.5,"GenusAverage",0
"Actinemys",39.56,"GenusAverage",2
"Actinia",0.42,"GenusAverage",1
"Actinodura",35.46,"GenusAverage",13
"Actinopyga",1392,"GenusAverage",6
"Actitis",42.78,"GenusAverage",8
"Actophilornis",209.1,"GenusAverage",5
"Acupalpus",0.0005916,"GenusAverage",1
"Acutotyphlops",25.66,"GenusAverage",8
"Addax",89880,"GenusAverage",8
"Adelieledone",69.8,"GenusAverage",1
"Adelomyia",3.987,"GenusAverage",4
"Adelophis",11.7,"GenusAverage",2
"Adelphicos",25.81,"GenusAverage",7
"Adercosaurus",3.702,"GenusAverage",2
"Adicella",0.0005077,"GenusAverage",1
"Adinia",0.64,"GenusAverage",0
"Adolfus",8.932,"GenusAverage",8
"Adontosternarchus",27.22,"GenusAverage",0
"Aechmophorus",946,"GenusAverage",12
"Aega",5.6,"GenusAverage",1
"Aegialomys",97.65,"GenusAverage",2
"Aegina",5.063,"GenusAverage",1
"Aeginura",1.744,"GenusAverage",1
"Aegithalos",7.311,"GenusAverage",20
"Aegithina",12.4,"GenusAverage",7
"Aegolius",99.96,"GenusAverage",17
"Aegotheles",59.06,"GenusAverage",21
"Aegypius",9249,"GenusAverage",7
"Aeluroglena",9.7,"GenusAverage",1
"Aeluroscalabotes",35.29,"GenusAverage",4
"Aenigmatolimnas",57.73,"GenusAverage",3
"Aeoliscus",12.5,"GenusAverage",1
"Aepeomys",38.8,"GenusAverage",5
"Aepyceros",50150,"GenusAverage",12
"Aepypodius",833.9,"GenusAverage",3
"Aepyprymnus",2283,"GenusAverage",9
"Aequidens",84.57,"GenusAverage",2
"Aequipecten",27.5,"GenusAverage",2
"Aequorea",7.25,"GenusAverage",1
"Aeretes",732.4,"GenusAverage",1
"Aerodramus",11.59,"GenusAverage",19
"Aeromys",1270,"GenusAverage",8
"Aeronautes",19.18,"GenusAverage",10
"Aesculu",1800000,"GenusAverage",1
"Aeshna",0.2518,"GenusAverage",2
"Aesopia",197.5,"GenusAverage",1
"Aethaloperca",6458,"GenusAverage",1
"Aethalops",13.88,"GenusAverage",6
"Aethia",175.9,"GenusAverage",21
"Aethomys",89.09,"GenusAverage",32
"Aethopyga",6.215,"GenusAverage",37
"Aethotaxis",454.3,"GenusAverage",3
"Aetobatus",118800,"GenusAverage",2
"Aetomylaeus",54910,"GenusAverage",1
"Afrixalus",1.601,"GenusAverage",5
"Afroablepharus",1.461,"GenusAverage",9
"Afroedura",4.542,"GenusAverage",55
"Afrogecko",2.295,"GenusAverage",5
"Afronatrix",93.85,"GenusAverage",2
"Afropavo",1211,"GenusAverage",2
"Afrotis",705.8,"GenusAverage",2
"Afrotyphlops",135,"GenusAverage",35
"Agalmaceros",60000,"GenusAverage",2
"Agama",56.68,"GenusAverage",115
"Agamia",1206,"GenusAverage",4
"Agamodon",4.097,"GenusAverage",6
"Agamura",7.253,"GenusAverage",3
"Agapornis",44.26,"GenusAverage",37
"Agarum",10,"GenusAverage",1
"Agelaioides",57.91,"GenusAverage",5
"Agelaius",46.42,"GenusAverage",19
"Agelastes",757.5,"GenusAverage",4
"Agelasticus",37.41,"GenusAverage",8
"Agelenopsis",0.3267,"GenusAverage",1
"Ageneiosus",1688,"GenusAverage",3
"Agkistrodon",679.6,"GenusAverage",15
"Aglaeactis",6.93,"GenusAverage",10
"Aglaiocercus",5.115,"GenusAverage",7
"Aglantha",0.264,"GenusAverage",1
"Agonostomus",112,"GenusAverage",0
"Agonum",0.007652,"GenusAverage",2
"Agonus",1.308,"GenusAverage",1
"Agouti",9000,"GenusAverage",1
"Agraecina",0.00025,"GenusAverage",1
"Agraylea",0.0005442,"GenusAverage",1
"Agriornis",62.64,"GenusAverage",9
"Agriotes",0.004219,"GenusAverage",2
"Agropsar",49.32,"GenusAverage",1
"Agrotis",0.0483,"GenusAverage",1
"Ahaetulla",366.7,"GenusAverage",13
"Ailia",15,"GenusAverage",1
"Ailuroedus",178,"GenusAverage",7
"Ailuronyx",42.85,"GenusAverage",7
"Ailuropoda",93620,"GenusAverage",10
"Ailurops",7781,"GenusAverage",9
"Ailurus",4560,"GenusAverage",10
"Aimophila",23.09,"GenusAverage",32
"Aipysurus",468.3,"GenusAverage",15
"Aix",545.1,"GenusAverage",14
"Ajaia",1233,"GenusAverage",2
"Akarotaxis",9.3,"GenusAverage",1
"Akialoa",24.38,"GenusAverage",3
"Akodon",32.87,"GenusAverage",161
"Akrokolioplax",35,"GenusAverage",1
"Alaemon",41.5,"GenusAverage",4
"Alauda",29.01,"GenusAverage",14
"Alaudala",22.2,"GenusAverage",1
"Albatrossia",36000,"GenusAverage",1
"Albula",2492,"GenusAverage",2
"Alburnoides",20.62,"GenusAverage",5
"Alburnus",171.6,"GenusAverage",17
"Alca",598.5,"GenusAverage",8
"Alcedo",28.5,"GenusAverage",30
"Alcelaphus",159000,"GenusAverage",17
"Alces",395100,"GenusAverage",16
"Alchornea",510000,"GenusAverage",1
"Alcippe",13.36,"GenusAverage",38
"Alcockpenaeopsis",9.065,"GenusAverage",1
"Aldabrachelys",138100,"GenusAverage",2
"Aldrichetta",807.5,"GenusAverage",3
"Aldrovandia",1047,"GenusAverage",1
"Aleadryas",39.62,"GenusAverage",4
"Alectis",21680,"GenusAverage",3
"Alectoris",540.6,"GenusAverage",24
"Alectroenas",164.6,"GenusAverage",6
"Alectrurus",20.5,"GenusAverage",3
"Alectura",2098,"GenusAverage",6
"Alepes",328.8,"GenusAverage",3
"Alepisaurus",2940,"GenusAverage",0
"Alepocephalus",2718,"GenusAverage",6
"Alestes",260.7,"GenusAverage",1
"Alethe",36.87,"GenusAverage",11
"Alexandresaurus",8.206,"GenusAverage",2
"Alfaro",5.512,"GenusAverage",0
"Algyroides",3.685,"GenusAverage",11
"Aliger",3546,"GenusAverage",1
"Alinea",20.98,"GenusAverage",7
"Alionycteris",16.2,"GenusAverage",4
"Alipiopsitta",246.1,"GenusAverage",2
"Alisterus",180.1,"GenusAverage",9
"Alitta",4.84,"GenusAverage",0
"Allactaga",115.5,"GenusAverage",41
"Allactodipus",67.5,"GenusAverage",2
"Alle",163.4,"GenusAverage",4
"Allenia",69.82,"GenusAverage",1
"Allenopithecus",4286,"GenusAverage",10
"Alligator",57660,"GenusAverage",8
"Allium",1.316,"GenusAverage",1
"Alloblennius",0.5,"GenusAverage",2
"Allocebus",79.62,"GenusAverage",6
"Allochrocebus",5558,"GenusAverage",6
"Allocricetulus",78.84,"GenusAverage",5
"Allocyttus",1539,"GenusAverage",5
"Alloteuthis",14.77,"GenusAverage",0
"Alloxysta",5.86e-05,"GenusAverage",1
"Alluaudina",18.4,"GenusAverage",2
"Alluroteuthis",192.4,"GenusAverage",1
"Alopex",3211,"GenusAverage",3
"Alophoixus",37.99,"GenusAverage",14
"Alopias",193900,"GenusAverage",1
"Alopochelidon",13.98,"GenusAverage",2
"Alopochen",1981,"GenusAverage",5
"Alopoglossus",5.165,"GenusAverage",19
"Alosa",700.5,"GenusAverage",18
"Alouatta",6149,"GenusAverage",68
"Alphestes",159.7,"GenusAverage",0
"Alseis",410000,"GenusAverage",1
"Alsophis",186.1,"GenusAverage",12
"Alsophylax",1.014,"GenusAverage",17
"Alticola",34.28,"GenusAverage",33
"Altiphylax",2.87,"GenusAverage",11
"Aluterus",5128,"GenusAverage",2
"Alytes",7.277,"GenusAverage",4
"Amadina",20.43,"GenusAverage",8
"Amalocichla",32.26,"GenusAverage",4
"Amalosia",7.023,"GenusAverage",9
"Amandava",8.234,"GenusAverage",8
"Amanses",135.5,"GenusAverage",1
"Amapasaurus",0.707,"GenusAverage",2
"Amastridium",74.6,"GenusAverage",2
"Amaurobioides",0.08,"GenusAverage",0
"Amaurocichla",7,"GenusAverage",1
"Amaurolimnas",133,"GenusAverage",2
"Amaurornis",171.3,"GenusAverage",19
"Amaurospiza",13.35,"GenusAverage",6
"Amazilia",4.691,"GenusAverage",94
"Amazona",370.5,"GenusAverage",82
"Amazonetta",438.2,"GenusAverage",4
"Amazonsprattus",0.1,"GenusAverage",1
"Ambassis",44.14,"GenusAverage",3
"Ambastaia",1.2,"GenusAverage",1
"Amblonyx",3000,"GenusAverage",1
"Ambloplites",1911,"GenusAverage",4
"Amblyceps",3.39,"GenusAverage",1
"Amblycercus",66.29,"GenusAverage",3
"Amblychaeturichthys",18.12,"GenusAverage",3
"Amblycirrhitus",7.952,"GenusAverage",0
"Amblydoras",10.3,"GenusAverage",1
"Amblygaster",247,"GenusAverage",1
"Amblyglyphidodon",46.6,"GenusAverage",1
"Amblyodipsas",87.23,"GenusAverage",10
"Amblyomma",1,"GenusAverage",1
"Amblyornis",118.1,"GenusAverage",8
"Amblyospiza",40.02,"GenusAverage",3
"Amblyotrypauchen",37.6,"GenusAverage",1
"Amblypharyngodon",60.83,"GenusAverage",2
"Amblyraja",7317,"GenusAverage",1
"Amblyramphus",55.79,"GenusAverage",3
"Amblyrhiza",93330,"GenusAverage",1
"Amblyrhynchus",3469,"GenusAverage",6
"Amblysomus",55.94,"GenusAverage",16
"Ambystoma",47.87,"GenusAverage",18
"Ameiurus",3365,"GenusAverage",9
"Ameiva",90.49,"GenusAverage",62
"Ameivula",14.37,"GenusAverage",26
"Amerotyphlops",17.8,"GenusAverage",19
"Ametrida",10.44,"GenusAverage",5
"Amia",1073,"GenusAverage",0
"Amietophrynus",15.85,"GenusAverage",3
"Ammocrypta",2.1,"GenusAverage",2
"Ammodillus",50,"GenusAverage",4
"Ammodorcas",28670,"GenusAverage",7
"Ammodramus",16.04,"GenusAverage",41
"Ammodytes",43.56,"GenusAverage",10
"Ammomanes",21.18,"GenusAverage",13
"Ammomanopsis",20.85,"GenusAverage",1
"Ammoperdix",193.1,"GenusAverage",6
"Ammospermophilus",118.6,"GenusAverage",31
"Ammotragus",90180,"GenusAverage",11
"Amnesteophis",14,"GenusAverage",1
"Amniataba",40.6,"GenusAverage",1
"Amnirana",15.49,"GenusAverage",3
"Amolops",19.53,"GenusAverage",3
"Amorphochilus",3.512,"GenusAverage",4
"Ampeliceps",88.18,"GenusAverage",2
"Ampelioides",79.43,"GenusAverage",2
"Ampelion",69.51,"GenusAverage",4
"Amphibalanus",0.01013,"GenusAverage",1
"Amphibolis",0.5,"GenusAverage",2
"Amphibolurus",60.68,"GenusAverage",6
"Amphicteis",0.365,"GenusAverage",1
"Amphiesma",187.6,"GenusAverage",4
"Amphiesmoides",159.5,"GenusAverage",1
"Amphiglossus",41.85,"GenusAverage",29
"Amphilais",12.25,"GenusAverage",2
"Amphilophus",315.1,"GenusAverage",1
"Amphinectomys",217.3,"GenusAverage",1
"Amphinemura",0.00306,"GenusAverage",0
"Amphiprion",50.54,"GenusAverage",11
"Amphisbaena",34.77,"GenusAverage",212
"Amphispiza",16.32,"GenusAverage",12
"Amphistichus",1100,"GenusAverage",1
"Amphiuma",1689,"GenusAverage",3
"Amphiura",0.1552,"GenusAverage",0
"Amphora",3.906e-10,"GenusAverage",2
"Amplorhinus",40.8,"GenusAverage",1
"Amyda",20000,"GenusAverage",2
"Amytornis",22.83,"GenusAverage",37
"Anabacerthia",23.93,"GenusAverage",6
"Anabarilius",126.9,"GenusAverage",2
"Anabas",181.3,"GenusAverage",2
"Anabathmis",9.2,"GenusAverage",3
"Anabazenops",37.2,"GenusAverage",3
"Anabolia",0.001139,"GenusAverage",1
"Anacaena",0.0002314,"GenusAverage",1
"Anadia",14.49,"GenusAverage",39
"Anadoras",75.95,"GenusAverage",1
"Anairetes",7.594,"GenusAverage",13
"Anapisona",8e-04,"GenusAverage",0
"Anaplectes",22.45,"GenusAverage",4
"Anarhichas",53480,"GenusAverage",5
"Anarhynchus",57.17,"GenusAverage",4
"Anarrhichthys",18400,"GenusAverage",1
"Anas",659.2,"GenusAverage",189
"Anasterias",15,"GenusAverage",0
"Anastomus",2109,"GenusAverage",6
"Anathana",160,"GenusAverage",5
"Anatololacerta",7.881,"GenusAverage",9
"Anax",4.88,"GenusAverage",3
"Anaxyrus",30.78,"GenusAverage",12
"Ancherythroculter",200.5,"GenusAverage",5
"Anchoa",16.54,"GenusAverage",2
"Anchomenus",0.0187,"GenusAverage",0
"Anchovia",18.7,"GenusAverage",0
"Anchoviella",32,"GenusAverage",1
"Ancistrocheirus",579.2,"GenusAverage",1
"Ancistrops",35.9,"GenusAverage",2
"Ancistrus",61.37,"GenusAverage",3
"Ancylocranium",13.17,"GenusAverage",6
"Ancylus",0.04366,"GenusAverage",2
"Andalgalomys",29.15,"GenusAverage",8
"Andigena",321.5,"GenusAverage",9
"Andinoacara",198.5,"GenusAverage",4
"Andinobates",4.5,"GenusAverage",0
"Andinomys",69.73,"GenusAverage",4
"Andinosaura",8.823,"GenusAverage",11
"Andrias",22860,"GenusAverage",4
"Androdon",7.3,"GenusAverage",2
"Androngo",14.1,"GenusAverage",1
"Andropadus",28.92,"GenusAverage",27
"Androphobus",41,"GenusAverage",1
"Aneides",12.45,"GenusAverage",5
"Anelosimus",0.005181,"GenusAverage",2
"Anelytropsis",51.69,"GenusAverage",2
"Anemonia",22.5,"GenusAverage",0
"Anepischetosia",3.453,"GenusAverage",3
"Anguilla",6037,"GenusAverage",43
"Anguis",49.99,"GenusAverage",20
"Anhima",3142,"GenusAverage",3
"Anhinga",1417,"GenusAverage",18
"Anilios",42.41,"GenusAverage",66
"Anilius",246.4,"GenusAverage",4
"Anisarchus",4.945,"GenusAverage",0
"Anisognathus",37.57,"GenusAverage",11
"Anisolepis",25.11,"GenusAverage",6
"Anisomys",510.5,"GenusAverage",4
"Anisotremus",1234,"GenusAverage",2
"Anisus",0.005499,"GenusAverage",1
"Ankyra",1.53e-10,"GenusAverage",1
"Anniella",6.633,"GenusAverage",18
"Anodonta",36.4,"GenusAverage",2
"Anodontostoma",167.9,"GenusAverage",1
"Anodorhynchus",1154,"GenusAverage",7
"Anodus",184,"GenusAverage",1
"Anolis",11.79,"GenusAverage",1021
"Anomalepis",1.675,"GenusAverage",4
"Anomaloglossus",0.4,"GenusAverage",1
"Anomalops",554.6,"GenusAverage",1
"Anomalopus",9.946,"GenusAverage",14
"Anomalospiza",19.52,"GenusAverage",3
"Anomalurus",785.6,"GenusAverage",24
"Anomochilus",27.9,"GenusAverage",3
"Anonymomys",57.9,"GenusAverage",2
"Anopetia",3,"GenusAverage",1
"Anopheles",0.00522,"GenusAverage",1
"Anoplocapros",742.5,"GenusAverage",1
"Anoplogaster",126.9,"GenusAverage",1
"Anoplohydrus",17.5,"GenusAverage",1
"Anoplopoma",25940,"GenusAverage",2
"Anorrhinus",960.4,"GenusAverage",6
"Anostomoides",669.9,"GenusAverage",1
"Anotomys",66.4,"GenusAverage",4
"Anotopterus",1650,"GenusAverage",1
"Anotosaura",2.702,"GenusAverage",4
"Anotylus",9.7e-05,"GenusAverage",2
"Anoura",13.16,"GenusAverage",21
"Anourosorex",21.72,"GenusAverage",11
"Anous",104.4,"GenusAverage",14
"Anser",2434,"GenusAverage",54
"Anseranas",2420,"GenusAverage",6
"Antaioserpens",27.8,"GenusAverage",1
"Antarctic",1.035e-10,"GenusAverage",1
"Antarctomysis",0.721,"GenusAverage",1
"Antaresia",385.4,"GenusAverage",9
"Antechinomys",24.64,"GenusAverage",9
"Antechinus",47.11,"GenusAverage",59
"Antennarius",109.8,"GenusAverage",1
"Anthipes",11,"GenusAverage",1
"Anthobaphes",9.55,"GenusAverage",1
"Anthocephala",4.24,"GenusAverage",1
"Anthochaera",78.92,"GenusAverage",14
"Anthocomus",0.003349,"GenusAverage",1
"Anthonomus",0.00686,"GenusAverage",1
"Anthopleura",0.075,"GenusAverage",0
"Anthops",10.48,"GenusAverage",3
"Anthornis",27.52,"GenusAverage",4
"Anthoscopus",6.421,"GenusAverage",12
"Anthracoceros",827.6,"GenusAverage",9
"Anthracothorax",7.085,"GenusAverage",15
"Anthreptes",9.452,"GenusAverage",42
"Anthropoides",2375,"GenusAverage",2
"Anthus",23.65,"GenusAverage",112
"Antidorcas",34930,"GenusAverage",14
"Antifer",86670,"GenusAverage",1
"Antigone",5275,"GenusAverage",4
"Antillomys",460,"GenusAverage",1
"Antillophis",22.9,"GenusAverage",1
"Antillothrix",4570,"GenusAverage",1
"Antilocapra",42930,"GenusAverage",12
"Antilope",33640,"GenusAverage",10
"Antilophia",20.84,"GenusAverage",4
"Antimora",2321,"GenusAverage",3
"Antistea",0.0002968,"GenusAverage",1
"Antocha",0.0001166,"GenusAverage",1
"Antrostomus",67.14,"GenusAverage",13
"Antrozous",21.64,"GenusAverage",6
"Anumbius",41.5,"GenusAverage",2
"Anurolimnas",86.45,"GenusAverage",4
"Anurophasis",401,"GenusAverage",2
"Anyperodon",3666,"GenusAverage",1
"Aonyx",12210,"GenusAverage",19
"Aotus",853.3,"GenusAverage",64
"Apalharpactes",95.41,"GenusAverage",2
"Apalis",9.499,"GenusAverage",60
"Apaloderma",59.71,"GenusAverage",9
"Apalone",13020,"GenusAverage",7
"Apalopteron",15,"GenusAverage",2
"Aparallactus",19.27,"GenusAverage",15
"Apareiodon",45.57,"GenusAverage",4
"Apathya",8.79,"GenusAverage",4
"Apeltes",3.1,"GenusAverage",1
"Aphaniotis",7.947,"GenusAverage",9
"Aphanius",4.981,"GenusAverage",0
"Aphanopus",4364,"GenusAverage",2
"Aphanotriccus",11.52,"GenusAverage",4
"Aphantochroa",7.7,"GenusAverage",2
"Aphelenchoides",3.8e-08,"GenusAverage",1
"Aphelocephala",11.02,"GenusAverage",11
"Aphelocheirus",0.0002261,"GenusAverage",1
"Aphelocoma",102.1,"GenusAverage",30
"Aphelopus",0.000146,"GenusAverage",3
"Aphidius",0.000116,"GenusAverage",1
"Aphinius",0.7906,"GenusAverage",1
"Aphis",0.0005667,"GenusAverage",3
"Aphonopelma",10.78,"GenusAverage",0
"Aphos",265,"GenusAverage",1
"Aphrastura",11.81,"GenusAverage",3
"Aphredoderus",32.8,"GenusAverage",1
"Aphriza",198.2,"GenusAverage",4
"Aphrodita",44.9,"GenusAverage",1
"Aphrodroma",356,"GenusAverage",2
"Aphtona",2e-04,"GenusAverage",1
"Aphyocharax",2.165,"GenusAverage",1
"Aphyocypris",2.867,"GenusAverage",3
"Aphyosemion",1.088,"GenusAverage",8
"Apis",0.0188,"GenusAverage",1
"Apistogramma",2.567,"GenusAverage",2
"Aplocheilichthys",0.4842,"GenusAverage",0
"Aplocheilus",6.3,"GenusAverage",2
"Aplodactylus",862,"GenusAverage",1
"Aplodinotus",2073,"GenusAverage",0
"Aplodontia",849.2,"GenusAverage",9
"Aplonis",71.37,"GenusAverage",36
"Aplopelia",155,"GenusAverage",1
"Aplopeltura",85.3,"GenusAverage",3
"Aplysia",2415,"GenusAverage",11
"Apocryptodon",1.3,"GenusAverage",1
"Apodemus",29.17,"GenusAverage",85
"Apodichthys",14.98,"GenusAverage",0
"Apogon",32.02,"GenusAverage",4
"Apogonichthyoides",63.47,"GenusAverage",2
"Apolemichthys",317.1,"GenusAverage",4
"Apomys",48.18,"GenusAverage",35
"Apostichopus",240,"GenusAverage",1
"Apostolepis",22.54,"GenusAverage",30
"Aprasia",6.609,"GenusAverage",32
"Aprion",11940,"GenusAverage",2
"Apristurus",1415,"GenusAverage",1
"Aprosdoketophis",10.9,"GenusAverage",1
"Aprosmictus",127.4,"GenusAverage",7
"Aprostocetus",8e-05,"GenusAverage",1
"Aproteles",608,"GenusAverage",4
"Apsilochorema",0.00825,"GenusAverage",0
"Apsilus",1063,"GenusAverage",1
"Aptenodytes",19730,"GenusAverage",16
"Apteronotus",281.6,"GenusAverage",3
"Apteryx",2167,"GenusAverage",22
"Aptocyclus",1798,"GenusAverage",1
"Apus",38.87,"GenusAverage",48
"Aquila",2062,"GenusAverage",65
"Ara",860.9,"GenusAverage",35
"Arabibarbus",30000,"GenusAverage",1
"Arabitragus",23000,"GenusAverage",2
"Arachnothera",23.42,"GenusAverage",21
"Arachnura",0.032,"GenusAverage",0
"Araeoncus",0.0001047,"GenusAverage",1
"Arakawania",1,"GenusAverage",0
"Aramides",435,"GenusAverage",14
"Aramidopsis",191,"GenusAverage",1
"Aramus",1107,"GenusAverage",4
"Araneus",0.2342,"GenusAverage",3
"Arapaima",404300,"GenusAverage",3
"Aratinga",139.6,"GenusAverage",36
"Arborimus",27.29,"GenusAverage",16
"Arborophila",294.3,"GenusAverage",53
"Arcanator",31.32,"GenusAverage",2
"Archaeoindris",180000,"GenusAverage",2
"Archaeolacerta",12.55,"GenusAverage",3
"Archaeolemur",21120,"GenusAverage",4
"Archaeomysis",0.002,"GenusAverage",0
"Archaius",23.08,"GenusAverage",2
"Archamia",19.35,"GenusAverage",2
"Archboldia",177.4,"GenusAverage",2
"Archboldomys",35.38,"GenusAverage",4
"Archelaphe",66.5,"GenusAverage",1
"Archiaphyosemion",1.7,"GenusAverage",1
"Archilochus",3.363,"GenusAverage",13
"Archistes",99.5,"GenusAverage",1
"Architeuthis",11630,"GenusAverage",2
"Archocentrus",35.38,"GenusAverage",0
"Archoplites",792,"GenusAverage",1
"Archosargus",2041,"GenusAverage",2
"Arctica",165,"GenusAverage",1
"Arctictis",10950,"GenusAverage",9
"Arctocebus",232.1,"GenusAverage",14
"Arctocephalus",83450,"GenusAverage",48
"Arctodus",538800,"GenusAverage",5
"Arctogadus",386.1,"GenusAverage",0
"Arctogalidia",1869,"GenusAverage",7
"Arctonyx",7534,"GenusAverage",10
"Arctosa",0.009435,"GenusAverage",2
"Arctoscopus",272.6,"GenusAverage",1
"Arctotherium",91830,"GenusAverage",2
"Arctozenus",54.93,"GenusAverage",0
"Arcygobius",8.9,"GenusAverage",1
"Ardea",1490,"GenusAverage",42
"Ardeola",273,"GenusAverage",11
"Ardeotis",6239,"GenusAverage",13
"Ardops",17.86,"GenusAverage",4
"Arenaeus",45,"GenusAverage",1
"Arenaria",114.4,"GenusAverage",12
"Argentina",1006,"GenusAverage",1
"Argiope",0.2289,"GenusAverage",2
"Argoctenus",0.046,"GenusAverage",0
"Argonectes",199.1,"GenusAverage",1
"Argopleura",3.82,"GenusAverage",2
"Argusianus",2067,"GenusAverage",3
"Argyra",3e-04,"GenusAverage",1
"Argyrocottus",8,"GenusAverage",1
"Argyrogena",128,"GenusAverage",2
"Argyropelecus",11.12,"GenusAverage",4
"Argyrophis",16.37,"GenusAverage",12
"Argyrops",4147,"GenusAverage",1
"Argyrosomus",37320,"GenusAverage",8
"Argyrozona",5900,"GenusAverage",1
"Ariadna",0.081,"GenusAverage",0
"Arielulus",8.793,"GenusAverage",11
"Ariomma",857.9,"GenusAverage",3
"Arion",0.54,"GenusAverage",1
"Ariopsis",464.4,"GenusAverage",2
"Ariosoma",91.1,"GenusAverage",1
"Arisae",0.3495,"GenusAverage",1
"Aristaeomorpha",43.12,"GenusAverage",1
"Aristelliger",20.93,"GenusAverage",19
"Aristeus",31.63,"GenusAverage",1
"Aristichthys",6.19,"GenusAverage",1
"Ariteus",11.3,"GenusAverage",3
"Arius",325.5,"GenusAverage",1
"Arizelocichla",34.97,"GenusAverage",12
"Arizona",382.8,"GenusAverage",3
"Arkys",0.05225,"GenusAverage",0
"Armadillidium",0.02092,"GenusAverage",4
"Arnoglossus",20.92,"GenusAverage",2
"Arnoldichthys",18.5,"GenusAverage",1
"Arothron",10470,"GenusAverage",6
"Arremon",32.6,"GenusAverage",25
"Arremonops",29.01,"GenusAverage",10
"Arrhamphus",106.5,"GenusAverage",1
"Arrhyton",12.19,"GenusAverage",9
"Arripis",3536,"GenusAverage",7
"Arses",15.97,"GenusAverage",8
"Artamella",49.22,"GenusAverage",2
"Artamus",39.3,"GenusAverage",28
"Artedidraco",16.7,"GenusAverage",1
"Artediellus",8.151,"GenusAverage",1
"Artemisiospiza",18.1,"GenusAverage",2
"Arthrodesmus",1.52e-09,"GenusAverage",1
"Arthroleptis",2.575,"GenusAverage",4
"Arthrosaura",4.49,"GenusAverage",17
"Artibeus",35.33,"GenusAverage",63
"Artisornis",8.809,"GenusAverage",4
"Arundinicola",13.85,"GenusAverage",2
"Arvicanthis",98.05,"GenusAverage",26
"Arvicola",132.9,"GenusAverage",16
"Asaccus",5.609,"GenusAverage",36
"Asagena",0.0243,"GenusAverage",0
"Asarcornis",2969,"GenusAverage",2
"Ascaphus",1.97,"GenusAverage",1
"Ascarosepion",1657,"GenusAverage",1
"Ascomorpha",2.366e-07,"GenusAverage",1
"Ascophyllum",28.07,"GenusAverage",1
"Asellia",9.547,"GenusAverage",6
"Aselliscus",4.695,"GenusAverage",8
"Asellus",0.0009036,"GenusAverage",3
"Aseraggodes",12.8,"GenusAverage",1
"Ashbyia",17.6,"GenusAverage",3
"Ashtoret",35.19,"GenusAverage",1
"Asianopis",0.1304,"GenusAverage",0
"Asiatyphlops",31,"GenusAverage",2
"Asio",375.6,"GenusAverage",21
"Aspatha",63.4,"GenusAverage",2
"Aspidelaps",148.5,"GenusAverage",2
"Aspidites",8365,"GenusAverage",5
"Aspidomorphus",52.47,"GenusAverage",6
"Aspidophoroides",3.575,"GenusAverage",2
"Aspidoscelis",30.89,"GenusAverage",122
"Aspidura",17.57,"GenusAverage",7
"Aspilota",9.472e-05,"GenusAverage",6
"Aspistor",164,"GenusAverage",0
"Aspitrigla",329.2,"GenusAverage",1
"Aspius",4950,"GenusAverage",1
"Aspronema",11.22,"GenusAverage",6
"Assurger",10700,"GenusAverage",2
"Astacopsis",500,"GenusAverage",1
"Astatheros",56.94,"GenusAverage",0
"Astatotilapia",47.1,"GenusAverage",2
"Asterias",44,"GenusAverage",0
"Asterina",98,"GenusAverage",1
"Asterorhombus",157.7,"GenusAverage",1
"Asthenes",17.86,"GenusAverage",51
"Asthenodipsas",74.15,"GenusAverage",6
"Astrapia",156.4,"GenusAverage",10
"Astroblepus",33.23,"GenusAverage",3
"Astrochelys",10190,"GenusAverage",4
"Astrodoras",50,"GenusAverage",1
"Astronesthes",32.9,"GenusAverage",1
"Astronotus",339.4,"GenusAverage",0
"Astropecten",23.98,"GenusAverage",0
"Astrostole",50,"GenusAverage",0
"Astrotoma",575,"GenusAverage",0
"Asturina",445,"GenusAverage",2
"Astyanax",55.28,"GenusAverage",10
"Astylosternus",12.52,"GenusAverage",2
"Asymblepharus",4.369,"GenusAverage",15
"Atalotriccus",6.8,"GenusAverage",1
"Atelecyclus",11.8,"GenusAverage",1
"Atelerix",567.9,"GenusAverage",22
"Ateles",7171,"GenusAverage",50
"Atelocynus",8721,"GenusAverage",7
"Atelornis",85.52,"GenusAverage",4
"Atergatis",72,"GenusAverage",1
"Ateuchosaurus",14.01,"GenusAverage",4
"Athene",138.5,"GenusAverage",14
"Atherina",10,"GenusAverage",0
"Atherinella",2.056,"GenusAverage",0
"Atherinomorus",1.5,"GenusAverage",0
"Atherinops",172.3,"GenusAverage",0
"Atheris",123.3,"GenusAverage",23
"Atherurus",2335,"GenusAverage",15
"Athripsodes",0.0002008,"GenusAverage",1
"Atilax",3371,"GenusAverage",8
"Atimastillas",47.95,"GenusAverage",1
"Atlantisia",38.64,"GenusAverage",2
"Atlantolacerta",3.607,"GenusAverage",3
"Atlantoraja",55,"GenusAverage",0
"Atlantoxerus",288.1,"GenusAverage",5
"Atlapetes",31.08,"GenusAverage",50
"Atolla",8.71,"GenusAverage",1
"Atractaspis",118.7,"GenusAverage",29
"Atractodes",0.000409,"GenusAverage",1
"Atractoscion",31780,"GenusAverage",2
"Atractosteus",44600,"GenusAverage",3
"Atractus",26.94,"GenusAverage",143
"Atretium",196.8,"GenusAverage",2
"Atrichornis",33.79,"GenusAverage",6
"Atrina",518,"GenusAverage",1
"Atrobucca",788.5,"GenusAverage",2
"Atropoides",372.6,"GenusAverage",6
"Atta",0.02,"GenusAverage",1
"Attagis",327.4,"GenusAverage",6
"Atthis",2.5,"GenusAverage",4
"Atticora",11.84,"GenusAverage",4
"Attila",38.93,"GenusAverage",14
"Atule",546.3,"GenusAverage",1
"Atylodes",3.92,"GenusAverage",1
"Atympanophrys",74.6,"GenusAverage",1
"Aubria",28.86,"GenusAverage",1
"Auchenipterichthys",113.9,"GenusAverage",1
"Auchenipterus",188.3,"GenusAverage",3
"Auchenoglanis",3695,"GenusAverage",2
"Augastes",3.667,"GenusAverage",5
"Aulacocephalus",236,"GenusAverage",1
"Aulacomya",3,"GenusAverage",1
"Aulacorhynchus",191,"GenusAverage",22
"Aulichthys",3.8,"GenusAverage",1
"Auliscomys",57.83,"GenusAverage",13
"Aulonocara",23.1,"GenusAverage",1
"Aulorhynchus",11.15,"GenusAverage",2
"Aulostomus",694,"GenusAverage",0
"Aurelia",865.2,"GenusAverage",0
"Auriglobus",22.6,"GenusAverage",1
"Auriparis",1.7,"GenusAverage",1
"Auriparus",6.9,"GenusAverage",4
"Aurivela",7.641,"GenusAverage",4
"Austracantha",0.066,"GenusAverage",0
"Australoheros",40.45,"GenusAverage",2
"Australolacerta",7.989,"GenusAverage",2
"Australomimetus",0.018,"GenusAverage",0
"Australomisidia",0.014,"GenusAverage",0
"Austrelaps",634.5,"GenusAverage",4
"Austronomus",28.85,"GenusAverage",2
"Automolus",35.33,"GenusAverage",15
"Auxis",1454,"GenusAverage",3
"Avahi",969,"GenusAverage",27
"Aviceda",289.7,"GenusAverage",11
"Avicennia",22.75,"GenusAverage",2
"Avocettina",679.3,"GenusAverage",1
"Avocettula",4.2,"GenusAverage",2
"Awaous",319,"GenusAverage",2
"Axis",46660,"GenusAverage",28
"Aythya",767.4,"GenusAverage",54
"Azemiops",453.4,"GenusAverage",3
"Aztlanolagus",2000,"GenusAverage",2
"Babakotia",18000,"GenusAverage",2
"Babax",39,"GenusAverage",3
"Babina",116.7,"GenusAverage",2
"Babus",282.7,"GenusAverage",0
"Babylonia",17.75,"GenusAverage",1
"Babyrousa",90540,"GenusAverage",13
"Bachia",3.18,"GenusAverage",50
"Badis",2.42,"GenusAverage",2
"Badumna",0.23,"GenusAverage",0
"Baeolophus",16.64,"GenusAverage",13
"Baeopogon",46.15,"GenusAverage",4
"Bagarius",19110,"GenusAverage",2
"Bagre",440.7,"GenusAverage",1
"Bagropsis",653,"GenusAverage",1
"Bagrus",11750,"GenusAverage",3
"Bahaba",1e+05,"GenusAverage",1
"Baikia",4.207,"GenusAverage",2
"Baiomys",8.343,"GenusAverage",10
"Bairdiella",77.61,"GenusAverage",0
"Baiyankamys",84.2,"GenusAverage",2
"Bajacalifornia",225,"GenusAverage",2
"Balaena",87500000,"GenusAverage",0
"Balaeniceps",5784,"GenusAverage",4
"Balaenoptera",36490000,"GenusAverage",51
"Balanophis",28.8,"GenusAverage",1
"Balantiopteryx",5.528,"GenusAverage",11
"Balearica",3598,"GenusAverage",8
"Balionycteris",13.29,"GenusAverage",5
"Balistapus",1193,"GenusAverage",1
"Balistes",1879,"GenusAverage",5
"Balistoides",2540,"GenusAverage",1
"Balitora",0.5,"GenusAverage",1
"Ballerus",1309,"GenusAverage",1
"Bamanophis",115.7,"GenusAverage",1
"Bambusicola",294.7,"GenusAverage",6
"Bandicota",335.3,"GenusAverage",15
"Bangana",1680,"GenusAverage",3
"Bangsia",38.82,"GenusAverage",9
"Banjos",164.5,"GenusAverage",1
"Barahna",0.005,"GenusAverage",0
"Barbastella",11.41,"GenusAverage",10
"Barbatula",38.67,"GenusAverage",5
"Barbichthys",280.8,"GenusAverage",1
"Barbodes",3487,"GenusAverage",3
"Barbonymus",1000,"GenusAverage",4
"Barbourisia",630.5,"GenusAverage",2
"Barbucca",0.1,"GenusAverage",1
"Barbus",2833,"GenusAverage",6
"Barilius",48.33,"GenusAverage",4
"Barisia",50.12,"GenusAverage",14
"Barkudia",6.159,"GenusAverage",4
"Barnardius",128.3,"GenusAverage",3
"Bartramia",127.2,"GenusAverage",6
"Baryphthengus",153.1,"GenusAverage",6
"Basalys",6.1e-06,"GenusAverage",1
"Basileuterus",12.87,"GenusAverage",37
"Basilichthys",212.1,"GenusAverage",1
"Basilinna",3.525,"GenusAverage",2
"Basiliscus",402.1,"GenusAverage",14
"Basilornis",107.7,"GenusAverage",5
"Bassaricyon",1237,"GenusAverage",21
"Bassariscus",897.3,"GenusAverage",18
"Bassiana",8.803,"GenusAverage",7
"Bassozetus",207.3,"GenusAverage",1
"Batagur",15040,"GenusAverage",5
"Batara",129.9,"GenusAverage",2
"Bathmocercus",15.42,"GenusAverage",8
"Bathocyroe",24.68,"GenusAverage",1
"Bathybiaster",36.2,"GenusAverage",1
"Bathyclupea",63.95,"GenusAverage",2
"Bathydraco",908,"GenusAverage",1
"Bathyergus",502.9,"GenusAverage",12
"Bathygobius",10.5,"GenusAverage",2
"Bathylagidae",22.11,"GenusAverage",0
"Bathylagoides",11.6,"GenusAverage",1
"Bathylagus",338.7,"GenusAverage",2
"Bathymaster",344.1,"GenusAverage",1
"Bathyphantes",0.0002231,"GenusAverage",2
"Bathypolypus",56,"GenusAverage",2
"Bathyprion",380.1,"GenusAverage",1
"Bathyraja",19590,"GenusAverage",3
"Bathyteuthis",5,"GenusAverage",1
"Bathytoshia",148.9,"GenusAverage",1
"Bathytroctes",398,"GenusAverage",4
"Batis",10.68,"GenusAverage",50
"Batomys",169.6,"GenusAverage",12
"Batoteuthis",21.73,"GenusAverage",1
"Batrachocottus",123.6,"GenusAverage",4
"Batrachoseps",11.63,"GenusAverage",5
"Batrachostomus",76.1,"GenusAverage",20
"Batrachylodes",0.6467,"GenusAverage",3
"Bauerus",22.68,"GenusAverage",4
"Bavayia",6.22,"GenusAverage",25
"Bdeogale",2029,"GenusAverage",16
"Beamys",79.9,"GenusAverage",5
"Beatragus",100900,"GenusAverage",7
"Beaufortia",2.867,"GenusAverage",3
"Bedeva",0.8,"GenusAverage",0
"Bedotia",3.7,"GenusAverage",1
"Bellator",64,"GenusAverage",1
"Bellatorias",623.8,"GenusAverage",7
"Belligobio",25,"GenusAverage",2
"Belodontichthys",558.6,"GenusAverage",1
"Belomys",217,"GenusAverage",3
"Belone",1400,"GenusAverage",0
"Belonesox",10.67,"GenusAverage",0
"Bembidion",0.00247,"GenusAverage",0
"Bembrops",88.3,"GenusAverage",2
"Benthalbella",101.9,"GenusAverage",0
"Benthocodon",5.525,"GenusAverage",1
"Benthoctopus",130,"GenusAverage",1
"Benthodesmus",31200,"GenusAverage",1
"Benthosema",1.813,"GenusAverage",3
"Berardius",13610000,"GenusAverage",15
"Bergiaria",173,"GenusAverage",1
"Berlepschia",36.94,"GenusAverage",2
"Bernieria",18.14,"GenusAverage",6
"Beroe",5.309,"GenusAverage",1
"Berylmys",231.6,"GenusAverage",11
"Beryx",9560,"GenusAverage",3
"Betadevario",2.4,"GenusAverage",1
"Betta",3.75,"GenusAverage",2
"Bettongia",1427,"GenusAverage",33
"Betula",2e+05,"GenusAverage",1
"Bezzia",5.29e-05,"GenusAverage",1
"Bhavania",5.1,"GenusAverage",1
"Bias",24.65,"GenusAverage",7
"Biatas",42,"GenusAverage",1
"Bibimys",28.38,"GenusAverage",11
"Bidessus",2e-04,"GenusAverage",1
"Bidyanus",4320,"GenusAverage",1
"Bipalium",1,"GenusAverage",1
"Bipes",15.48,"GenusAverage",12
"Birgus",4000,"GenusAverage",1
"Bison",676900,"GenusAverage",26
"Biswamoyopterus",1613,"GenusAverage",2
"Bithynia",0.03831,"GenusAverage",1
"Bitia",201.2,"GenusAverage",1
"Bitis",646.2,"GenusAverage",23
"Biwia",1.6,"GenusAverage",1
"Biziura",2078,"GenusAverage",5
"Blaberus",3,"GenusAverage",1
"Blaesodactylus",32.83,"GenusAverage",10
"Blanfordimys",32.9,"GenusAverage",2
"Blanus",11.39,"GenusAverage",18
"Blarina",17.75,"GenusAverage",23
"Blarinella",11.16,"GenusAverage",11
"Blarinomys",30.6,"GenusAverage",5
"Blastocerus",100500,"GenusAverage",8
"Blatta",0.7,"GenusAverage",1
"Blattela",0.1,"GenusAverage",1
"Blattella",0.1,"GenusAverage",1
"Bleda",41.92,"GenusAverage",11
"Bleekeria",13.37,"GenusAverage",2
"Blennius",13.5,"GenusAverage",1
"Blicca",2323,"GenusAverage",2
"Blythia",21.6,"GenusAverage",1
"Blythipicus",110.8,"GenusAverage",4
"Boa",16850,"GenusAverage",4
"Boaedon",232.5,"GenusAverage",11
"Bocagia",34.4,"GenusAverage",1
"Bodianus",349.8,"GenusAverage",1
"Boesemania",7000,"GenusAverage",1
"Bogertophis",508.1,"GenusAverage",5
"Bohadschia",2000,"GenusAverage",3
"Boiga",555.5,"GenusAverage",50
"Boiruna",1617,"GenusAverage",3
"Boissonneaua",8.391,"GenusAverage",8
"Bokermannohyla",185.6,"GenusAverage",1
"Bolbometopon",46000,"GenusAverage",2
"Bolbopsittacus",68.2,"GenusAverage",2
"Bolborhynchus",49.64,"GenusAverage",6
"Bolemoreus",28.67,"GenusAverage",2
"Boleophthalmus",75.4,"GenusAverage",4
"Bolinichthys",8.925,"GenusAverage",4
"Bolinopsis",23.15,"GenusAverage",1
"Bolinus",47.57,"GenusAverage",1
"Bolitoglossa",47670,"GenusAverage",2
"Bolomys",39.93,"GenusAverage",1
"Bolyeria",461.3,"GenusAverage",1
"Bombina",7.702,"GenusAverage",3
"Bombycilla",40.63,"GenusAverage",18
"Bonasa",391.4,"GenusAverage",10
"Boops",204.4,"GenusAverage",1
"Bootherium",382200,"GenusAverage",3
"Boraras",0.1,"GenusAverage",1
"Boreal",750,"GenusAverage",1
"Boreogadus",32.35,"GenusAverage",0
"Boreomysis",0.2049,"GenusAverage",3
"Borikenophis",212.3,"GenusAverage",3
"Boromys",220,"GenusAverage",2
"Borostomias",12.5,"GenusAverage",1
"Borungaboodie",10000,"GenusAverage",1
"Bos",636500,"GenusAverage",40
"Boselaphus",179600,"GenusAverage",9
"Bosmina",1.55e-06,"GenusAverage",1
"Bostockia",29.8,"GenusAverage",1
"Bostrychia",1059,"GenusAverage",7
"Bostrychus",188.4,"GenusAverage",1
"Botaurus",995.6,"GenusAverage",16
"Bothriechis",392.9,"GenusAverage",11
"Bothrocara",181.1,"GenusAverage",1
"Bothrochilus",3609,"GenusAverage",9
"Bothrocophias",858,"GenusAverage",7
"Bothrolycus",55.4,"GenusAverage",1
"Bothrophthalmus",466.1,"GenusAverage",4
"Bothrops",1260,"GenusAverage",62
"Bothus",268.4,"GenusAverage",1
"Botia",38.05,"GenusAverage",4
"Botrynema",0.005,"GenusAverage",1
"Boulengerella",4075,"GenusAverage",1
"Boulengerochromis",5000,"GenusAverage",1
"Boulengerula",39.7,"GenusAverage",1
"Bovallia",5.051,"GenusAverage",1
"Bovichtus",115,"GenusAverage",3
"Bowdleria",25.17,"GenusAverage",1
"Brachaluteres",7.7,"GenusAverage",1
"Brachiones",24.5,"GenusAverage",2
"Brachionus",7.067e-07,"GenusAverage",3
"Brachioteuthis",45.19,"GenusAverage",4
"Brachirus",382.1,"GenusAverage",3
"Brachycentrus",0.004734,"GenusAverage",2
"Brachychalcinus",11,"GenusAverage",1
"Brachycope",25.3,"GenusAverage",4
"Brachydeuterus",110,"GenusAverage",0
"Brachygalba",16.88,"GenusAverage",7
"Brachygenys",35.2,"GenusAverage",0
"Brachygluta",8.72e-05,"GenusAverage",1
"Brachygobius",0.45,"GenusAverage",2
"Brachyhypopomus",24.18,"GenusAverage",0
"Brachylagus",392.9,"GenusAverage",9
"Brachylophus",469.2,"GenusAverage",9
"Brachymeles",15.64,"GenusAverage",79
"Brachymystax",2633,"GenusAverage",3
"Brachyophidium",5.1,"GenusAverage",1
"Brachyophis",6.9,"GenusAverage",1
"Brachyorrhos",102.7,"GenusAverage",4
"Brachypelma",30,"GenusAverage",1
"Brachyphylla",42.51,"GenusAverage",11
"Brachyplatystoma",33030,"GenusAverage",6
"Brachypodium",0.2926,"GenusAverage",1
"Brachyprotoma",4500,"GenusAverage",2
"Brachypteracias",170,"GenusAverage",4
"Brachypterois",29,"GenusAverage",1
"Brachypteryx",29.95,"GenusAverage",6
"Brachyramphus",224.8,"GenusAverage",8
"Brachyrhaphis",3.807,"GenusAverage",0
"Brachysaura",24.1,"GenusAverage",1
"Brachyseps",15.73,"GenusAverage",8
"Brachysomophis",1520,"GenusAverage",1
"Brachytarsomys",210.4,"GenusAverage",9
"Brachyteles",10630,"GenusAverage",12
"Brachyuromys",91.82,"GenusAverage",8
"Brachyurophis",25.7,"GenusAverage",11
"Bradornis",25.91,"GenusAverage",8
"Bradypodion",13.87,"GenusAverage",42
"Bradypterus",15.05,"GenusAverage",41
"Bradypus",3736,"GenusAverage",29
"Bradytriton",3.05,"GenusAverage",1
"Brama",1654,"GenusAverage",4
"Branchiostegus",818.9,"GenusAverage",5
"Branta",2074,"GenusAverage",29
"Brasiliscincus",14.64,"GenusAverage",8
"Bregmaceros",5.668,"GenusAverage",1
"Breviceps",15.13,"GenusAverage",3
"Brevitrygon",590,"GenusAverage",1
"Brevoortia",1364,"GenusAverage",4
"Brienomyrus",27.3,"GenusAverage",1
"Brillia",1.31e-05,"GenusAverage",1
"Broadleysaurus",386.9,"GenusAverage",2
"Bronchocela",43.96,"GenusAverage",30
"Brookesia",2.546,"GenusAverage",64
"Brosme",14250,"GenusAverage",2
"Brotogeris",62.79,"GenusAverage",28
"Brotomys",120,"GenusAverage",1
"Brucepattersonius",32.71,"GenusAverage",11
"Bruguiera",2.2,"GenusAverage",1
"Bryaxis",3.52e-05,"GenusAverage",2
"Brychius",0.001406,"GenusAverage",1
"Brycinus",632.5,"GenusAverage",2
"Brycon",2474,"GenusAverage",10
"Bryconamericus",12.39,"GenusAverage",3
"Brygophis",253.2,"GenusAverage",1
"Bubalornis",69.47,"GenusAverage",7
"Bubalus",455500,"GenusAverage",29
"Bubo",1504,"GenusAverage",51
"Bubulcus",333.2,"GenusAverage",8
"Bucanetes",20.5,"GenusAverage",4
"Buccanodon",41.87,"GenusAverage",3
"Buccinum",125.3,"GenusAverage",1
"Bucco",39.11,"GenusAverage",9
"Bucephala",609.2,"GenusAverage",20
"Buceros",2215,"GenusAverage",10
"Bucorvus",3818,"GenusAverage",11
"Budorcas",275100,"GenusAverage",8
"Buergeria",19.8,"GenusAverage",1
"Buettikoferella",30,"GenusAverage",1
"Bufo",48.17,"GenusAverage",22
"Bufoceratias",87.2,"GenusAverage",1
"Bufoniceps",10.58,"GenusAverage",2
"Bufotes",13.75,"GenusAverage",2
"Bugeranus",8641,"GenusAverage",1
"Buglossidium",30.94,"GenusAverage",2
"Buhoma",19.8,"GenusAverage",4
"Bujurquina",92.8,"GenusAverage",1
"Bullimus",400.6,"GenusAverage",8
"Bulweria",205.9,"GenusAverage",8
"Bunaka",626.7,"GenusAverage",1
"Bungarus",783.4,"GenusAverage",24
"Bunocephalus",3.7,"GenusAverage",2
"Bunolagus",1577,"GenusAverage",7
"Bunomys",130.6,"GenusAverage",18
"Bunopithecus",6653,"GenusAverage",4
"Bunopus",4.644,"GenusAverage",9
"Bupalus",0.0648,"GenusAverage",1
"Buphagus",53.48,"GenusAverage",7
"Burhinus",484.6,"GenusAverage",19
"Burnupena",5.25,"GenusAverage",0
"Burramys",39.16,"GenusAverage",9
"Busarellus",690.1,"GenusAverage",2
"Butastur",332.3,"GenusAverage",12
"Buteo",803.7,"GenusAverage",101
"Buteogallus",1423,"GenusAverage",22
"Buthraupis",76.26,"GenusAverage",10
"Butis",18.95,"GenusAverage",1
"Butorides",163.1,"GenusAverage",10
"Bycanistes",913.4,"GenusAverage",15
"Caaeteboia",15.1,"GenusAverage",1
"Cabassous",3648,"GenusAverage",25
"Cabdio",59.59,"GenusAverage",2
"Cacajao",3099,"GenusAverage",19
"Cacatua",488.2,"GenusAverage",52
"Cachryx",194.2,"GenusAverage",2
"Cacicus",65.55,"GenusAverage",22
"Cacomantis",46.01,"GenusAverage",21
"Cacophis",61.91,"GenusAverage",5
"Cadea",19.93,"GenusAverage",4
"Caecilia",5.5,"GenusAverage",0
"Caecobarbus",19.1,"GenusAverage",1
"Caenis",0.0028,"GenusAverage",1
"Caenolestes",38.93,"GenusAverage",19
"Caenotropus",266.7,"GenusAverage",2
"Caesio",3357,"GenusAverage",2
"Caesoris",6.197,"GenusAverage",1
"Caiman",28970,"GenusAverage",7
"Caipora",20500,"GenusAverage",2
"Cairina",3049,"GenusAverage",7
"Calabaria",523.2,"GenusAverage",1
"Calamanthus",16.11,"GenusAverage",11
"Calamaria",11.5,"GenusAverage",66
"Calamodontophis",16,"GenusAverage",2
"Calamonastes",13.2,"GenusAverage",3
"Calamonastides",10.8,"GenusAverage",1
"Calamophis",11200,"GenusAverage",4
"Calamorhabdium",1.767,"GenusAverage",3
"Calamornis",20.7,"GenusAverage",1
"Calamospiza",30.47,"GenusAverage",6
"Calamus",1592,"GenusAverage",6
"Calandrella",22.32,"GenusAverage",21
"Calanoides",0.02689,"GenusAverage",1
"Calanus",0.00626,"GenusAverage",7
"Calcarius",23.34,"GenusAverage",20
"Calcochloris",34.83,"GenusAverage",5
"Caledoniscincus",3.231,"GenusAverage",29
"Calendulauda",27.7,"GenusAverage",8
"Calicalicus",16.61,"GenusAverage",3
"Calidris",56.72,"GenusAverage",97
"Caliechthrus",107.2,"GenusAverage",1
"Caligavis",25.36,"GenusAverage",3
"Callacanthis",42.67,"GenusAverage",1
"Callaeas",226.5,"GenusAverage",6
"Callagur",25000,"GenusAverage",1
"Callianira",3.069,"GenusAverage",0
"Callibella",120,"GenusAverage",1
"Callicebus",1049,"GenusAverage",100
"Callichthys",105.8,"GenusAverage",1
"Calliergon",25,"GenusAverage",1
"Callimico",537.4,"GenusAverage",10
"Callinectes",95.05,"GenusAverage",4
"Callionymus",22.66,"GenusAverage",8
"Calliope",22.25,"GenusAverage",3
"Calliophis",218.3,"GenusAverage",12
"Callipepla",160.3,"GenusAverage",19
"Calliphlox",2.942,"GenusAverage",10
"Callisaurus",27.55,"GenusAverage",6
"Callistomys",519,"GenusAverage",5
"Callithrix",343.8,"GenusAverage",77
"Callitula",3e-05,"GenusAverage",1
"Callocephalon",256,"GenusAverage",5
"Callonetta",367.2,"GenusAverage",5
"Callopanchax",5.6,"GenusAverage",2
"Callopistes",542.8,"GenusAverage",6
"Callorhinchus",3194,"GenusAverage",2
"Callorhinus",1630000,"GenusAverage",10
"Callosciurus",267,"GenusAverage",65
"Calloselasma",488.2,"GenusAverage",2
"Callospermophilus",237.6,"GenusAverage",6
"Calochaetes",46.4,"GenusAverage",2
"Calocitta",219.2,"GenusAverage",5
"Calodactylodes",14.8,"GenusAverage",5
"Caloenas",531.1,"GenusAverage",5
"Calomys",29.28,"GenusAverage",49
"Calomyscus",18.37,"GenusAverage",23
"Calonectris",633.1,"GenusAverage",10
"Caloperdix",199.8,"GenusAverage",2
"Calophysus",1250,"GenusAverage",1
"Caloprymnus",902,"GenusAverage",5
"Caloramphus",42.85,"GenusAverage",1
"Calorhamphus",42.6,"GenusAverage",1
"Calotes",47.5,"GenusAverage",58
"Calothorax",2.607,"GenusAverage",8
"Calotomus",1152,"GenusAverage",1
"Calotriton",22.71,"GenusAverage",2
"Calumma",41.46,"GenusAverage",77
"Caluromys",304.2,"GenusAverage",20
"Caluromysiops",290.5,"GenusAverage",6
"Calypte",3.489,"GenusAverage",14
"Calyptocephalella",536,"GenusAverage",1
"Calyptocichla",39.06,"GenusAverage",3
"Calyptogena",1.29,"GenusAverage",1
"Calyptomena",103.7,"GenusAverage",7
"Calyptommatus",1.94,"GenusAverage",9
"Calyptophilus",40.37,"GenusAverage",4
"Calyptophractus",304,"GenusAverage",6
"Calyptorhynchus",625.7,"GenusAverage",25
"Calyptotis",2.471,"GenusAverage",10
"Calyptura",5,"GenusAverage",1
"Camarhynchus",20.75,"GenusAverage",11
"Camaroptera",11.08,"GenusAverage",13
"Camelia",354000,"GenusAverage",2
"Camellia",515000,"GenusAverage",2
"Camelops",9e+05,"GenusAverage",4
"Camelus",504800,"GenusAverage",20
"Campephaga",31.81,"GenusAverage",18
"Campephilus",277,"GenusAverage",23
"Campethera",57.43,"GenusAverage",35
"Campicoloides",34.68,"GenusAverage",1
"Campochaera",41,"GenusAverage",2
"Campostoma",26.4,"GenusAverage",1
"Campsicnemus",4e-04,"GenusAverage",1
"Camptorhynchus",807,"GenusAverage",2
"Camptostoma",7.031,"GenusAverage",6
"Campylomormyrus",68.4,"GenusAverage",1
"Campylopterus",7.508,"GenusAverage",28
"Campylorhamphus",45.02,"GenusAverage",10
"Campylorhynchus",33.24,"GenusAverage",33
"Canariomys",1250,"GenusAverage",2
"Cancer",490.6,"GenusAverage",2
"Candacia",0.00176,"GenusAverage",2
"Candiacervus",270100,"GenusAverage",6
"Candidia",17.4,"GenusAverage",2
"Candoia",717.6,"GenusAverage",8
"Canirallus",261.5,"GenusAverage",4
"Canis",20840,"GenusAverage",72
"Cannomys",815.1,"GenusAverage",7
"Cansumys",57.75,"GenusAverage",2
"Cantharis",0.02483,"GenusAverage",2
"Cantherhines",263.1,"GenusAverage",1
"Canthidermis",1477,"GenusAverage",1
"Canthigaster",41.19,"GenusAverage",5
"Canthophrys",17.88,"GenusAverage",1
"Cantorchilus",19.67,"GenusAverage",9
"Cantoria",1495,"GenusAverage",1
"Caparaonia",4.918,"GenusAverage",2
"Caperea",4496000,"GenusAverage",0
"Capitellum",8.04,"GenusAverage",6
"Capito",61.85,"GenusAverage",23
"Capoeta",284,"GenusAverage",7
"Capra",63100,"GenusAverage",72
"Capreolus",28590,"GenusAverage",20
"Capricornis",77500,"GenusAverage",25
"Caprimulgus",59.11,"GenusAverage",133
"CapriniGen",63270,"GenusAverage",1
"Caprodon",730,"GenusAverage",1
"Caprolagus",2498,"GenusAverage",6
"Capromeryx",12630,"GenusAverage",3
"Capromys",2993,"GenusAverage",9
"Capros",1.376,"GenusAverage",1
"Capsiempis",7.55,"GenusAverage",2
"Caquetaia",548.4,"GenusAverage",0
"Carabus",0.217,"GenusAverage",1
"Caracal",12330,"GenusAverage",12
"Caracara",1228,"GenusAverage",8
"Caraiba",116.8,"GenusAverage",1
"Carangichthys",2600,"GenusAverage",1
"Carangoides",4877,"GenusAverage",4
"Caranx",12010,"GenusAverage",16
"Carassioides",500,"GenusAverage",1
"Carassius",5865,"GenusAverage",10
"Carcharhinus",90640,"GenusAverage",18
"Carcharias",94920,"GenusAverage",2
"Carcharodon",1890000,"GenusAverage",3
"Carcinoscorpius",1.946,"GenusAverage",0
"Carcinus",100,"GenusAverage",0
"Cardellina",8.703,"GenusAverage",10
"Cardiidae",0.004647,"GenusAverage",1
"Cardinalis",35.82,"GenusAverage",16
"Cardiocranius",8.6,"GenusAverage",2
"Cardioderma",27.52,"GenusAverage",5
"Cardioglossa",2.811,"GenusAverage",2
"Cardisoma",400,"GenusAverage",1
"Cardium",6.659,"GenusAverage",1
"Carduelis",14.23,"GenusAverage",70
"Careproctus",650,"GenusAverage",1
"Caretta",124500,"GenusAverage",5
"Carettochelys",19390,"GenusAverage",2
"Carex",0.218,"GenusAverage",2
"Cariama",1458,"GenusAverage",3
"Caridonax",171.8,"GenusAverage",1
"Carinascincus",8.565,"GenusAverage",8
"Carinotetraodon",2.233,"GenusAverage",3
"Carlarius",2670,"GenusAverage",1
"Carlia",3.448,"GenusAverage",102
"Carlito",130,"GenusAverage",1
"Carnegiea",1682,"GenusAverage",1
"Carollia",15.93,"GenusAverage",21
"Caroperla",0.00408,"GenusAverage",0
"Carphodactylus",33.86,"GenusAverage",2
"Carphophis",15.16,"GenusAverage",6
"Carpiodes",3846,"GenusAverage",7
"Carpitalpa",52.33,"GenusAverage",4
"Carpococcyx",513.6,"GenusAverage",5
"Carpodacus",27.5,"GenusAverage",69
"Carpodectes",100.7,"GenusAverage",6
"Carpomys",175.2,"GenusAverage",4
"Carpophyllum",0.2098,"GenusAverage",1
"Carpornis",69.21,"GenusAverage",4
"Carpospiza",21.85,"GenusAverage",2
"Carterodon",113.8,"GenusAverage",4
"Carterornis",12.82,"GenusAverage",3
"Carulerpa",0.02787,"GenusAverage",3
"Caryomys",26.17,"GenusAverage",5
"Caryothraustes",36.99,"GenusAverage",4
"Casarea",1484,"GenusAverage",1
"Casinycteris",48.53,"GenusAverage",7
"Casiornis",22.15,"GenusAverage",4
"Casmerodius",950.7,"GenusAverage",2
"Caspiomyzon",83.46,"GenusAverage",3
"Cassidulus",0.95,"GenusAverage",1
"Castanozoster",11.9,"GenusAverage",1
"Castor",18700,"GenusAverage",18
"Castoroides",115000,"GenusAverage",2
"Casuarius",38500,"GenusAverage",14
"Cataetyx",23.3,"GenusAverage",1
"Cataglyphis",0.0155,"GenusAverage",1
"Catagonus",34980,"GenusAverage",10
"Catamblyrhynchus",14.14,"GenusAverage",2
"Catamenia",12.65,"GenusAverage",6
"Cataponera",89.65,"GenusAverage",1
"Catharacta",1526,"GenusAverage",9
"Catharopeza",15.3,"GenusAverage",2
"Cathartes",1477,"GenusAverage",10
"Catharus",29.53,"GenusAverage",46
"Catherpes",11.58,"GenusAverage",4
"Cathetorhinus",2.2,"GenusAverage",1
"Cathorops",277.7,"GenusAverage",4
"Catla",116900,"GenusAverage",1
"Catonyx",159000,"GenusAverage",1
"Catoprion",83.05,"GenusAverage",0
"Catopsis",0.023,"GenusAverage",1
"Catoptrophorus",224.9,"GenusAverage",5
"Catopuma",7457,"GenusAverage",14
"Catostomus",1344,"GenusAverage",11
"Catreus",1442,"GenusAverage",2
"Caulolatilus",3947,"GenusAverage",3
"Caulophryne",32.4,"GenusAverage",2
"Causus",158.9,"GenusAverage",13
"Cavia",552.2,"GenusAverage",32
"Cavolinia",0.0505,"GenusAverage",1
"Cebuella",104.7,"GenusAverage",3
"Cebus",4435,"GenusAverage",53
"Cecropia",227900,"GenusAverage",1
"Cecropis",25.25,"GenusAverage",11
"Celatiscincus",1.5,"GenusAverage",4
"Celestus",107.8,"GenusAverage",67
"Celeus",112.3,"GenusAverage",24
"Cemophora",145.8,"GenusAverage",2
"Centengraulis",14,"GenusAverage",1
"Centrarchus",308,"GenusAverage",1
"Centriscus",4.8,"GenusAverage",1
"Centroberyx",3300,"GenusAverage",2
"Centrocercus",1967,"GenusAverage",8
"Centrodoras",95.8,"GenusAverage",1
"Centrolabrus",52.4,"GenusAverage",1
"Centrolophus",5730,"GenusAverage",1
"Centromochlus",1.632,"GenusAverage",1
"Centronycteris",12.62,"GenusAverage",6
"Centrophorus",23230,"GenusAverage",0
"Centropomus",526.3,"GenusAverage",3
"Centropristis",835.9,"GenusAverage",3
"Centropus",269.7,"GenusAverage",68
"Centropyge",38.54,"GenusAverage",12
"Centroscyllium",1822,"GenusAverage",0
"Centroscymnus",15700,"GenusAverage",1
"Centroselachus",11330,"GenusAverage",0
"Centrothele",0.073,"GenusAverage",0
"Centurio",21.5,"GenusAverage",5
"Cepaea",0.5233,"GenusAverage",2
"Cephalodiscus",166000,"GenusAverage",1
"Cephalopachus",120,"GenusAverage",1
"Cephalopholis",1873,"GenusAverage",11
"Cephalophus",22530,"GenusAverage",96
"Cephalopterus",366.7,"GenusAverage",7
"Cephalopyrus",7,"GenusAverage",2
"Cephalorhynchus",931100,"GenusAverage",33
"Cepola",43.11,"GenusAverage",2
"Cepphus",444.1,"GenusAverage",16
"Cerapteryx",0.2124,"GenusAverage",1
"Cerasophila",41.8,"GenusAverage",1
"Cerastes",193.8,"GenusAverage",4
"Cerastoderma",54.87,"GenusAverage",1
"Ceratias",157,"GenusAverage",1
"Ceratobatrachus",11.36,"GenusAverage",1
"Ceratogymna",1138,"GenusAverage",11
"Ceratophora",14.21,"GenusAverage",10
"Ceratoscopelus",3.205,"GenusAverage",0
"Ceratotherium",2287000,"GenusAverage",12
"Cerberus",581,"GenusAverage",9
"Cercartetus",21.12,"GenusAverage",28
"Cercibis",1819,"GenusAverage",1
"Cercocebus",7885,"GenusAverage",39
"Cercococcyx",60.24,"GenusAverage",9
"Cercomacra",16.49,"GenusAverage",24
"Cercomela",18.17,"GenusAverage",14
"Cercophis",168.7,"GenusAverage",1
"Cercopithecus",4431,"GenusAverage",156
"Cercosaura",3.655,"GenusAverage",31
"Cercotrichas",23.31,"GenusAverage",25
"Cercyon",0.000165,"GenusAverage",1
"Cerdocyon",5782,"GenusAverage",9
"Cereopsis",4002,"GenusAverage",4
"Ceriops",3.4,"GenusAverage",1
"Cerorhinca",429.4,"GenusAverage",6
"Cerradomys",89.3,"GenusAverage",5
"Cerrophidion",125.4,"GenusAverage",6
"Certhia",9.275,"GenusAverage",31
"Certhiaxis",15.03,"GenusAverage",4
"Certhidea",9.688,"GenusAverage",3
"Certhilauda",37.88,"GenusAverage",19
"Certhionyx",15.5,"GenusAverage",10
"Cervalces",741000,"GenusAverage",3
"Cervus",122600,"GenusAverage",35
"Ceryle",118.2,"GenusAverage",7
"Cetengraulis",54.14,"GenusAverage",1
"Cetonurus",161.2,"GenusAverage",1
"Cetopsis",20.5,"GenusAverage",1
"Cetopsorhamdia",12.2,"GenusAverage",1
"Cetorhinus",3168000,"GenusAverage",4
"Cetoscarus",2415,"GenusAverage",1
"Cetostoma",86.1,"GenusAverage",1
"Cettia",16.01,"GenusAverage",23
"Ceuthmochares",65.93,"GenusAverage",6
"Ceyx",22.68,"GenusAverage",18
"Chacodelphys",10,"GenusAverage",1
"Chacophrys",26.37,"GenusAverage",0
"Chaenobryttus",1100,"GenusAverage",0
"Chaenocephalus",2418,"GenusAverage",3
"Chaenodraco",863.3,"GenusAverage",1
"Chaenogobius",12.6,"GenusAverage",1
"Chaenomugil",108,"GenusAverage",1
"Chaerephon",14.97,"GenusAverage",54
"Chaeropus",203.6,"GenusAverage",5
"Chaertura",4.275,"GenusAverage",1
"Chaetarthria",9.501e-05,"GenusAverage",1
"Chaetobranchopsis",42.4,"GenusAverage",1
"Chaetobranchus",248,"GenusAverage",1
"Chaetocauda",30.9,"GenusAverage",3
"Chaetocercus",3.825,"GenusAverage",8
"Chaetocnema",5e-04,"GenusAverage",1
"Chaetodermis",489.4,"GenusAverage",1
"Chaetodipterus",594.2,"GenusAverage",0
"Chaetodipus",21.39,"GenusAverage",77
"Chaetodon",92.65,"GenusAverage",4
"Chaetodontoplus",105.3,"GenusAverage",4
"Chaetomys",1300,"GenusAverage",5
"Chaetophractus",2326,"GenusAverage",21
"Chaetops",54.59,"GenusAverage",5
"Chaetoptila",97,"GenusAverage",1
"Chaetorhynchus",37.19,"GenusAverage",3
"Chaetornis",32,"GenusAverage",1
"Chaetostoma",94.55,"GenusAverage",2
"Chaetura",18.55,"GenusAverage",28
"Chaeturichthys",61.62,"GenusAverage",1
"Chaimarrornis",30.04,"GenusAverage",1
"Chalarodon",9.814,"GenusAverage",6
"Chalceus",313.1,"GenusAverage",2
"Chalcides",27.68,"GenusAverage",82
"Chalcidoseps",17.14,"GenusAverage",2
"Chalcomitra",11.63,"GenusAverage",7
"Chalcoparia",8.2,"GenusAverage",1
"Chalcophaps",133.2,"GenusAverage",7
"Chalcopsitta",201.9,"GenusAverage",9
"Chalcorana",5.343,"GenusAverage",5
"Chalcostigma",5.945,"GenusAverage",11
"Chalinolobus",9.955,"GenusAverage",26
"Challengerosergia",0.202,"GenusAverage",1
"Chalybura",6.66,"GenusAverage",6
"Chamaea",14.81,"GenusAverage",4
"Chamaeleo",97.3,"GenusAverage",45
"Chamaelycus",18.6,"GenusAverage",4
"Chamaepetes",931.7,"GenusAverage",4
"Chamaesaura",12.27,"GenusAverage",14
"Chamaeza",85.4,"GenusAverage",12
"Chamelea",3.085,"GenusAverage",2
"Champsocephalus",1307,"GenusAverage",2
"Chanda",3.45,"GenusAverage",1
"Channa",5730,"GenusAverage",21
"Channichthys",415.5,"GenusAverage",2
"Chanodichthys",6000,"GenusAverage",4
"Chanos",26650,"GenusAverage",4
"Chaoborys",0.0002558,"GenusAverage",1
"Chapinophis",30.7,"GenusAverage",1
"Chara",10,"GenusAverage",1
"Characidium",6.349,"GenusAverage",7
"Charadrius",59.82,"GenusAverage",95
"Charax",10220,"GenusAverage",1
"Charcharhinus",346500,"GenusAverage",0
"Charina",295.9,"GenusAverage",6
"Charitospiza",6.5,"GenusAverage",1
"Charmosyna",40.03,"GenusAverage",22
"Chartoscirta",0.001592,"GenusAverage",1
"Charybdis",211.4,"GenusAverage",4
"Chascanopsetta",423.6,"GenusAverage",2
"Chasiempis",14.1,"GenusAverage",5
"Chasmistes",1496,"GenusAverage",1
"Chatogekko",0.47,"GenusAverage",3
"Chauliodus",57.54,"GenusAverage",3
"Chauna",3332,"GenusAverage",5
"Chaunax",1091,"GenusAverage",3
"Cheilinus",110600,"GenusAverage",4
"Cheilobarbus",3040,"GenusAverage",1
"Cheilodipterus",17.56,"GenusAverage",2
"Cheilopogon",348.3,"GenusAverage",6
"Cheilotrema",385,"GenusAverage",1
"Cheimerius",2996,"GenusAverage",1
"Cheirodontops",0.9732,"GenusAverage",0
"Cheirogaleus",322.1,"GenusAverage",30
"Cheiromeles",155.7,"GenusAverage",7
"Cheironectes",950,"GenusAverage",1
"Chelemys",53.69,"GenusAverage",10
"Chelictinia",110,"GenusAverage",2
"Chelidonichthys",2527,"GenusAverage",6
"Chelidoperca",3.6,"GenusAverage",1
"Chelidoptera",35.58,"GenusAverage",2
"Chelidorhynx",10.1,"GenusAverage",2
"Chelmon",175.6,"GenusAverage",1
"Chelodactylus",348,"GenusAverage",1
"Chelodina",1409,"GenusAverage",19
"Chelon",1347,"GenusAverage",2
"Chelonia",131900,"GenusAverage",6
"Chelonodon",731,"GenusAverage",2
"Chelonoidis",145800,"GenusAverage",12
"Chelosania",55.89,"GenusAverage",2
"Chelus",4407,"GenusAverage",1
"Chelydra",6906,"GenusAverage",8
"Chen",2221,"GenusAverage",10
"Chendol",0.1986,"GenusAverage",0
"Chenonetta",810.4,"GenusAverage",4
"Chenorhamphus",12.6,"GenusAverage",2
"Cheracebus",1342,"GenusAverage",6
"Cheramoeca",14.08,"GenusAverage",2
"Chersina",715,"GenusAverage",1
"Chersodromus",11.75,"GenusAverage",2
"Chersomanes",24.73,"GenusAverage",4
"Chersophilus",39.4,"GenusAverage",2
"Chibchanomys",43.75,"GenusAverage",5
"Chilabothrus",5581,"GenusAverage",11
"Chilocorus",0.000742,"GenusAverage",1
"Chilodus",70.5,"GenusAverage",1
"Chilomeniscus",6.606,"GenusAverage",4
"Chilomycterus",2965,"GenusAverage",2
"Chilomys",19,"GenusAverage",4
"Chilonatalus",3.493,"GenusAverage",8
"Chilorhinophis",19.6,"GenusAverage",2
"Chiloscyllium",774,"GenusAverage",1
"Chimaera",1375,"GenusAverage",1
"Chimarrogale",35.18,"GenusAverage",20
"Chinchilla",484.3,"GenusAverage",14
"Chinchillula",169.8,"GenusAverage",4
"Chioglossa",2,"GenusAverage",1
"Chionactis",15.24,"GenusAverage",6
"Chione",5.23,"GenusAverage",1
"Chioninia",207,"GenusAverage",15
"Chionis",643.1,"GenusAverage",7
"Chionobathyscus",1896,"GenusAverage",1
"Chionodraco",1019,"GenusAverage",7
"Chionoecetes",1448,"GenusAverage",2
"Chionomys",79.41,"GenusAverage",9
"Chirindia",1.369,"GenusAverage",11
"Chirocentrodon",19.3,"GenusAverage",1
"Chirocentrus",2168,"GenusAverage",2
"Chirodactylus",1035,"GenusAverage",1
"Chiroderma",23.58,"GenusAverage",20
"Chirolophis",1137,"GenusAverage",2
"Chiromantis",3.242,"GenusAverage",2
"Chiromyscus",77.8,"GenusAverage",2
"Chironax",17.01,"GenusAverage",4
"Chironectes",888.5,"GenusAverage",6
"Chironex",2000,"GenusAverage",1
"Chironius",869.3,"GenusAverage",29
"Chironomidae",0.0002199,"GenusAverage",1
"Chiropodomys",28.79,"GenusAverage",24
"Chiropotes",2826,"GenusAverage",28
"Chiropsalmus",257.7,"GenusAverage",1
"Chirostoma",13.99,"GenusAverage",7
"Chiroteuthis",67.28,"GenusAverage",5
"Chiroxiphia",19.24,"GenusAverage",16
"Chiruromys",65.85,"GenusAverage",13
"Chitala",11720,"GenusAverage",7
"Chitra",129500,"GenusAverage",3
"Chlamydera",154.4,"GenusAverage",13
"Chlamydochaera",59.61,"GenusAverage",1
"Chlamydomonas",0.00015,"GenusAverage",1
"Chlamydosaurus",795.9,"GenusAverage",4
"Chlamydotherium",175000,"GenusAverage",1
"Chlamydotis",1491,"GenusAverage",6
"Chlamyphorus",59.99,"GenusAverage",6
"Chleuasicus",16.83,"GenusAverage",1
"Chlidichthys",0.52,"GenusAverage",1
"Chlidonias",75.33,"GenusAverage",12
"Chloebia",13.8,"GenusAverage",1
"Chloephaga",2383,"GenusAverage",15
"Chlorestes",3.75,"GenusAverage",3
"Chloris",20.76,"GenusAverage",5
"Chlorocebus",4537,"GenusAverage",30
"Chloroceryle",56.71,"GenusAverage",11
"Chlorocharis",13.9,"GenusAverage",2
"Chlorochrysa",19.51,"GenusAverage",6
"Chlorocichla",44.33,"GenusAverage",15
"Chlorodrepanis",14.36,"GenusAverage",6
"Chlorohydra",2e-04,"GenusAverage",1
"Chloropeta",11.05,"GenusAverage",5
"Chlorophanes",18.92,"GenusAverage",3
"Chlorophoneus",35.2,"GenusAverage",5
"Chlorophonia",18.76,"GenusAverage",10
"Chlorophthalmus",289.7,"GenusAverage",2
"Chloropsis",30.47,"GenusAverage",22
"Chlorornis",53,"GenusAverage",2
"Chloroscombrus",10.8,"GenusAverage",0
"Chlorospingus",22.33,"GenusAverage",18
"Chlorostilbon",3.186,"GenusAverage",33
"Chlorotalpa",40.91,"GenusAverage",7
"Chlorothraupis",38.88,"GenusAverage",8
"Chlorurus",2550,"GenusAverage",6
"Chodsigoa",20.76,"GenusAverage",18
"Choerodon",18060,"GenusAverage",2
"Choeroniscus",8.793,"GenusAverage",10
"Choeronycteris",18.26,"GenusAverage",5
"Choeropsis",231300,"GenusAverage",2
"Choloepus",5474,"GenusAverage",16
"Cholornis",34,"GenusAverage",1
"Chondestes",24.8,"GenusAverage",7
"Chondrodactylus",16.94,"GenusAverage",11
"Chondrohierax",281.7,"GenusAverage",6
"Chondrostoma",692.2,"GenusAverage",7
"Chordeiles",71.11,"GenusAverage",14
"Choridactylus",64,"GenusAverage",1
"Chorismus",5.79,"GenusAverage",3
"Choristoneura",0.07848,"GenusAverage",4
"Chorthippus",0.03013,"GenusAverage",2
"Christinus",10.24,"GenusAverage",9
"Chroicocephalus",315.2,"GenusAverage",18
"Chromis",40.7,"GenusAverage",3
"Chromobotia",469,"GenusAverage",2
"Chromulina",3.03e-11,"GenusAverage",1
"Chroococcus",7.745e-10,"GenusAverage",2
"Chrosomus",3.3,"GenusAverage",2
"Chrotogale",3102,"GenusAverage",7
"Chrotomys",140.6,"GenusAverage",14
"Chrotopterus",80.17,"GenusAverage",6
"Chrysaora",1737,"GenusAverage",3
"Chrysemys",293.7,"GenusAverage",6
"Chrysichthys",11020,"GenusAverage",4
"Chrysiptera",60.3,"GenusAverage",1
"Chrysoblephus",1933,"GenusAverage",3
"Chrysochir",394.2,"GenusAverage",1
"Chrysochloris",39.34,"GenusAverage",14
"Chrysococcyx",25.09,"GenusAverage",40
"Chrysocolaptes",174.4,"GenusAverage",10
"Chrysocyon",22810,"GenusAverage",9
"Chrysolampis",4.004,"GenusAverage",3
"Chrysolophus",674.6,"GenusAverage",9
"Chrysomma",18.76,"GenusAverage",4
"Chrysomus",32.33,"GenusAverage",6
"Chrysopelea",274.8,"GenusAverage",10
"Chrysophlegma",129.2,"GenusAverage",3
"Chrysophrys",13800,"GenusAverage",2
"Chrysops",0.005311,"GenusAverage",1
"Chrysospalax",283.9,"GenusAverage",11
"Chrysothlypis",12.91,"GenusAverage",4
"Chrysotoxum",0.0118,"GenusAverage",1
"Chrysotus",1e-04,"GenusAverage",1
"Chrysuronia",4.635,"GenusAverage",5
"Chthonicola",13.43,"GenusAverage",3
"Chunga",1300,"GenusAverage",3
"Cicadella",0.003712,"GenusAverage",1
"Ciccaba",485,"GenusAverage",1
"Cichla",6519,"GenusAverage",8
"Cichladusa",29.16,"GenusAverage",12
"Cichlasoma",137.1,"GenusAverage",3
"Cichlocolaptes",50,"GenusAverage",1
"Cichlopsis",52.27,"GenusAverage",2
"Cicindela",0.07841,"GenusAverage",7
"Cicinnurus",67.12,"GenusAverage",6
"Ciconia",2983,"GenusAverage",29
"Cinclidium",26.16,"GenusAverage",4
"Cinclocerthia",60.86,"GenusAverage",4
"Cinclodes",48.68,"GenusAverage",30
"Cincloramphus",45.68,"GenusAverage",3
"Cinclosoma",71.79,"GenusAverage",24
"Cinclus",51.75,"GenusAverage",21
"Cincticostella",0.01772,"GenusAverage",0
"Cinnycerthia",22.39,"GenusAverage",8
"Cinnyricinclus",44.18,"GenusAverage",7
"Cinnyris",8.584,"GenusAverage",49
"Circaetus",1419,"GenusAverage",19
"Circus",474,"GenusAverage",55
"Cirrhilabrus",2000,"GenusAverage",1
"Cirrhinus",7721,"GenusAverage",6
"Cirrhitichthys",28.73,"GenusAverage",1
"Cissa",145,"GenusAverage",4
"Cissomela",10.08,"GenusAverage",1
"Cissopis",77.35,"GenusAverage",2
"Cisticola",12.46,"GenusAverage",129
"Cistothorus",11.72,"GenusAverage",13
"Cistugo",5.887,"GenusAverage",4
"Citharichthys",24420,"GenusAverage",1
"Citharinus",2042,"GenusAverage",2
"Cittura",147,"GenusAverage",1
"Civettictis",11340,"GenusAverage",9
"Cladonia",50,"GenusAverage",1
"Cladorhynchus",226.9,"GenusAverage",3
"Clamator",106.5,"GenusAverage",9
"Clanga",1599,"GenusAverage",3
"Clangula",719.4,"GenusAverage",7
"Claravis",67.6,"GenusAverage",6
"Clarias",13070,"GenusAverage",8
"Claudius",183.3,"GenusAverage",2
"Cleisthenes",1224,"GenusAverage",2
"Clelia",801.7,"GenusAverage",11
"Clemmys",203.2,"GenusAverage",2
"Clepticus",155.4,"GenusAverage",0
"Cleptornis",20.2,"GenusAverage",2
"Clethra",40000,"GenusAverage",1
"Clethrionomys",23.61,"GenusAverage",8
"Cleyera",497800,"GenusAverage",1
"Clibanornis",47.96,"GenusAverage",2
"Clidoderma",4212,"GenusAverage",2
"Climacteris",29.59,"GenusAverage",22
"Clinocottus",4.993,"GenusAverage",0
"Cliona",4000,"GenusAverage",1
"Clione",0.3996,"GenusAverage",1
"Cliopsis",1.775,"GenusAverage",1
"Cloeon",0.0006172,"GenusAverage",1
"Cloeotis",4.103,"GenusAverage",4
"Clonophis",47.2,"GenusAverage",3
"Closteriopsis",2.166e-10,"GenusAverage",1
"Clubiona",0.005723,"GenusAverage",5
"Clupanodon",200.8,"GenusAverage",2
"Clupea",552.4,"GenusAverage",2
"Clupeonella",24.85,"GenusAverage",4
"Clupisoma",370.6,"GenusAverage",2
"Clyomys",115.5,"GenusAverage",8
"Clypicterus",137.7,"GenusAverage",1
"Clytoceyx",242,"GenusAverage",2
"Clytoctantes",31,"GenusAverage",3
"Clytolaema",7.9,"GenusAverage",2
"Clytomyias",12.3,"GenusAverage",2
"Clytorhynchus",40.22,"GenusAverage",8
"Clytospiza",14.85,"GenusAverage",3
"Cnemarchus",41,"GenusAverage",1
"Cnemaspis",2.608,"GenusAverage",257
"Cnemidophorus",34.82,"GenusAverage",55
"Cnemophilus",104,"GenusAverage",5
"Cnemoscopus",18,"GenusAverage",2
"Cnemotriccus",13.6,"GenusAverage",3
"Cnidoglanis",1937,"GenusAverage",2
"Cnipodectes",29.8,"GenusAverage",3
"Cobitis",18.36,"GenusAverage",15
"Cocconeis",8.698e-10,"GenusAverage",1
"Coccopygia",7,"GenusAverage",3
"Coccothraustes",53.51,"GenusAverage",10
"Coccycolius",69,"GenusAverage",1
"Coccycua",39.18,"GenusAverage",6
"Coccymys",35.18,"GenusAverage",6
"Coccyzus",81.58,"GenusAverage",38
"Cochlearius",676.4,"GenusAverage",4
"Cochlicopa",0.0069,"GenusAverage",1
"Cochoa",111.4,"GenusAverage",6
"Cociella",731.7,"GenusAverage",1
"Cocotropus",5.25,"GenusAverage",1
"Codium",5.75,"GenusAverage",3
"Coeligena",6.89,"GenusAverage",28
"Coelodonta",2829000,"GenusAverage",3
"Coelognathus",592.5,"GenusAverage",9
"Coelops",6.97,"GenusAverage",8
"Coelorinchus",192.6,"GenusAverage",1
"Coenagrion",0.0069,"GenusAverage",2
"Coendou",1954,"GenusAverage",32
"Coenobita",80,"GenusAverage",1
"Coenocorypha",103,"GenusAverage",11
"Coeranoscincus",28.48,"GenusAverage",4
"Coereba",10,"GenusAverage",5
"Coggeria",9.853,"GenusAverage",2
"Coilia",70.13,"GenusAverage",9
"Colaptes",108.3,"GenusAverage",29
"Coleodactylus",0.5305,"GenusAverage",11
"Coleonyx",12.72,"GenusAverage",27
"Coleura",10.64,"GenusAverage",8
"Colibri",6.388,"GenusAverage",12
"Colinus",139.8,"GenusAverage",15
"Colistium",1500,"GenusAverage",1
"Colius",47.46,"GenusAverage",16
"Collichthys",41.95,"GenusAverage",4
"Collocalia",12.02,"GenusAverage",40
"Collorhabdium",5.5,"GenusAverage",1
"Colluricincla",49.97,"GenusAverage",19
"Colobodactylus",4.558,"GenusAverage",4
"Colobonema",13.66,"GenusAverage",1
"Colobosaura",2.498,"GenusAverage",3
"Colobosauroides",1.49,"GenusAverage",4
"Colobus",9445,"GenusAverage",38
"Coloconger",4519,"GenusAverage",1
"Coloeus",227,"GenusAverage",3
"Cololabis",170,"GenusAverage",2
"Colomesus",229.2,"GenusAverage",2
"Colomys",60.99,"GenusAverage",6
"Colonia",17.71,"GenusAverage",3
"Coloptychon",59.5,"GenusAverage",2
"Colopus",4.099,"GenusAverage",5
"Coloradia",0.8565,"GenusAverage",1
"Colorhamphus",10.6,"GenusAverage",2
"Colossoma",33290,"GenusAverage",1
"Coluber",1258,"GenusAverage",25
"Colubroelaps",20.2,"GenusAverage",1
"Columba",327.2,"GenusAverage",95
"Columbina",44.44,"GenusAverage",22
"Colus",21.3,"GenusAverage",1
"Colymbetes",0.114,"GenusAverage",1
"Comephorus",19.2,"GenusAverage",1
"Complicitus",14.28,"GenusAverage",2
"Compsophis",34.39,"GenusAverage",8
"Compsospiza",39.37,"GenusAverage",3
"Compsothraupis",72.49,"GenusAverage",2
"Conchoecia",0.000176,"GenusAverage",1
"Concholepas",461.4,"GenusAverage",1
"Concinnia",13.35,"GenusAverage",19
"Condylura",59.98,"GenusAverage",9
"Conepatus",2081,"GenusAverage",27
"Conger",8808,"GenusAverage",5
"Congolacerta",5.132,"GenusAverage",4
"Congosorex",7.467,"GenusAverage",3
"Congresox",5780,"GenusAverage",1
"Congrogadus",559.7,"GenusAverage",1
"Conilurus",188.2,"GenusAverage",11
"Coniophanes",38.04,"GenusAverage",17
"Conioptilon",90,"GenusAverage",2
"Conirostrum",10.55,"GenusAverage",19
"Connochaetes",167200,"GenusAverage",19
"Conocara",266.5,"GenusAverage",2
"Conocephalus",0.01213,"GenusAverage",2
"Conochiloides",1.6e-07,"GenusAverage",1
"Conochiluides",1.6e-07,"GenusAverage",1
"Conochilus",7.317e-06,"GenusAverage",2
"Conodon",53.2,"GenusAverage",0
"Conolophus",5141,"GenusAverage",10
"Conophis",140.8,"GenusAverage",3
"Conopias",23.78,"GenusAverage",7
"Conopophaga",26.13,"GenusAverage",18
"Conopophila",10.77,"GenusAverage",9
"Conopsis",6.945,"GenusAverage",7
"Conorhynchos",4850,"GenusAverage",1
"Conostoma",84,"GenusAverage",2
"Conothraupis",25.12,"GenusAverage",3
"Conraua",649.2,"GenusAverage",3
"Contia",19.44,"GenusAverage",4
"Contomastix",10.18,"GenusAverage",12
"Contopus",15.75,"GenusAverage",39
"Conuropsis",160,"GenusAverage",3
"Conus",38.8,"GenusAverage",1
"Cookeolus",1144,"GenusAverage",1
"Copadichromis",71.45,"GenusAverage",2
"Copella",0.3008,"GenusAverage",1
"Copeoglossum",29.92,"GenusAverage",11
"Cophecheilus",12.4,"GenusAverage",1
"Cophosaurus",15.6,"GenusAverage",5
"Cophoscincopus",4.68,"GenusAverage",9
"Cophotis",8.108,"GenusAverage",4
"Copsychus",33.94,"GenusAverage",23
"Coptodon",1300,"GenusAverage",1
"Coracias",134.1,"GenusAverage",25
"Coracina",71.15,"GenusAverage",100
"Coracopsis",358,"GenusAverage",7
"Coracornis",35.02,"GenusAverage",2
"Coragyps",1828,"GenusAverage",6
"Corallus",3358,"GenusAverage",12
"Corapipo",10.56,"GenusAverage",6
"Corbicula",0.5358,"GenusAverage",1
"Corcorax",364,"GenusAverage",3
"Cordia",620000,"GenusAverage",1
"Cordulegaster",0.009725,"GenusAverage",1
"Cordylosaurus",3.878,"GenusAverage",2
"Cordylus",16.78,"GenusAverage",52
"Coregonus",2329,"GenusAverage",35
"Coreius",1259,"GenusAverage",3
"Coreobagrus",5.8,"GenusAverage",1
"Coreoleuciscus",30.2,"GenusAverage",1
"Coreoperca",92.4,"GenusAverage",4
"Cormobates",23.6,"GenusAverage",7
"Cormura",9.212,"GenusAverage",4
"Coronelaps",29.1,"GenusAverage",1
"Coronella",77.96,"GenusAverage",6
"Correlophus",38.94,"GenusAverage",6
"Corucia",1045,"GenusAverage",4
"Corvinella",73.99,"GenusAverage",3
"Corvus",474.4,"GenusAverage",149
"Corydalus",0.01,"GenusAverage",0
"Corydon",140,"GenusAverage",2
"Corydoras",4.909,"GenusAverage",12
"Corynoneura",3.54e-06,"GenusAverage",1
"Corynopoma",4.693,"GenusAverage",0
"Corynorhinus",9.373,"GenusAverage",14
"Coryphaena",9186,"GenusAverage",1
"Coryphaennoides",450,"GenusAverage",1
"Coryphaenoides",869.8,"GenusAverage",4
"Coryphaspiza",15.7,"GenusAverage",2
"Coryphistera",29.88,"GenusAverage",2
"Coryphomys",1597,"GenusAverage",2
"Coryphophylax",27.72,"GenusAverage",4
"Coryphopterus",4.223,"GenusAverage",0
"Coryphospingus",14.71,"GenusAverage",4
"Corystes",19,"GenusAverage",1
"Corythaeola",957.6,"GenusAverage",3
"Corythaixoides",240.7,"GenusAverage",9
"Corythoichthys",1.8,"GenusAverage",1
"Corythopis",14.51,"GenusAverage",4
"Corythornis",16.42,"GenusAverage",5
"Corytophanes",1848,"GenusAverage",8
"Coscinasterias",424.5,"GenusAverage",0
"Coscoroba",4270,"GenusAverage",4
"Coslenchus",1.36e-07,"GenusAverage",1
"Cosmarium",3.71e-09,"GenusAverage",1
"Cosmasterias",250,"GenusAverage",0
"Cosmopsarus",59.07,"GenusAverage",4
"Cossypha",35.11,"GenusAverage",45
"Cossyphicula",34,"GenusAverage",1
"Costaria",39,"GenusAverage",1
"Cosymbotus",2.815,"GenusAverage",1
"Cotinga",63.39,"GenusAverage",15
"Cottiusculus",5.1,"GenusAverage",1
"Cottocomephorus",52,"GenusAverage",1
"Cottunculus",14.65,"GenusAverage",0
"Cottus",42.54,"GenusAverage",20
"Coturnicops",44.83,"GenusAverage",9
"Coturnix",92.92,"GenusAverage",31
"Coua",212.4,"GenusAverage",17
"Couesius",119,"GenusAverage",1
"Cracticus",123.8,"GenusAverage",17
"Crangon",0.7,"GenusAverage",1
"Cranioleuca",16.24,"GenusAverage",41
"Cranoglanis",2200,"GenusAverage",2
"Craseonycteris",2.043,"GenusAverage",5
"Craspedacusta",2.5,"GenusAverage",1
"Craterocephalus",1.219,"GenusAverage",2
"Crateromys",751.7,"GenusAverage",10
"Crateroscelis",15.77,"GenusAverage",6
"Cratogeomys",307.9,"GenusAverage",31
"Craugastor",13.28,"GenusAverage",1
"Crax",2990,"GenusAverage",20
"CrayVertebrate",50,"GenusAverage",1
"Creagrus",687,"GenusAverage",2
"Creagrutus",4.4,"GenusAverage",2
"Creatophora",73.23,"GenusAverage",3
"Crecopsis",127.1,"GenusAverage",3
"Cremnomys",50.33,"GenusAverage",7
"Crenadactylus",0.7083,"GenusAverage",9
"Crenichthys",8.9,"GenusAverage",1
"Crenicichla",254.5,"GenusAverage",10
"Crenimugil",4481,"GenusAverage",1
"Creteuchiloglanis",40.45,"GenusAverage",2
"Creurgops",21.88,"GenusAverage",4
"Crex",139.8,"GenusAverage",5
"Cribroheros",56.94,"GenusAverage",0
"Cricetomys",1352,"GenusAverage",13
"Cricetulus",29.11,"GenusAverage",18
"Cricetus",412.7,"GenusAverage",9
"Cricosaura",1.211,"GenusAverage",2
"Cricotopus",1.64e-05,"GenusAverage",1
"Crinifer",449.7,"GenusAverage",5
"Criniger",34.83,"GenusAverage",13
"Crisantophis",171.7,"GenusAverage",1
"Crithagra",17.1,"GenusAverage",36
"Crocias",45,"GenusAverage",2
"Crocidura",12.25,"GenusAverage",463
"Crocodilurus",804.1,"GenusAverage",3
"Crocodylus",198900,"GenusAverage",29
"Crocuta",58010,"GenusAverage",12
"Crossarchus",1042,"GenusAverage",18
"Crossaster",81,"GenusAverage",0
"Crossleyia",19.68,"GenusAverage",2
"Crossobamon",4.701,"GenusAverage",5
"Crossocheilus",67.9,"GenusAverage",5
"Crossodactylus",4.1,"GenusAverage",0
"Crossomys",166.1,"GenusAverage",4
"Crossoptilon",1940,"GenusAverage",11
"Crossorhombus",40.37,"GenusAverage",3
"Crossota",0.571,"GenusAverage",1
"Crotalus",993.8,"GenusAverage",81
"Crotaphopeltis",53.46,"GenusAverage",12
"Crotaphytus",45.39,"GenusAverage",33
"Crotophaga",113,"GenusAverage",12
"Crunomys",41.86,"GenusAverage",9
"Cryodraco",250.7,"GenusAverage",1
"Cryophis",74.6,"GenusAverage",1
"Crypsirina",157,"GenusAverage",2
"Cryptacanthodes",52,"GenusAverage",1
"Cryptachaea",0.022,"GenusAverage",0
"Cryptactites",0.592,"GenusAverage",2
"Cryptagama",2.999,"GenusAverage",2
"Cryptillas",10,"GenusAverage",1
"Cryptobium",2e-04,"GenusAverage",1
"Cryptoblepharus",1.595,"GenusAverage",129
"Cryptobranchus",1003,"GenusAverage",4
"Cryptocentrus",8.5,"GenusAverage",1
"Cryptochelys",338.2,"GenusAverage",6
"Cryptochloris",23.78,"GenusAverage",5
"Cryptoheros",37.4,"GenusAverage",1
"Cryptoleucopteryx",482,"GenusAverage",1
"Cryptomonas",7.624e-10,"GenusAverage",4
"Cryptomys",138.3,"GenusAverage",34
"Cryptonanus",21.07,"GenusAverage",6
"Cryptophaps",467,"GenusAverage",1
"Cryptophis",152.8,"GenusAverage",8
"Cryptoprocta",13500,"GenusAverage",10
"Cryptopsaras",7.9,"GenusAverage",1
"Cryptospiza",14.06,"GenusAverage",11
"Cryptosylvicola",8.587,"GenusAverage",2
"Cryptotis",8.67,"GenusAverage",83
"Crypturellus",400.5,"GenusAverage",47
"Crystallogobius",0.8,"GenusAverage",1
"Ctenoblepharys",11.18,"GenusAverage",2
"Ctenochaetus",282.7,"GenusAverage",3
"Ctenodactylus",226.7,"GenusAverage",12
"Ctenogobius",3.96,"GenusAverage",1
"Ctenolabrus",71.7,"GenusAverage",1
"Ctenomys",253.4,"GenusAverage",202
"Ctenopharyngodon",13270,"GenusAverage",3
"Ctenophorus",18.35,"GenusAverage",72
"Ctenopoma",68.75,"GenusAverage",1
"Ctenosaura",1121,"GenusAverage",40
"Ctenosciaena",77.2,"GenusAverage",1
"Ctenotrypauchen",20,"GenusAverage",2
"Ctenotus",8.679,"GenusAverage",232
"Cubiceps",317,"GenusAverage",3
"Cubophis",266.7,"GenusAverage",6
"Cuculus",87.73,"GenusAverage",39
"Cuenotaster",83.49,"GenusAverage",1
"Culaea",7.8,"GenusAverage",1
"Culex",0.0008218,"GenusAverage",2
"Culicicapa",8.017,"GenusAverage",5
"Culicivora",8,"GenusAverage",1
"Culter",3720,"GenusAverage",4
"Cuniculus",8823,"GenusAverage",12
"Cuon",15410,"GenusAverage",9
"Cuora",620.1,"GenusAverage",14
"Curaeus",86.82,"GenusAverage",4
"Curculionichthys",0.67,"GenusAverage",1
"Curimata",324.8,"GenusAverage",3
"Curimatella",124.2,"GenusAverage",2
"Curimatopsis",0.5,"GenusAverage",1
"Curruca",16.65,"GenusAverage",2
"Cursorius",105.5,"GenusAverage",13
"Cuscomys",557,"GenusAverage",2
"Cutia",47.32,"GenusAverage",4
"Cuvieronius",5303000,"GenusAverage",3
"Cyanea",1131,"GenusAverage",0
"Cyanerpes",11.56,"GenusAverage",11
"Cyanicterus",34,"GenusAverage",2
"Cyanistes",12.08,"GenusAverage",6
"Cyanochen",1850,"GenusAverage",3
"Cyanocitta",84.27,"GenusAverage",12
"Cyanocompsa",24.13,"GenusAverage",8
"Cyanocorax",165.7,"GenusAverage",40
"Cyanoderma",10.3,"GenusAverage",1
"Cyanolanius",22.2,"GenusAverage",2
"Cyanolimnas",175,"GenusAverage",1
"Cyanoliseus",276.3,"GenusAverage",3
"Cyanoloxia",18.09,"GenusAverage",2
"Cyanolyca",129,"GenusAverage",18
"Cyanomitra",12.77,"GenusAverage",7
"Cyanophaia",4.5,"GenusAverage",2
"Cyanopica",86.2,"GenusAverage",6
"Cyanopsitta",240,"GenusAverage",4
"Cyanoptila",22.67,"GenusAverage",4
"Cyanoramphus",83.22,"GenusAverage",22
"Cyanositta",85,"GenusAverage",1
"Cyclarhis",30.27,"GenusAverage",4
"Cyclemys",1040,"GenusAverage",6
"Cycleptus",6332,"GenusAverage",3
"Cyclocheilichthys",1913,"GenusAverage",3
"Cyclocorus",17.7,"GenusAverage",2
"Cycloderma",14590,"GenusAverage",1
"Cyclodomorphus",153.4,"GenusAverage",19
"Cyclopes",341.2,"GenusAverage",9
"Cyclophiops",116.8,"GenusAverage",6
"Cyclops",3.256e-05,"GenusAverage",3
"Cyclopsetta",168,"GenusAverage",1
"Cyclopsitta",35.09,"GenusAverage",6
"Cyclopterus",782,"GenusAverage",1
"Cyclorrhynchus",290.6,"GenusAverage",2
"Cyclosa",0.01065,"GenusAverage",0
"Cyclosalpa",10,"GenusAverage",1
"Cycloteuthis",273,"GenusAverage",2
"Cyclothone",0.4927,"GenusAverage",1
"Cyclotyphlops",1.1,"GenusAverage",1
"Cyclura",6940,"GenusAverage",27
"Cyema",180,"GenusAverage",1
"Cygnodraco",285.9,"GenusAverage",0
"Cygnus",7284,"GenusAverage",43
"Cylindrophis",131.9,"GenusAverage",15
"Cyllopus",0.242,"GenusAverage",1
"Cymatoceps",13000,"GenusAverage",1
"Cymatogaster",149,"GenusAverage",1
"Cymatopleura",3.291e-09,"GenusAverage",1
"Cymbella",2.594e-10,"GenusAverage",2
"Cymbilaimus",34.24,"GenusAverage",4
"Cymbirhynchus",59.4,"GenusAverage",2
"Cymodocea",0.1069,"GenusAverage",3
"Cynanthus",3.541,"GenusAverage",9
"Cynictis",685.8,"GenusAverage",8
"Cynisca",2.6,"GenusAverage",40
"Cynocephalus",1143,"GenusAverage",7
"Cynodon",328.8,"GenusAverage",1
"Cynodonichthys",3.467,"GenusAverage",1
"Cynogale",4224,"GenusAverage",7
"Cynoglossum",2.817,"GenusAverage",1
"Cynoglossus",405.8,"GenusAverage",24
"Cynolebias",0.7947,"GenusAverage",3
"Cynomops",19.49,"GenusAverage",17
"Cynomys",952.3,"GenusAverage",34
"Cynopoecilus",0.6264,"GenusAverage",0
"Cynoponticus",3709,"GenusAverage",2
"Cynopotamus",272.8,"GenusAverage",2
"Cynops",16.52,"GenusAverage",4
"Cynopterus",45.55,"GenusAverage",31
"Cynoscion",3027,"GenusAverage",8
"Cynotherium",11070,"GenusAverage",1
"Cyornis",22.38,"GenusAverage",34
"Cyphocaris",0.6655,"GenusAverage",3
"Cyphocharax",131.2,"GenusAverage",4
"Cyphomyrus",321.6,"GenusAverage",1
"Cyphorhinus",25.86,"GenusAverage",6
"Cyprinella",8.735,"GenusAverage",4
"Cyprinion",2121,"GenusAverage",1
"Cyprinodon",6.466,"GenusAverage",10
"Cyprinus",4023,"GenusAverage",8
"Cypseloides",48.58,"GenusAverage",21
"Cypselurus",111,"GenusAverage",1
"Cypsiurus",12.48,"GenusAverage",4
"Cypsnagra",32.05,"GenusAverage",2
"Cyrtodactylus",15.51,"GenusAverage",464
"Cyrtonyx",197.4,"GenusAverage",7
"Cyrtophora",0.418,"GenusAverage",0
"Cyrtopodion",3.547,"GenusAverage",52
"Cystophora",242700,"GenusAverage",11
"Cystoseira",0.31,"GenusAverage",1
"Cytilus",0.00221,"GenusAverage",1
"Cyttarops",5.3,"GenusAverage",4
"Daboia",1521,"GenusAverage",12
"Dacelo",230.8,"GenusAverage",12
"Dacnis",12.06,"GenusAverage",17
"Dacnomys",179.4,"GenusAverage",1
"Dactylocnemis",20.14,"GenusAverage",3
"Dactylococcopsis",1.32e-10,"GenusAverage",1
"Dactylomys",584.7,"GenusAverage",13
"Dactylonax",378.5,"GenusAverage",2
"Dactylopsila",324.1,"GenusAverage",21
"Dactyloptena",473.6,"GenusAverage",4
"Dactylopterus",71.3,"GenusAverage",1
"Dactylortyx",206.8,"GenusAverage",2
"Dagetichthys",468000,"GenusAverage",0
"Dallia",348.7,"GenusAverage",2
"Dalmatolacerta",7.514,"GenusAverage",3
"Dalophia",185.2,"GenusAverage",12
"Dama",61760,"GenusAverage",15
"Damaliscus",100300,"GenusAverage",25
"Damophila",3.337,"GenusAverage",3
"Danacetichthys",0.8,"GenusAverage",1
"Danio",9.544,"GenusAverage",7
"Daphnia",0.0001898,"GenusAverage",8
"Daphoenositta",13.23,"GenusAverage",7
"Daption",367.8,"GenusAverage",8
"Daptrius",357.1,"GenusAverage",2
"Darevskia",7.054,"GenusAverage",90
"Dario",0.2,"GenusAverage",1
"Dascyllus",24.15,"GenusAverage",2
"Dasia",28.43,"GenusAverage",21
"Dasyatis",167900,"GenusAverage",4
"Dasycercus",86.91,"GenusAverage",10
"Dasycottus",4104,"GenusAverage",2
"Dasycrotapha",11.34,"GenusAverage",4
"Dasykaluta",30.32,"GenusAverage",7
"Dasylophus",146.4,"GenusAverage",2
"Dasymys",111.2,"GenusAverage",15
"Dasyornis",48.21,"GenusAverage",9
"Dasypeltis",92.18,"GenusAverage",16
"Dasyprocta",2876,"GenusAverage",57
"Dasypus",7014,"GenusAverage",44
"Dasyscopelus",6.661,"GenusAverage",1
"Dasyuroides",107.7,"GenusAverage",10
"Dasyurus",1179,"GenusAverage",40
"Datnioides",889.7,"GenusAverage",2
"Daubentonia",7316,"GenusAverage",11
"Dawkinsia",50,"GenusAverage",1
"Deania",8700,"GenusAverage",0
"Decapterus",824.8,"GenusAverage",7
"Deckertichthys",53,"GenusAverage",1
"Deconychura",21.02,"GenusAverage",4
"Deinagkistrodon",1663,"GenusAverage",2
"Deirochelys",910.5,"GenusAverage",1
"Dekeyseria",89.6,"GenusAverage",1
"Deladenus",9.3e-08,"GenusAverage",1
"Delanymys",4.06,"GenusAverage",5
"Deleornis",12.3,"GenusAverage",2
"Delesseria",20,"GenusAverage",1
"Delichon",16.86,"GenusAverage",9
"Delma",5.704,"GenusAverage",46
"Delomys",76.4,"GenusAverage",10
"Delothraupis",28.4,"GenusAverage",2
"Delphinapterus",1168000,"GenusAverage",12
"Delphinus",61480,"GenusAverage",2
"Deltamys",26.4,"GenusAverage",5
"Deltarhynchus",17.2,"GenusAverage",2
"Deltistes",4500,"GenusAverage",1
"Demansia",242.1,"GenusAverage",15
"Demetrias",0.00265,"GenusAverage",1
"Dendragama",13.41,"GenusAverage",5
"Dendragapus",762.5,"GenusAverage",12
"Dendrelaphis",367.5,"GenusAverage",61
"Dendrexetastes",69.6,"GenusAverage",2
"Dendroaspis",7145,"GenusAverage",7
"Dendrobates",3,"GenusAverage",2
"Dendrocerus",9.02e-05,"GenusAverage",1
"Dendrocincla",42.96,"GenusAverage",14
"Dendrocitta",100.4,"GenusAverage",13
"Dendrocolaptes",72.2,"GenusAverage",10
"Dendrocopos",51.62,"GenusAverage",63
"Dendroctonus",0.0063,"GenusAverage",2
"Dendrocygna",755,"GenusAverage",33
"Dendrogale",54.37,"GenusAverage",9
"Dendrohyrax",2655,"GenusAverage",16
"Dendroica",8.956,"GenusAverage",103
"Dendrolagus",9444,"GenusAverage",69
"Dendrolimus",0.6291,"GenusAverage",1
"Dendrolycosa",0.082,"GenusAverage",0
"Dendrolycus",12.2,"GenusAverage",1
"Dendromus",10.96,"GenusAverage",41
"Dendronanthus",15.95,"GenusAverage",2
"Dendroperdix",354.7,"GenusAverage",1
"Dendrophidion",196.5,"GenusAverage",16
"Dendrophysa",795.5,"GenusAverage",1
"Dendropicos",38.57,"GenusAverage",34
"Dendroplex",41.34,"GenusAverage",4
"Dendroprionomys",15,"GenusAverage",1
"Dendropsophus",0.456,"GenusAverage",0
"Dendrortyx",415,"GenusAverage",7
"Denisonia",60.7,"GenusAverage",2
"Dentex",8297,"GenusAverage",5
"Dentiraja",45,"GenusAverage",0
"Deomys",60.53,"GenusAverage",4
"Deosergestes",0.3367,"GenusAverage",3
"Dephomys",49.44,"GenusAverage",9
"Derichthys",81.5,"GenusAverage",1
"Dermacentor",0.35,"GenusAverage",1
"Dermanura",26.87,"GenusAverage",9
"Dermasterias",90,"GenusAverage",0
"Dermatemys",15860,"GenusAverage",3
"Dermatolepis",12500,"GenusAverage",1
"Dermatonotus",24.11,"GenusAverage",1
"Dermochelys",416700,"GenusAverage",7
"Dermogenys",11.4,"GenusAverage",1
"Deroptyus",246,"GenusAverage",4
"Desmana",434.2,"GenusAverage",6
"Desmarestia",1000,"GenusAverage",1
"Desmodilliscus",10,"GenusAverage",5
"Desmodillus",58.3,"GenusAverage",6
"Desmodus",44.19,"GenusAverage",10
"Desmognathus",11.99,"GenusAverage",10
"Desmomys",68.5,"GenusAverage",6
"Devario",8.719,"GenusAverage",6
"Deveximentum",4,"GenusAverage",1
"Diabolotherium",69200,"GenusAverage",1
"Diacavolinia",0.0096,"GenusAverage",1
"Diadema",160,"GenusAverage",2
"Diadophis",66,"GenusAverage",6
"Diaemus",37.19,"GenusAverage",6
"Diagramma",9381,"GenusAverage",2
"Dianema",25.8,"GenusAverage",1
"Diaphanosoma",2.24e-06,"GenusAverage",1
"Diaphorolepis",46.35,"GenusAverage",2
"Diaphus",4.398,"GenusAverage",7
"Diapoma",4.8,"GenusAverage",1
"Diapterus",185,"GenusAverage",1
"Diaptomus",1.44e-05,"GenusAverage",1
"Diatoma",1.37e-08,"GenusAverage",1
"Dibamus",5.22,"GenusAverage",47
"Dicaeum",8.259,"GenusAverage",74
"Dicamptodon",39.83,"GenusAverage",5
"Dicentrarchus",5078,"GenusAverage",6
"Diceratias",267.2,"GenusAverage",1
"Dicerorhinus",1111000,"GenusAverage",9
"Diceros",989700,"GenusAverage",12
"Dichrozona",16,"GenusAverage",2
"Diclidurus",28.79,"GenusAverage",17
"Dicolpomys",144,"GenusAverage",1
"Dicranota",0.0004748,"GenusAverage",1
"Dicroceros",11120,"GenusAverage",1
"Dicrodon",89.71,"GenusAverage",7
"Dicrostonyx",62.02,"GenusAverage",35
"Dicrurus",57.74,"GenusAverage",56
"Dictyosphaerium",4.598e-10,"GenusAverage",1
"Dictyostelium",8.4e-10,"GenusAverage",1
"Didelphis",1363,"GenusAverage",35
"Didinium",5.309e-07,"GenusAverage",1
"Didunculus",400,"GenusAverage",3
"Dierogekko",1.429,"GenusAverage",17
"Dieurostus",517.2,"GenusAverage",1
"Diglossa",13.38,"GenusAverage",35
"Dinarolacerta",8.084,"GenusAverage",5
"Dinaromys",56,"GenusAverage",5
"Dinemellia",65.12,"GenusAverage",3
"Dinobryon",3.65e-09,"GenusAverage",4
"Dinomys",12450,"GenusAverage",7
"Dinopium",91.66,"GenusAverage",9
"Diodon",5679,"GenusAverage",3
"Diogenichthys",0.32,"GenusAverage",0
"Diomedea",4236,"GenusAverage",40
"Diomedia",1913,"GenusAverage",1
"Diomys",52.1,"GenusAverage",1
"Dionda",1.7,"GenusAverage",1
"Diopsittaca",150.5,"GenusAverage",4
"Dioptrornis",24.35,"GenusAverage",5
"Diphyes",1.642,"GenusAverage",1
"Diphylla",29.64,"GenusAverage",7
"Diphyllodes",123.3,"GenusAverage",2
"Diplacanthopoma",6.1,"GenusAverage",1
"Diplasterias",18.97,"GenusAverage",1
"Diplectrum",139.7,"GenusAverage",2
"Diplocampa",0.00065,"GenusAverage",1
"Diplodactylus",4.013,"GenusAverage",55
"Diploderma",16.4,"GenusAverage",2
"Diplodus",1241,"GenusAverage",6
"Diplogale",3376,"GenusAverage",2
"Diploglossus",76.54,"GenusAverage",33
"Diplolaemus",45.73,"GenusAverage",8
"Diplomesodon",10.83,"GenusAverage",5
"Diplometopon",6.63,"GenusAverage",4
"Diplomys",264.7,"GenusAverage",12
"Diplophos",39.2,"GenusAverage",1
"Diploprion",214.4,"GenusAverage",1
"Diploscapter",1.15e-07,"GenusAverage",1
"Diplotaxodon",60,"GenusAverage",1
"Diplothrix",505.9,"GenusAverage",1
"Dipodillus",23.42,"GenusAverage",12
"Dipodomys",72.71,"GenusAverage",116
"Dipogon",0.0031,"GenusAverage",1
"Diporiphora",12.69,"GenusAverage",45
"Diprion",0.075,"GenusAverage",1
"Diprotodon",1500000,"GenusAverage",3
"Dipsadoboa",124,"GenusAverage",14
"Dipsas",93,"GenusAverage",38
"Dipsina",21.3,"GenusAverage",1
"Dipsochelys",205000,"GenusAverage",1
"Dipsosaurus",122.6,"GenusAverage",8
"Diptera",0.0004221,"GenusAverage",1
"Dipturus",15800,"GenusAverage",3
"Diptychus",4842,"GenusAverage",1
"Dipus",87.17,"GenusAverage",6
"Diretmoides",275.1,"GenusAverage",1
"Diretmus",610.8,"GenusAverage",1
"Discocheilus",2.7,"GenusAverage",1
"Discodeles",15.18,"GenusAverage",2
"Discoglossus",26.4,"GenusAverage",3
"Discogobio",29.68,"GenusAverage",6
"Discolabeo",5.6,"GenusAverage",1
"Discosura",2.891,"GenusAverage",9
"Discoteuthis",176.9,"GenusAverage",1
"Dispholidus",2162,"GenusAverage",2
"Disseta",0.00564,"GenusAverage",1
"Dissostichus",31600,"GenusAverage",6
"Disteira",784,"GenusAverage",2
"Distichodus",7547,"GenusAverage",5
"Distoechurus",49.48,"GenusAverage",8
"Distylim",8572000,"GenusAverage",1
"Ditaxodon",126.9,"GenusAverage",1
"Ditrema",131.8,"GenusAverage",1
"Ditylenchus",1.3e-07,"GenusAverage",1
"Ditypophis",8.6,"GenusAverage",1
"Diuca",37.72,"GenusAverage",3
"Dives",85.07,"GenusAverage",7
"Dixella",2e-04,"GenusAverage",1
"Dixiphia",15.52,"GenusAverage",6
"Dixonius",2.33,"GenusAverage",13
"Djokoiskandarus",110.2,"GenusAverage",2
"Doboatherina",7.76,"GenusAverage",1
"Dobsonia",234.2,"GenusAverage",51
"Doederleinia",1066,"GenusAverage",1
"Doedicurus",1468000,"GenusAverage",2
"Dogania",2000,"GenusAverage",1
"Dolabella",500,"GenusAverage",1
"Dolichonyx",30.95,"GenusAverage",7
"Dolichophis",5761,"GenusAverage",6
"Dolichopus",0.0009067,"GenusAverage",2
"Dolichotis",5468,"GenusAverage",14
"Dolichovespula",0.0231,"GenusAverage",1
"Doliornis",62.02,"GenusAverage",4
"Dolloidraco",17.5,"GenusAverage",2
"Dologale",353,"GenusAverage",5
"Dolomedes",0.4376,"GenusAverage",6
"Dolophones",0.012,"GenusAverage",0
"Dolospingus",12.7,"GenusAverage",2
"Donacobius",37.03,"GenusAverage",3
"Donacospiza",16.19,"GenusAverage",2
"Donax",0.905,"GenusAverage",1
"Dopasia",46.38,"GenusAverage",17
"Dorcatragus",10580,"GenusAverage",5
"Dorcopsis",5121,"GenusAverage",23
"Dorcopsulus",2504,"GenusAverage",11
"Doricha",2.45,"GenusAverage",4
"Dormitator",1148,"GenusAverage",1
"Dorosoma",917.5,"GenusAverage",4
"Doryfera",5.238,"GenusAverage",6
"Doryichthys",49.8,"GenusAverage",1
"Dorylaimus",1.5e-05,"GenusAverage",2
"Doryrhamphus",0.6,"GenusAverage",1
"Doryteuthis",163.1,"GenusAverage",1
"Dosidicus",4500,"GenusAverage",0
"Dosinia",376.4,"GenusAverage",2
"Dracaena",2657,"GenusAverage",5
"Draco",9.07,"GenusAverage",129
"Drassyllus",0.035,"GenusAverage",1
"Dremomys",200.1,"GenusAverage",26
"Drepane",1652,"GenusAverage",2
"Drepanis",18.2,"GenusAverage",1
"Drepanocladusex",0.01762,"GenusAverage",1
"Drepanoides",94.7,"GenusAverage",2
"Drepanoptila",215,"GenusAverage",2
"Drepanopus",0.006024,"GenusAverage",1
"Drepanorhynchus",14.75,"GenusAverage",1
"Drepanornis",131.9,"GenusAverage",2
"Drepanosiphum",0.0016,"GenusAverage",1
"Dreptes",22.35,"GenusAverage",1
"Dromaeocercus",14.2,"GenusAverage",1
"Dromaius",35000,"GenusAverage",8
"Dromas",319.8,"GenusAverage",3
"Dromiciops",24.65,"GenusAverage",7
"Dromicodryas",224,"GenusAverage",2
"Dromococcyx",66.74,"GenusAverage",4
"Drosophila",0.0002079,"GenusAverage",3
"Drunella",0.01625,"GenusAverage",0
"Dryadosaura",4.184,"GenusAverage",2
"Drymarchon",3152,"GenusAverage",10
"Drymobius",343.3,"GenusAverage",6
"Drymocichla",10,"GenusAverage",3
"Drymodes",39.72,"GenusAverage",9
"Drymoluber",252.2,"GenusAverage",4
"Drymophila",11.27,"GenusAverage",18
"Drymornis",93.31,"GenusAverage",2
"Drymotoxeres",70.5,"GenusAverage",1
"Dryobalanops",220000,"GenusAverage",1
"Dryobates",25.5,"GenusAverage",1
"Dryocalamus",56.16,"GenusAverage",9
"Dryocopus",227,"GenusAverage",21
"Dryolimnas",185.7,"GenusAverage",2
"Dryomys",28.55,"GenusAverage",13
"Dryophiops",99.42,"GenusAverage",4
"Dryophytes",3.953,"GenusAverage",0
"Dryops",0.001786,"GenusAverage",2
"Dryoscopus",31.41,"GenusAverage",21
"Dryotriorchis",697,"GenusAverage",1
"Drysdalia",30.83,"GenusAverage",3
"Duberria",16.75,"GenusAverage",6
"Dubusia",37.5,"GenusAverage",2
"Ducula",498.5,"GenusAverage",74
"Dugesia",0.017,"GenusAverage",1
"Dugong",282400,"GenusAverage",12
"Dulus",48.04,"GenusAverage",2
"Dumetella",30.81,"GenusAverage",6
"Dumetia",12.9,"GenusAverage",2
"Dunckerocampus",6.4,"GenusAverage",1
"Duopalatinus",691.6,"GenusAverage",1
"Dupetor",321,"GenusAverage",1
"Dusicyon",26680,"GenusAverage",5
"Duttaphrynus",27.61,"GenusAverage",1
"Dyacopterus",84.79,"GenusAverage",7
"Dymecodon",15.94,"GenusAverage",4
"Dysalotus",64.4,"GenusAverage",1
"Dysithamnus",16.39,"GenusAverage",13
"Dysomma",181.8,"GenusAverage",1
"Dytaster",57.43,"GenusAverage",0
"Dytiscus",30,"GenusAverage",1
"Ebalia",0.4,"GenusAverage",1
"Ebenavia",1.052,"GenusAverage",4
"Echelus",347,"GenusAverage",1
"Echeneis",820.9,"GenusAverage",3
"Echidna",81.83,"GenusAverage",0
"Echiichthys",166.2,"GenusAverage",1
"Echimys",508.1,"GenusAverage",16
"Echinanthera",49.62,"GenusAverage",6
"Echinarachnius",17.5,"GenusAverage",1
"Echinoprocta",831.8,"GenusAverage",3
"Echinops",139.9,"GenusAverage",8
"Echinorhinus",76,"GenusAverage",1
"Echinosaura",9.565,"GenusAverage",16
"Echinosigra",0.182,"GenusAverage",1
"Echinosorex",860,"GenusAverage",8
"Echinotriton",32.1,"GenusAverage",2
"Echinus",137.5,"GenusAverage",6
"Echiopsis",77.9,"GenusAverage",2
"Echiothrix",264.1,"GenusAverage",2
"Echis",191,"GenusAverage",16
"Echymipera",1003,"GenusAverage",29
"Eclectus",491.3,"GenusAverage",6
"Ecpleopus",1.684,"GenusAverage",2
"Ecsenius",4.343,"GenusAverage",3
"Ectophylla",5.676,"GenusAverage",5
"Ectopistes",319.3,"GenusAverage",2
"Edaphus",2.663e-05,"GenusAverage",1
"Edolisoma",62.8,"GenusAverage",1
"Egea",78,"GenusAverage",1
"Egeria",194,"GenusAverage",1
"Egernia",106.3,"GenusAverage",42
"Egretta",394.2,"GenusAverage",44
"Eidolon",281.2,"GenusAverage",10
"Eigenmannia",97.8,"GenusAverage",1
"Eira",4143,"GenusAverage",9
"Eirenis",23.69,"GenusAverage",19
"Eiseniella",0.0002366,"GenusAverage",1
"Elachistocleis",1.58,"GenusAverage",1
"Elachistodon",66.5,"GenusAverage",1
"Elaenia",19.99,"GenusAverage",38
"Elagatis",33330,"GenusAverage",2
"Elanoides",478.8,"GenusAverage",5
"Elanus",276.6,"GenusAverage",19
"Elaphe",1027,"GenusAverage",25
"Elaphodus",31110,"GenusAverage",8
"Elaphrornis",9,"GenusAverage",1
"Elaphurus",148700,"GenusAverage",9
"Elapognathus",75.45,"GenusAverage",2
"Elapoidis",20.2,"GenusAverage",1
"Elapomorphus",147.2,"GenusAverage",4
"Elapotinus",3,"GenusAverage",1
"Elapsoidea",81.33,"GenusAverage",14
"Elasmodactylus",14.5,"GenusAverage",4
"Elasmodontomys",13700,"GenusAverage",3
"Elasmotherium",4100000,"GenusAverage",1
"Elassoma",0.6376,"GenusAverage",1
"Elaver",0.035,"GenusAverage",0
"Electron",66.89,"GenusAverage",5
"Electrona",11.82,"GenusAverage",7
"Electrophorus",20000,"GenusAverage",1
"Eledone",1383,"GenusAverage",4
"Eleginus",866.2,"GenusAverage",3
"Eleoscytalopus",17,"GenusAverage",3
"Eleothreptus",45.68,"GenusAverage",4
"Eleotris",305.6,"GenusAverage",2
"Elephantulus",87.93,"GenusAverage",59
"Elephas",5035000,"GenusAverage",21
"Eleutherodactylus",16.41,"GenusAverage",8
"Eleutheronema",53630,"GenusAverage",3
"Elgaria",38.21,"GenusAverage",24
"Eligmodontia",19.76,"GenusAverage",18
"Eliomys",127.4,"GenusAverage",15
"Eliurus",80.02,"GenusAverage",37
"Ellobius",69.16,"GenusAverage",19
"Elminia",9.071,"GenusAverage",11
"Elmis",4.56e-05,"GenusAverage",1
"Elopichthys",51320,"GenusAverage",2
"Elops",7282,"GenusAverage",1
"Elseya",3499,"GenusAverage",12
"Elseyornis",31.48,"GenusAverage",3
"Elusor",4000,"GenusAverage",1
"Elvira",3.05,"GenusAverage",4
"Emarginata",20.65,"GenusAverage",3
"Emballonura",6.811,"GenusAverage",30
"Emberiza",20.38,"GenusAverage",138
"Emberizoides",23.79,"GenusAverage",7
"Embernagra",43.76,"GenusAverage",3
"Embiotoca",1301,"GenusAverage",2
"Emblema",10.4,"GenusAverage",2
"Eminia",20,"GenusAverage",3
"Emmelichthys",273.3,"GenusAverage",1
"Emmochliophis",15.75,"GenusAverage",2
"Emoia",9.312,"GenusAverage",166
"Empetrichthys",2.3,"GenusAverage",1
"Empidonax",10.3,"GenusAverage",61
"Empidonomus",29.79,"GenusAverage",3
"Empidornis",22.5,"GenusAverage",3
"Emydocephalus",314.8,"GenusAverage",5
"Emydoidea",1118,"GenusAverage",2
"Emydura",1149,"GenusAverage",6
"Emys",779.6,"GenusAverage",1
"Enchelynassa",22340,"GenusAverage",1
"Enchelyopus",139.4,"GenusAverage",0
"Enchisthenes",16.32,"GenusAverage",4
"Enchodelus",3.525e-06,"GenusAverage",1
"Encrasicholina",6.36,"GenusAverage",1
"Engraulis",21.97,"GenusAverage",12
"Engyprosopon",40.09,"GenusAverage",1
"Enhalusa",2.5,"GenusAverage",1
"Enhydra",27690,"GenusAverage",13
"Enhydris",222.7,"GenusAverage",13
"Enicognathus",191.3,"GenusAverage",5
"Enicurus",30.87,"GenusAverage",14
"Enneacanthus",9.091,"GenusAverage",1
"Enochrus",0.0028,"GenusAverage",1
"Enodes",130,"GenusAverage",1
"Enophrys",760,"GenusAverage",1
"Enoplosus",777.6,"GenusAverage",1
"Enoploteuthis",99,"GenusAverage",1
"Ensatina",31.79,"GenusAverage",5
"Ensifera",11.16,"GenusAverage",3
"Enteroctopus",31480,"GenusAverage",2
"Enteromius",39.18,"GenusAverage",0
"Entomocorus",3.708,"GenusAverage",0
"Entomodestes",58.85,"GenusAverage",4
"Entomyzon",106.4,"GenusAverage",3
"Entosphenus",275,"GenusAverage",1
"Enuliophis",37,"GenusAverage",1
"Enulius",14.18,"GenusAverage",4
"Enyalioides",74.4,"GenusAverage",33
"Enyalius",42.97,"GenusAverage",21
"Eoglaucomys",577.3,"GenusAverage",4
"Eolagurus",21,"GenusAverage",6
"Eolophus",308.9,"GenusAverage",5
"Eonycteris",71.44,"GenusAverage",14
"Eophona",63.63,"GenusAverage",6
"Eopsaltria",18.49,"GenusAverage",18
"Eopsetta",1522,"GenusAverage",2
"Eos",124.1,"GenusAverage",11
"Eospalax",202.7,"GenusAverage",11
"Eothenomys",32.52,"GenusAverage",20
"Eozapus",32.59,"GenusAverage",3
"Epacrophis",1.933,"GenusAverage",3
"Epalzeorhynchos",15.45,"GenusAverage",2
"Epeorus",0.01011,"GenusAverage",0
"Ephalophis",47.6,"GenusAverage",1
"Ephemera",0.004362,"GenusAverage",1
"Ephemerella",0.0415,"GenusAverage",1
"Ephippion",82.4,"GenusAverage",0
"Ephippiorhynchus",5131,"GenusAverage",6
"Ephippus",786.6,"GenusAverage",1
"Epibator",17.7,"GenusAverage",2
"Epicrates",1866,"GenusAverage",10
"Epictia",2.622,"GenusAverage",28
"Epidalea",50.22,"GenusAverage",1
"Epigonus",381.6,"GenusAverage",5
"Epimachus",186.2,"GenusAverage",7
"Epinecrophylla",9.811,"GenusAverage",15
"Epinephelides",3000,"GenusAverage",1
"Epinephelus",33090,"GenusAverage",50
"Epinnula",7832,"GenusAverage",2
"Epinotia",0.0137,"GenusAverage",1
"Epiplatys",4.667,"GenusAverage",6
"Epirrita",0.078,"GenusAverage",1
"Episinus",0.031,"GenusAverage",0
"Episoriculus",8.902,"GenusAverage",15
"Episyrphus",0.003403,"GenusAverage",1
"Epitheca",0.758,"GenusAverage",1
"Epixerus",466.8,"GenusAverage",6
"Epomophorus",79.17,"GenusAverage",33
"Epomops",125.1,"GenusAverage",16
"Eptatretus",3650,"GenusAverage",2
"Eptesicus",12.58,"GenusAverage",75
"Epthianura",10.96,"GenusAverage",13
"Equetus",62.54,"GenusAverage",0
"Equulites",10,"GenusAverage",1
"Equus",332900,"GenusAverage",96
"Eratigena",0.213,"GenusAverage",0
"Eremalauda",22.66,"GenusAverage",6
"Eremias",8.692,"GenusAverage",96
"Eremiascincus",13.24,"GenusAverage",32
"Eremiornis",12.2,"GenusAverage",1
"Eremitalpa",23.96,"GenusAverage",8
"Eremodipus",51,"GenusAverage",4
"Eremomela",7.723,"GenusAverage",33
"Eremophila",33.02,"GenusAverage",12
"Eremopsaltria",21.5,"GenusAverage",1
"Eremopterix",15.39,"GenusAverage",20
"Eremoryzomys",60.5,"GenusAverage",1
"Eremotherium",3731000,"GenusAverage",2
"Erethizon",7760,"GenusAverage",10
"Eretmochelys",67450,"GenusAverage",4
"Ergaticus",9.05,"GenusAverage",2
"Erichsonius",1e-04,"GenusAverage",1
"Erignathus",280000,"GenusAverage",0
"Erigone",0.0002625,"GenusAverage",2
"Erilepis",88520,"GenusAverage",1
"Erimyzon",1557,"GenusAverage",1
"Erinaceus",769,"GenusAverage",21
"Eriocnemis",4.78,"GenusAverage",19
"Eriophora",1.143,"GenusAverage",0
"Erisphex",18.1,"GenusAverage",1
"Eristalis",0.09,"GenusAverage",1
"Eristicophis",199.6,"GenusAverage",1
"Erithacus",19.46,"GenusAverage",7
"Ero",1.82e-05,"GenusAverage",1
"Eropeplus",235,"GenusAverage",1
"Erophylla",15.7,"GenusAverage",8
"Eroticoscincus",0.403,"GenusAverage",2
"Erpetoichthys",93.2,"GenusAverage",1
"Erpeton",195,"GenusAverage",2
"Erpobdella",0.004238,"GenusAverage",1
"Erpornis",11.8,"GenusAverage",3
"Erromyzon",0.8,"GenusAverage",1
"Erythrocebus",7052,"GenusAverage",11
"Erythrocercus",6.339,"GenusAverage",10
"Erythrocles",310,"GenusAverage",1
"Erythrogenys",58.1,"GenusAverage",1
"Erythrogonys",50.13,"GenusAverage",3
"Erythrolamprus",84.38,"GenusAverage",63
"Erythropitta",75.47,"GenusAverage",4
"Erythropygia",23.24,"GenusAverage",10
"Erythrotriorchis",743.7,"GenusAverage",4
"Erythrura",14.02,"GenusAverage",25
"Eryx",240.6,"GenusAverage",17
"Esacus",939.5,"GenusAverage",4
"Escherichia",1.2e-12,"GenusAverage",1
"Eschrichtius",22900000,"GenusAverage",10
"Escualosa",13.7,"GenusAverage",1
"Esmaeilius",5.125,"GenusAverage",1
"Esomus",4.406,"GenusAverage",3
"Esox",9419,"GenusAverage",15
"Estrilda",7.837,"GenusAverage",46
"Etelis",5769,"GenusAverage",1
"Etheostoma",5.576,"GenusAverage",22
"Etheridgeum",1.4,"GenusAverage",1
"Ethmalosa",1648,"GenusAverage",1
"Ethmolaimus",6.2e-08,"GenusAverage",1
"Etmopterus",2232,"GenusAverage",0
"Etroplus",712.8,"GenusAverage",3
"Etropus",3.6,"GenusAverage",0
"Etrumeus",212.8,"GenusAverage",2
"Euaesthetus",0.0001074,"GenusAverage",1
"Eubalaena",37860000,"GenusAverage",20
"Eubalichthys",3388,"GenusAverage",1
"Eublepharis",101.8,"GenusAverage",18
"Eubucco",36.02,"GenusAverage",9
"Eucalanus",0.00908,"GenusAverage",1
"Euceratherium",450000,"GenusAverage",2
"Euchiloglanis",84.2,"GenusAverage",1
"Euchoreutes",24.11,"GenusAverage",3
"Eucinostomus",52.17,"GenusAverage",4
"Eucometis",27.94,"GenusAverage",2
"Euconnus",9.583e-05,"GenusAverage",1
"Euconulus",0.001022,"GenusAverage",1
"Eucopia",1.437,"GenusAverage",0
"Eucyclogobius",1.4,"GenusAverage",1
"Eucyclops",1.28e-05,"GenusAverage",1
"Euderma",16.35,"GenusAverage",6
"Eudiscopus",6.1,"GenusAverage",2
"Eudocimus",708.5,"GenusAverage",11
"Eudorcas",27340,"GenusAverage",18
"Eudorylaimus",3.618e-06,"GenusAverage",1
"Eudromia",733.8,"GenusAverage",4
"Eudromias",104.1,"GenusAverage",2
"Eudynamys",200.7,"GenusAverage",11
"Eudyptes",3864,"GenusAverage",29
"Eudyptula",991.1,"GenusAverage",7
"Eugenes",8.033,"GenusAverage",4
"Eugerygone",7.6,"GenusAverage",3
"Euglossa",1.5,"GenusAverage",1
"Eugnathogobius",0.2,"GenusAverage",2
"Eugongylus",99.3,"GenusAverage",10
"Eugralla",44,"GenusAverage",2
"Eukrohnia",0.00636,"GenusAverage",0
"Eulabeornis",668.9,"GenusAverage",4
"Eulacestoma",20,"GenusAverage",3
"Eulamaops",150000,"GenusAverage",1
"Eulampis",7.471,"GenusAverage",4
"Eulamprus",20.76,"GenusAverage",16
"Eulemur",2127,"GenusAverage",70
"Euleptes",2.102,"GenusAverage",2
"Eulidia",3.96,"GenusAverage",1
"Eulipoa",507.5,"GenusAverage",2
"Eulophus",0.0003173,"GenusAverage",1
"Eumeces",159.8,"GenusAverage",18
"Eumecia",70.85,"GenusAverage",4
"Eumegistus",3761,"GenusAverage",3
"Eumetopias",4749000,"GenusAverage",11
"Eumicrotremus",42.9,"GenusAverage",0
"Eumomota",63.58,"GenusAverage",3
"Eumonhystera",6.333e-08,"GenusAverage",3
"Eumops",35.37,"GenusAverage",41
"Eumyias",20.86,"GenusAverage",9
"Eunectes",65830,"GenusAverage",9
"Euneomys",81.18,"GenusAverage",16
"Euneornis",16.1,"GenusAverage",2
"Eunymphicus",130,"GenusAverage",5
"Euodice",12,"GenusAverage",2
"Euoticus",268.1,"GenusAverage",13
"Euowenia",750000,"GenusAverage",1
"Eupetaurus",2507,"GenusAverage",3
"Eupetes",101,"GenusAverage",1
"Eupetomena",9,"GenusAverage",2
"Euphagus",51.71,"GenusAverage",11
"Euphausia",0.3712,"GenusAverage",13
"Eupherusa",4.334,"GenusAverage",12
"Euphlyctis",300,"GenusAverage",1
"Euphonia",13.48,"GenusAverage",54
"Euphractus",5270,"GenusAverage",9
"Euplectes",24.65,"GenusAverage",60
"Eupleres",2841,"GenusAverage",7
"Eupodotis",959.5,"GenusAverage",24
"Euprepiophis",251.6,"GenusAverage",4
"Euproctus",9.175,"GenusAverage",2
"Eupsittula",78.68,"GenusAverage",6
"Euptilotis",122.4,"GenusAverage",2
"Eurhamphaea",12.52,"GenusAverage",1
"Eurhomalea",230,"GenusAverage",1
"Eurillas",23.59,"GenusAverage",5
"Eurocephalus",56.31,"GenusAverage",6
"Eurochelidon",26,"GenusAverage",1
"Eurolophosaurus",16.93,"GenusAverage",6
"Euroscaptor",59.74,"GenusAverage",16
"Eurostopodus",111.7,"GenusAverage",15
"Eurya",76050,"GenusAverage",1
"Eurycea",7.559,"GenusAverage",5
"Euryceros",96.77,"GenusAverage",2
"Eurydactylodes",4.01,"GenusAverage",8
"Eurylaimus",44.31,"GenusAverage",6
"Eurylepis",93.77,"GenusAverage",4
"Eurynorhynchus",32.03,"GenusAverage",4
"Euryoryzomys",61.28,"GenusAverage",6
"Eurypegasus",11,"GenusAverage",1
"Eurypharynx",580,"GenusAverage",1
"Euryptila",11.5,"GenusAverage",2
"Eurypyga",216.4,"GenusAverage",6
"Eurystomus",120.2,"GenusAverage",13
"Eurytemora",5.5e-06,"GenusAverage",1
"Euryzygomatomys",187.5,"GenusAverage",5
"Euscarthmus",6.381,"GenusAverage",4
"Euschistospiza",12.18,"GenusAverage",6
"Euscorpius",0.7,"GenusAverage",1
"Eusergestes",1.73,"GenusAverage",2
"Eusirus",0.047,"GenusAverage",1
"Euspira",435,"GenusAverage",1
"Euspondylus",8.731,"GenusAverage",23
"Eustala",0.014,"GenusAverage",0
"Eutaeniophorus",0.7,"GenusAverage",1
"Eutamias",65.4,"GenusAverage",2
"Eutatus",144400,"GenusAverage",2
"Euthlypis",25.6,"GenusAverage",1
"Euthynnus",25990,"GenusAverage",7
"Eutoxeres",10.66,"GenusAverage",6
"Eutrachelophis",24.75,"GenusAverage",2
"Eutrichomyias",19,"GenusAverage",1
"Eutrigla",956,"GenusAverage",0
"Eutriorchis",1790,"GenusAverage",1
"Eutropiichthys",1400,"GenusAverage",0
"Eutropis",21.38,"GenusAverage",70
"Evarcha",0.002105,"GenusAverage",2
"Evasterias",315,"GenusAverage",0
"Evermannella",28.94,"GenusAverage",0
"Eviota",0.07425,"GenusAverage",4
"Evorthodus",37.75,"GenusAverage",0
"Evoxymetopon",30230,"GenusAverage",1
"Evynnis",1035,"GenusAverage",4
"Exapate",0.0236,"GenusAverage",1
"Excalfactoria",44.88,"GenusAverage",3
"Excoecaria",2.2,"GenusAverage",1
"Exila",8.888,"GenusAverage",2
"Exiliboa",54.6,"GenusAverage",1
"Exilisciurus",23.63,"GenusAverage",14
"Exocoetus",173.4,"GenusAverage",1
"Exoglossum",0.75,"GenusAverage",0
"Exostoma",10.9,"GenusAverage",1
"Exyrias",47.3,"GenusAverage",1
"Facciolella",223.8,"GenusAverage",1
"Fagus",1e+06,"GenusAverage",1
"Faiditus",0.002689,"GenusAverage",0
"Falcipennis",566,"GenusAverage",4
"Falco",346.3,"GenusAverage",171
"Falculea",111.4,"GenusAverage",2
"Falcunculus",28.29,"GenusAverage",5
"Falsistrellus",13,"GenusAverage",13
"Farancia",1207,"GenusAverage",5
"Favonigobius",10.65,"GenusAverage",3
"Fejervarya",9.3,"GenusAverage",5
"Felis",4332,"GenusAverage",54
"Felovia",205,"GenusAverage",4
"Ferania",271.5,"GenusAverage",1
"Ferdauia",8000,"GenusAverage",1
"Feresa",506800,"GenusAverage",9
"Ferminia",26,"GenusAverage",1
"Feroculus",36,"GenusAverage",4
"Ferrarissoaresia",2.564,"GenusAverage",0
"Feylinia",10.67,"GenusAverage",12
"Ficedula",11.57,"GenusAverage",71
"Ficimia",11.34,"GenusAverage",9
"Fictor",9.3e-07,"GenusAverage",1
"Filenchus",1.08e-07,"GenusAverage",1
"Filinia",6.833e-08,"GenusAverage",3
"Fimbrios",22.8,"GenusAverage",2
"Fistularia",2799,"GenusAverage",4
"Flaccisagitta",0.012,"GenusAverage",0
"Flexiseps",26.26,"GenusAverage",14
"Floridichthys",213.1,"GenusAverage",1
"Florisuga",7.741,"GenusAverage",7
"Fluvicola",15.06,"GenusAverage",6
"Fluvitrygon",8000,"GenusAverage",1
"Fojia",3.909,"GenusAverage",2
"Folifer",626.2,"GenusAverage",1
"Fontitrygon",20,"GenusAverage",0
"Fordonia",525.4,"GenusAverage",2
"Forficula",0.05,"GenusAverage",0
"Formica",0.001713,"GenusAverage",2
"Formicarius",61.18,"GenusAverage",17
"Formicivora",10.98,"GenusAverage",14
"Formosania",8.1,"GenusAverage",2
"Forpus",27.46,"GenusAverage",21
"Forsterygion",2.1,"GenusAverage",1
"Fossa",1769,"GenusAverage",8
"Foudia",19.34,"GenusAverage",13
"Foulehaio",36.57,"GenusAverage",2
"Fowlerichthys",57.2,"GenusAverage",1
"Fragilaria",6.262e-10,"GenusAverage",3
"Franciscodoras",614,"GenusAverage",1
"Francolinus",511.4,"GenusAverage",90
"Fraseria",29.09,"GenusAverage",5
"Fratercula",546.7,"GenusAverage",17
"Frederickena",81.09,"GenusAverage",5
"Fregata",1243,"GenusAverage",26
"Fregetta",50.98,"GenusAverage",7
"Freyella",5.7,"GenusAverage",0
"Fringilla",25.9,"GenusAverage",19
"Frontinella",0.005516,"GenusAverage",0
"Fucus",0.2861,"GenusAverage",3
"Fukomys",147.5,"GenusAverage",10
"Fulica",1049,"GenusAverage",29
"Fulmarus",730.4,"GenusAverage",8
"Fulvetta",10.86,"GenusAverage",7
"Funambulus",125.6,"GenusAverage",21
"Funchalia",2.086,"GenusAverage",1
"Fundulopanchax",3.7,"GenusAverage",5
"Fundulus",10.06,"GenusAverage",4
"Funisciurus",187.6,"GenusAverage",45
"Furcifer",85.51,"GenusAverage",54
"Furgaleus",11050,"GenusAverage",2
"Furina",121.5,"GenusAverage",6
"Furipterus",3.145,"GenusAverage",6
"Furnarius",41.53,"GenusAverage",17
"Gabrius",4e-04,"GenusAverage",1
"Gactornis",52.8,"GenusAverage",1
"Gadiculus",25.92,"GenusAverage",2
"Gadopsis",1205,"GenusAverage",2
"Gadus",8435,"GenusAverage",14
"Gaetanus",0.00201,"GenusAverage",1
"Gaidropsarus",138,"GenusAverage",2
"Galago",204.3,"GenusAverage",50
"Galagoides",140.9,"GenusAverage",18
"Galaxias",84.68,"GenusAverage",5
"Galaxiella",0.4,"GenusAverage",1
"Galbalcyrhynchus",48.1,"GenusAverage",4
"Galbula",23.81,"GenusAverage",23
"Galea",439.2,"GenusAverage",20
"Galeichthys",347.8,"GenusAverage",0
"Galemys",59.51,"GenusAverage",9
"Galenomys",59.3,"GenusAverage",4
"Galeocerdo",1583000,"GenusAverage",0
"Galeocharax",332.7,"GenusAverage",3
"Galeoides",588,"GenusAverage",1
"Galeopterus",1140,"GenusAverage",5
"Galeorhinus",20220,"GenusAverage",3
"Galerella",676.4,"GenusAverage",16
"Galerida",34.45,"GenusAverage",24
"Galeus",1318,"GenusAverage",0
"Galictis",1856,"GenusAverage",13
"Galidia",802.7,"GenusAverage",8
"Galidictis",874.9,"GenusAverage",10
"Galiteuthis",45.91,"GenusAverage",3
"Gallicolumba",157.4,"GenusAverage",29
"Gallicrex",377.7,"GenusAverage",3
"Gallinago",159.8,"GenusAverage",43
"Gallinula",465.4,"GenusAverage",25
"Gallirallus",346.1,"GenusAverage",24
"Galloperdix",309.2,"GenusAverage",6
"Gallotia",467.9,"GenusAverage",27
"Gallus",966.7,"GenusAverage",16
"Gambelia",55.49,"GenusAverage",12
"Gambusia",1.247,"GenusAverage",1
"Gammarus",0.008355,"GenusAverage",4
"Gampsonyx",92.9,"GenusAverage",2
"Gampsorhynchus",37,"GenusAverage",4
"Gardinerosergia",0.286,"GenusAverage",1
"Garra",142.5,"GenusAverage",13
"Garritornis",70,"GenusAverage",1
"Garrodia",33.38,"GenusAverage",3
"Garrulax",76.71,"GenusAverage",93
"Garrulus",129.9,"GenusAverage",10
"Garthia",1.561,"GenusAverage",6
"Garthius",177,"GenusAverage",1
"Gasterochisma",49760,"GenusAverage",1
"Gasterosteus",7.962,"GenusAverage",3
"Gastropholis",29.52,"GenusAverage",8
"Gastrophryne",9.976,"GenusAverage",2
"Gastropus",1.252e-07,"GenusAverage",2
"Gavia",2990,"GenusAverage",29
"Gavialis",164300,"GenusAverage",3
"Gavicalis",28.42,"GenusAverage",3
"Gazella",29530,"GenusAverage",77
"Geagras",3,"GenusAverage",1
"Gecinulus",72.74,"GenusAverage",4
"Geckolepis",6.23,"GenusAverage",8
"Gegeneophis",6.3,"GenusAverage",0
"Gehyra",13.02,"GenusAverage",97
"Gekko",21.96,"GenusAverage",128
"Gelanesaurus",14.92,"GenusAverage",2
"Gelochelidon",219.9,"GenusAverage",3
"Genetta",1934,"GenusAverage",66
"Genicanthus",208.2,"GenusAverage",3
"Gennadas",0.4854,"GenusAverage",4
"Genyatremus",10,"GenusAverage",1
"Genyomyrus",606.3,"GenusAverage",1
"Genypterus",16870,"GenusAverage",2
"Geobiastes",155,"GenusAverage",2
"Geocalamus",8.337,"GenusAverage",5
"Geocapromys",1383,"GenusAverage",21
"Geocerthia",48.7,"GenusAverage",1
"Geochelone",12330,"GenusAverage",7
"Geococcyx",250.6,"GenusAverage",11
"Geocolaptes",121.6,"GenusAverage",2
"Geodipsas",37.42,"GenusAverage",1
"Geoemyda",194.5,"GenusAverage",3
"Geoffroyus",160.2,"GenusAverage",8
"Geogale",6.719,"GenusAverage",7
"Geokichla",57.17,"GenusAverage",17
"Geomalia",73.21,"GenusAverage",1
"Geomyersia",0.739,"GenusAverage",4
"Geomys",222.8,"GenusAverage",40
"Geopelia",64.46,"GenusAverage",16
"Geophagus",228.7,"GenusAverage",7
"Geophaps",179.4,"GenusAverage",11
"Geophis",11.4,"GenusAverage",50
"Georychus",187.3,"GenusAverage",9
"Geoscincus",31.02,"GenusAverage",2
"Geositta",31.21,"GenusAverage",22
"Geospiza",22.14,"GenusAverage",15
"Geothelphusa",3.995,"GenusAverage",0
"Geothlypis",13.16,"GenusAverage",33
"Geotrygon",215.8,"GenusAverage",35
"Geotrypetes",25.45,"GenusAverage",2
"Geoxus",31.27,"GenusAverage",4
"Gephyreaster",136,"GenusAverage",0
"Gephyrocharax",0.7292,"GenusAverage",0
"Geranoaetus",1442,"GenusAverage",5
"Geranospiza",302.8,"GenusAverage",2
"Gerarda",60.4,"GenusAverage",2
"Gerbilliscus",103.1,"GenusAverage",38
"Gerbillurus",31.99,"GenusAverage",21
"Gerbillus",27.85,"GenusAverage",112
"Geres",20.11,"GenusAverage",1
"Gerlachea",44.9,"GenusAverage",2
"Geronticus",1524,"GenusAverage",4
"Gerres",358.8,"GenusAverage",5
"Gerrhonotus",90.05,"GenusAverage",14
"Gerrhopilus",3.565,"GenusAverage",19
"Gerrhosaurus",162,"GenusAverage",19
"Gerris",0.0035,"GenusAverage",1
"Gerygone",6.912,"GenusAverage",61
"Gibbonsia",60.68,"GenusAverage",0
"Gigantactis",1534,"GenusAverage",1
"Gigartina",2000,"GenusAverage",1
"Gila",803.6,"GenusAverage",5
"Gillichthys",158.2,"GenusAverage",2
"Ginglymostoma",76380,"GenusAverage",2
"Gippsicola",0.047,"GenusAverage",0
"Giraffa",963200,"GenusAverage",15
"Girbilliscus",123,"GenusAverage",1
"Girella",4107,"GenusAverage",2
"Giurus",17.39,"GenusAverage",1
"Glandirana",10.47,"GenusAverage",3
"Glaniopsis",0.558,"GenusAverage",1
"Glaphyromorphus",8.984,"GenusAverage",22
"Glareola",69.13,"GenusAverage",24
"Glaridoglanis",36.6,"GenusAverage",1
"Glaucidium",80.75,"GenusAverage",75
"Glaucis",6.301,"GenusAverage",9
"Glaucomastix",15.46,"GenusAverage",4
"Glaucomys",108.7,"GenusAverage",18
"Glauconycteris",8.838,"GenusAverage",35
"Glaucosoma",11450,"GenusAverage",3
"Glenodinium",6.37e-09,"GenusAverage",2
"Gliciphila",18.25,"GenusAverage",1
"Glironia",123.6,"GenusAverage",5
"Glirulus",29.19,"GenusAverage",5
"Glis",130.5,"GenusAverage",5
"Glischropus",4.686,"GenusAverage",6
"Globicephala",1655000,"GenusAverage",0
"Gloeocystis",9.46e-08,"GenusAverage",1
"Glossamia",3.191,"GenusAverage",1
"Glossanodon",53.9,"GenusAverage",1
"Glossiphonia",0.0353,"GenusAverage",1
"Glossogobius",191.6,"GenusAverage",5
"Glossolepis",11.39,"GenusAverage",2
"Glossophaga",9.942,"GenusAverage",25
"Glossopsitta",52.37,"GenusAverage",14
"Glossotherium",1457000,"GenusAverage",3
"Glottidia",0.33,"GenusAverage",1
"Gloydius",200.9,"GenusAverage",19
"Glycichaera",10.34,"GenusAverage",4
"Glycifohia",20.42,"GenusAverage",2
"Glyphonycteris",13.83,"GenusAverage",11
"Glyphorynchus",14.58,"GenusAverage",2
"Glyphotes",50.84,"GenusAverage",3
"Glyptemys",351.7,"GenusAverage",3
"Glyptocephalus",756.3,"GenusAverage",3
"Glyptodon",1431000,"GenusAverage",3
"Glyptosternon",375.6,"GenusAverage",2
"Glyptotendipes",0.004,"GenusAverage",1
"Glyptotherium",920900,"GenusAverage",4
"Glyptothorax",262.1,"GenusAverage",15
"Gnathanodon",18810,"GenusAverage",2
"Gnathocharax",1.496,"GenusAverage",0
"Gnathodentex",2098,"GenusAverage",1
"Gnatholepis",3.901,"GenusAverage",1
"Gnathonarium",0.0003066,"GenusAverage",1
"Gnathonemus",331.5,"GenusAverage",1
"Gnathophausia",0.95,"GenusAverage",1
"Gnathopogon",15.97,"GenusAverage",10
"Gnorimopsar",66.08,"GenusAverage",3
"Gobio",51.5,"GenusAverage",4
"Gobiobotia",19.63,"GenusAverage",10
"Gobiocypris",2.2,"GenusAverage",1
"Gobiomorphus",6.742,"GenusAverage",1
"Gobiomorus",3903,"GenusAverage",1
"Gobionellus",11.32,"GenusAverage",0
"Gobionotothen",25.85,"GenusAverage",4
"Gobiopterus",0.1,"GenusAverage",1
"Gobiosoma",0.4249,"GenusAverage",0
"Gobius",20.7,"GenusAverage",1
"Gobiusculus",1.6,"GenusAverage",1
"Goethalsia",3.331,"GenusAverage",4
"Gogangra",13.42,"GenusAverage",1
"Goggia",1.416,"GenusAverage",18
"Goldmania",4.037,"GenusAverage",2
"Golunda",61.11,"GenusAverage",6
"Gomesophis",17.8,"GenusAverage",1
"Gomphonema",2.797e-10,"GenusAverage",1
"Gonatodes",2.776,"GenusAverage",71
"Gonatus",99.89,"GenusAverage",1
"Gongrosira",1.526e-08,"GenusAverage",1
"Gongylidiellum",0.0001349,"GenusAverage",1
"Gongylomorphus",7.476,"GenusAverage",2
"Gongylosoma",19.44,"GenusAverage",5
"Gonialosa",33.29,"GenusAverage",1
"Gonionotophis",349.1,"GenusAverage",21
"Goniopsis",57.76,"GenusAverage",1
"Goniurosaurus",22.6,"GenusAverage",43
"Gonocephalus",102,"GenusAverage",42
"Gonorynchus",476.3,"GenusAverage",2
"Gonostoma",16.6,"GenusAverage",1
"Gonyosoma",620.5,"GenusAverage",8
"Gopherus",5144,"GenusAverage",7
"Gorilla",128800,"GenusAverage",17
"Gorsachius",475.1,"GenusAverage",9
"Goura",2168,"GenusAverage",10
"Gowidon",86.92,"GenusAverage",2
"Gracilinanus",19.1,"GenusAverage",28
"Graciliscincus",1.304,"GenusAverage",2
"Gracula",192.5,"GenusAverage",6
"Gracupica",120.2,"GenusAverage",3
"Grafisia",64.74,"GenusAverage",3
"Grallaria",92.43,"GenusAverage",63
"Grallaricula",19.6,"GenusAverage",16
"Grallina",50.3,"GenusAverage",6
"Graminicola",14.72,"GenusAverage",3
"Grammatobothus",97.4,"GenusAverage",1
"Grammatorcynus",7991,"GenusAverage",1
"Grammistes",675.6,"GenusAverage",1
"Grammomys",42.88,"GenusAverage",39
"Grampus",399200,"GenusAverage",0
"Granatellus",10.73,"GenusAverage",6
"Grandala",45.45,"GenusAverage",2
"Grandidierina",1.76,"GenusAverage",4
"Grantiella",21.62,"GenusAverage",4
"Graomys",69.57,"GenusAverage",15
"Graphiurus",30.84,"GenusAverage",42
"Grapholita",0.0111,"GenusAverage",1
"Grapsus",34,"GenusAverage",1
"Graptemys",1184,"GenusAverage",12
"Graptodytes",2e-04,"GenusAverage",1
"Grasseichthys",0.1,"GenusAverage",1
"Graueria",15.61,"GenusAverage",3
"Graydidascalus",159,"GenusAverage",3
"Grayia",174.3,"GenusAverage",5
"Griseotyrannus",33.63,"GenusAverage",1
"Grundulus",5.2,"GenusAverage",1
"Grus",5841,"GenusAverage",55
"Grypotyphlops",15.4,"GenusAverage",1
"Guadalcanaria",43.16,"GenusAverage",2
"Guarea",4e+05,"GenusAverage",1
"Guaruba",240.9,"GenusAverage",4
"Guatteria",1200000,"GenusAverage",1
"Gubernatrix",47.8,"GenusAverage",2
"Gubernetes",68.22,"GenusAverage",2
"Gudusia",81.7,"GenusAverage",1
"Guira",138.6,"GenusAverage",4
"Guiraca",21.68,"GenusAverage",3
"Gulo",16760,"GenusAverage",10
"Gulosus",1764,"GenusAverage",0
"Gustavia",240000,"GenusAverage",1
"Guttera",1010,"GenusAverage",5
"Gyalophylax",25.49,"GenusAverage",2
"Gyalopion",10.85,"GenusAverage",6
"Gygis",101.1,"GenusAverage",6
"Gyiophis",52.95,"GenusAverage",2
"Gymnammodytes",81.8,"GenusAverage",1
"Gymnarchus",14110,"GenusAverage",2
"Gymnobelideus",124.1,"GenusAverage",9
"Gymnobucco",55.54,"GenusAverage",10
"Gymnocanthus",487.8,"GenusAverage",5
"Gymnocephalus",290.9,"GenusAverage",2
"Gymnocichla",30.62,"GenusAverage",2
"Gymnocorymbus",7,"GenusAverage",1
"Gymnocranius",3125,"GenusAverage",2
"Gymnocrex",294,"GenusAverage",4
"Gymnocypris",383.3,"GenusAverage",8
"Gymnodactylus",3.659,"GenusAverage",13
"Gymnoderus",276.2,"GenusAverage",2
"Gymnodiptychus",1877,"GenusAverage",2
"Gymnodraco",345.8,"GenusAverage",2
"Gymnogeophagus",44.7,"GenusAverage",1
"Gymnoglaux",95.2,"GenusAverage",1
"Gymnogobius",18.7,"GenusAverage",2
"Gymnogyps",7572,"GenusAverage",7
"Gymnomuraena",7604,"GenusAverage",1
"Gymnomystax",98,"GenusAverage",2
"Gymnomyza",128.1,"GenusAverage",4
"Gymnophaps",316.3,"GenusAverage",7
"Gymnophora",0.000651,"GenusAverage",1
"Gymnophthalmus",1.594,"GenusAverage",18
"Gymnopithys",26.82,"GenusAverage",11
"Gymnorhamphichthys",1.641,"GenusAverage",1
"Gymnorhina",268.1,"GenusAverage",4
"Gymnorhinus",85.88,"GenusAverage",5
"Gymnoris",20.41,"GenusAverage",4
"Gymnosarda",112600,"GenusAverage",3
"Gymnoscopelus",26.7,"GenusAverage",8
"Gymnostinops",372.1,"GenusAverage",2
"Gymnostomus",287,"GenusAverage",2
"Gymnothorax",4248,"GenusAverage",9
"Gymnotus",505.9,"GenusAverage",1
"Gymnura",90,"GenusAverage",1
"Gymnuromys",105,"GenusAverage",5
"Gypaetus",5466,"GenusAverage",5
"Gypohierax",1584,"GenusAverage",4
"Gyps",6720,"GenusAverage",25
"Gypsophila",27,"GenusAverage",1
"Gyrinomimus",1.4,"GenusAverage",1
"Gyrinophilus",28.42,"GenusAverage",3
"Gyrosigma",1.15e-11,"GenusAverage",1
"Haackgreerius",2.498,"GenusAverage",2
"Habia",37.96,"GenusAverage",8
"Habromys",43.12,"GenusAverage",21
"Habronestes",0.02,"GenusAverage",0
"Habroptila",1000,"GenusAverage",1
"Haddadus",2.77,"GenusAverage",0
"Hadromys",59,"GenusAverage",3
"Hadropithecus",26000,"GenusAverage",2
"Haematoderus",227,"GenusAverage",2
"Haematopota",0.003962,"GenusAverage",1
"Haematopus",587.6,"GenusAverage",38
"Haematortyx",300,"GenusAverage",3
"Haematospiza",39.5,"GenusAverage",1
"Haemodracon",36.65,"GenusAverage",4
"Haemopis",0.01061,"GenusAverage",1
"Haemorhous",24.54,"GenusAverage",5
"Haemulon",556.3,"GenusAverage",8
"Haemulopsis",425.5,"GenusAverage",2
"Haeromys",12.87,"GenusAverage",8
"Hagenius",1.2,"GenusAverage",1
"Hahnia",3e-05,"GenusAverage",2
"Haitiophis",2179,"GenusAverage",1
"Hakaria",4.118,"GenusAverage",2
"Halcyon",69.88,"GenusAverage",35
"Haldea",8.7,"GenusAverage",1
"Halesia",890000,"GenusAverage",1
"Halesus",0.002027,"GenusAverage",1
"Haliaeetus",3360,"GenusAverage",33
"Haliastur",491.9,"GenusAverage",7
"Halicarcinus",0.04096,"GenusAverage",1
"Halichoeres",127.7,"GenusAverage",8
"Halichoerus",150000,"GenusAverage",0
"Haliotis",363,"GenusAverage",1
"Haliphron",431.5,"GenusAverage",1
"Haliporoides",48.09,"GenusAverage",1
"Haliscera",0.6795,"GenusAverage",1
"Halmaheramys",89,"GenusAverage",1
"Halobaena",198,"GenusAverage",3
"Halocyptena",20.5,"GenusAverage",1
"Halodule",0.05,"GenusAverage",1
"Halosauropsis",3268,"GenusAverage",1
"Hamirostra",1196,"GenusAverage",2
"Hampala",6383,"GenusAverage",2
"Handleyomys",43.29,"GenusAverage",14
"Hapalemur",1267,"GenusAverage",27
"Hapalochlaena",40.5,"GenusAverage",2
"Hapalogenys",899.4,"GenusAverage",2
"Hapalomys",68.1,"GenusAverage",7
"Hapalopsittaca",97.02,"GenusAverage",7
"Hapaloptila",80.33,"GenusAverage",2
"Haplochelidon",16.88,"GenusAverage",2
"Haplochromis",17.6,"GenusAverage",3
"Haploidoceros",1e+05,"GenusAverage",1
"Haplonycteris",18.13,"GenusAverage",6
"Haplophaedia",5.824,"GenusAverage",7
"Haplospiza",15.56,"GenusAverage",4
"Haplothrips",0.0001724,"GenusAverage",1
"Hapsidophrys",238.1,"GenusAverage",6
"Hara",0.4,"GenusAverage",1
"Harengula",52.92,"GenusAverage",1
"Haringtonhippus",3e+05,"GenusAverage",1
"Harmothoe",0.4,"GenusAverage",0
"Harpactes",75.46,"GenusAverage",19
"Harpadon",1284,"GenusAverage",2
"Harpagifer",3.792,"GenusAverage",4
"Harpagus",203.4,"GenusAverage",4
"Harpalus",0.1059,"GenusAverage",0
"Harpesaurus",12.27,"GenusAverage",10
"Harpia",5350,"GenusAverage",4
"Harpiocephalus",16.11,"GenusAverage",5
"Harpiola",6.7,"GenusAverage",2
"Harpiosquilla",75.77,"GenusAverage",1
"Harpyhaliaetus",2975,"GenusAverage",2
"Harpyionycteris",113.5,"GenusAverage",9
"Harpyopsis",1980,"GenusAverage",2
"Harrisoniascincus",3.909,"GenusAverage",2
"Hartertula",9.725,"GenusAverage",1
"Hartlaubius",40.5,"GenusAverage",1
"Harttia",30.21,"GenusAverage",4
"Hasemania",1.3,"GenusAverage",1
"Hassar",195.6,"GenusAverage",1
"Hasseltia",220000,"GenusAverage",1
"Haustrum",2.065,"GenusAverage",0
"Hebius",87.38,"GenusAverage",43
"Hebrus",0.001619,"GenusAverage",2
"Hedinichthys",241.7,"GenusAverage",1
"Hedydipna",7.219,"GenusAverage",4
"Hedyosmum",11000,"GenusAverage",1
"Heimyscus",15.74,"GenusAverage",5
"Heinrichia",33.6,"GenusAverage",1
"Heisterai",180000,"GenusAverage",1
"Helarctos",48580,"GenusAverage",8
"Heleia",19,"GenusAverage",2
"Heliactin",4.4,"GenusAverage",2
"Heliangelus",4.635,"GenusAverage",16
"Heliaster",200,"GenusAverage",0
"Helicocranchia",28.5,"GenusAverage",1
"Helicolenus",664.1,"GenusAverage",4
"Helicolestes",425,"GenusAverage",2
"Heliconoides",0.00022,"GenusAverage",1
"Helicophagus",13300,"GenusAverage",1
"Helicops",126.3,"GenusAverage",20
"Heliobletus",14,"GenusAverage",2
"Heliobolus",5.314,"GenusAverage",9
"Heliocidaris",128.6,"GenusAverage",1
"Heliodoxa",7.276,"GenusAverage",30
"Heliolais",11.5,"GenusAverage",2
"Heliomaster",6.371,"GenusAverage",9
"Heliopais",510,"GenusAverage",1
"Heliophobius",149.2,"GenusAverage",8
"Heliornis",132,"GenusAverage",2
"Heliosciurus",300.4,"GenusAverage",27
"Heliothryx",5.642,"GenusAverage",5
"Hellenolacerta",12.14,"GenusAverage",3
"Hellmayrea",12.42,"GenusAverage",2
"Helminthophis",5.067,"GenusAverage",3
"Helmitheros",10.76,"GenusAverage",5
"Heloderma",1662,"GenusAverage",9
"Helodidae",0.001826,"GenusAverage",1
"Helogale",319.5,"GenusAverage",12
"Helophis",34.8,"GenusAverage",1
"Helopsaltes",16.35,"GenusAverage",2
"Hemachatus",669.7,"GenusAverage",1
"Hemaris",3,"GenusAverage",1
"Hemerophis",317.2,"GenusAverage",1
"Hemiaspis",90.35,"GenusAverage",2
"Hemiauchenia",380000,"GenusAverage",4
"Hemibagrus",15090,"GenusAverage",12
"Hemibarbus",869.2,"GenusAverage",7
"Hemibelideus",867.1,"GenusAverage",8
"Hemibrycon",17.75,"GenusAverage",2
"Hemibungarus",52,"GenusAverage",1
"Hemicaranx",274.7,"GenusAverage",1
"Hemicentetes",116.2,"GenusAverage",13
"Hemichromis",45,"GenusAverage",0
"Hemicircus",36.66,"GenusAverage",4
"Hemicloea",0.028,"GenusAverage",0
"Hemicordylus",22.41,"GenusAverage",5
"Hemiculter",125.8,"GenusAverage",6
"Hemiculterella",49.62,"GenusAverage",3
"Hemidactylium",7.5,"GenusAverage",1
"Hemidactylus",7.042,"GenusAverage",319
"Hemidoras",71.35,"GenusAverage",2
"Hemiechinus",274,"GenusAverage",15
"Hemieleotris",21.5,"GenusAverage",1
"Hemiergis",4.096,"GenusAverage",21
"Hemigaleus",1490,"GenusAverage",1
"Hemigalus",2191,"GenusAverage",7
"Hemignathus",19.09,"GenusAverage",14
"Hemigobius",1.6,"GenusAverage",1
"Hemigrammocypris",3.5,"GenusAverage",1
"Hemigrammus",0.6536,"GenusAverage",3
"Hemigymnus",1197,"GenusAverage",2
"Hemilepidotus",1007,"GenusAverage",4
"Hemilutjanus",1741,"GenusAverage",1
"Hemiodus",121.8,"GenusAverage",5
"Hemiphaga",649,"GenusAverage",6
"Hemiphyllodactylus",2.087,"GenusAverage",40
"Hemiprocne",40.63,"GenusAverage",9
"Hemipus",9.595,"GenusAverage",4
"Hemiramphus",139.1,"GenusAverage",2
"Hemirhagerrhis",25.85,"GenusAverage",6
"Hemisalanx",4.7,"GenusAverage",1
"Hemisorubim",2670,"GenusAverage",1
"Hemisphaeriodon",442.3,"GenusAverage",1
"Hemispingus",18.16,"GenusAverage",28
"Hemistenus",0.0001647,"GenusAverage",1
"Hemisus",5.723,"GenusAverage",2
"Hemitesia",14.22,"GenusAverage",3
"Hemitheconyx",65.4,"GenusAverage",7
"Hemithraupis",12.13,"GenusAverage",6
"Hemitragus",51750,"GenusAverage",20
"Hemitriakis",3172,"GenusAverage",3
"Hemitriccus",8.813,"GenusAverage",39
"Hemitripterus",6396,"GenusAverage",2
"Hemixos",33.08,"GenusAverage",5
"Hemorrhois",439.2,"GenusAverage",6
"Henicopernis",654.9,"GenusAverage",3
"Henicophaps",247,"GenusAverage",3
"Henicorhina",15.06,"GenusAverage",9
"Heniochus",320.3,"GenusAverage",3
"Henricia",187.5,"GenusAverage",1
"Heosemys",5201,"GenusAverage",4
"Hephaestus",2978,"GenusAverage",3
"Hephthocara",40.7,"GenusAverage",1
"Hepsetus",21.27,"GenusAverage",0
"Hercostomus",6e-04,"GenusAverage",1
"Heremites",26.57,"GenusAverage",3
"Herichthys",801.5,"GenusAverage",1
"Herina",0.0005108,"GenusAverage",3
"Herklotsichthys",15,"GenusAverage",1
"Hermissenda",10,"GenusAverage",1
"Heros",166.6,"GenusAverage",2
"Herpailurus",7324,"GenusAverage",4
"Herpestes",1501,"GenusAverage",59
"Herpetoreas",175.1,"GenusAverage",3
"Herpetotheres",628.7,"GenusAverage",6
"Herpsilochmus",10.35,"GenusAverage",27
"Herwigia",447.6,"GenusAverage",1
"Herzensteinia",453.8,"GenusAverage",1
"Hesperiphona",53.71,"GenusAverage",5
"Hesperoedura",6.209,"GenusAverage",3
"Hesperoptenus",14.06,"GenusAverage",15
"Hestimodema",0.073,"GenusAverage",0
"Heteralocha",378,"GenusAverage",2
"Heterandria",0.09901,"GenusAverage",0
"Heterobranchus",47700,"GenusAverage",1
"Heterocampa",0.2278,"GenusAverage",1
"Heterocephalus",40.79,"GenusAverage",10
"Heterocercus",21.35,"GenusAverage",6
"Heterocharax",1.321,"GenusAverage",0
"Heteroconger",126.4,"GenusAverage",1
"Heterodactylus",14.84,"GenusAverage",6
"Heterodon",174.9,"GenusAverage",17
"Heterodontus",11870,"GenusAverage",2
"Heterogeomys",331.5,"GenusAverage",2
"Heteroglaux",241,"GenusAverage",2
"Heterohyrax",2043,"GenusAverage",8
"Heteroliodon",8.433,"GenusAverage",3
"Heteromirafra",27.53,"GenusAverage",8
"Heteromunia",15.19,"GenusAverage",2
"Heteromyias",36.25,"GenusAverage",5
"Heteromys",72.25,"GenusAverage",38
"Heteronetta",528.2,"GenusAverage",5
"Heteronotia",4.035,"GenusAverage",12
"Heterophasia",35.05,"GenusAverage",17
"Heteropneustes",243.9,"GenusAverage",2
"Heteropriacanthus",2237,"GenusAverage",2
"Heteropsomys",930,"GenusAverage",1
"Heteroscelus",117.6,"GenusAverage",2
"Heterospingus",38.59,"GenusAverage",4
"Heterostichus",200,"GenusAverage",0
"Heterotilapia",399.1,"GenusAverage",1
"Heterotis",6111,"GenusAverage",2
"Heterotrissocladius",1.236e-05,"GenusAverage",2
"Heteroxenicus",23,"GenusAverage",1
"Heteroxolmis",42.78,"GenusAverage",1
"Heterozostera",0.05,"GenusAverage",1
"Heurnia",166.7,"GenusAverage",2
"Hexagrammos",1527,"GenusAverage",6
"Hexanchus",5e+05,"GenusAverage",1
"Hexaprotodon",340800,"GenusAverage",8
"Hexolobodon",3160,"GenusAverage",1
"HexolobodontinaeGen",1462,"GenusAverage",1
"Hiatella",12.9,"GenusAverage",2
"Hickmania",0.465,"GenusAverage",0
"Hieraaetus",967.1,"GenusAverage",16
"Hierococcyx",97.73,"GenusAverage",8
"Hierophis",1331,"GenusAverage",6
"Himantolophus",71.1,"GenusAverage",2
"Himantopus",168.4,"GenusAverage",16
"Himantornis",587.7,"GenusAverage",2
"Himantura",327500,"GenusAverage",2
"Himatione",13.89,"GenusAverage",8
"Hime",138.4,"GenusAverage",1
"Hiodon",962.9,"GenusAverage",5
"Hipparion",150000,"GenusAverage",1
"Hippasteria",400,"GenusAverage",0
"Hippidion",362200,"GenusAverage",5
"Hippocamelus",67290,"GenusAverage",14
"Hippocampus",39.83,"GenusAverage",18
"Hippoglossoides",1847,"GenusAverage",5
"Hippoglossus",325200,"GenusAverage",6
"Hippolais",11.64,"GenusAverage",22
"Hippopotamus",962100,"GenusAverage",14
"Hippopotamyrus",1100,"GenusAverage",0
"Hipposcarus",2300,"GenusAverage",1
"Hipposideros",26.06,"GenusAverage",200
"Hippotragus",210400,"GenusAverage",23
"Hirtella",2e+05,"GenusAverage",1
"Hirundapus",123.9,"GenusAverage",10
"Hirundichthys",173.4,"GenusAverage",1
"Hirundinea",30.85,"GenusAverage",2
"Hirundo",17.21,"GenusAverage",102
"Histiodraco",128.2,"GenusAverage",1
"Histiopterus",1534,"GenusAverage",1
"Histioteuthis",116.8,"GenusAverage",5
"Histiotus",11.67,"GenusAverage",16
"Histrionicus",583.6,"GenusAverage",6
"Histriophoca",75060,"GenusAverage",7
"Histurgops",69,"GenusAverage",3
"Hodgsonius",21.1,"GenusAverage",1
"Hodomys",367.7,"GenusAverage",5
"Hogna",0.1134,"GenusAverage",1
"Holacanthus",1605,"GenusAverage",5
"Holaspis",3.065,"GenusAverage",4
"Holbrookia",10.57,"GenusAverage",18
"Holcosus",43.1,"GenusAverage",26
"Holmesi",184200,"GenusAverage",1
"Holmesina",180400,"GenusAverage",3
"Holobaena",200,"GenusAverage",0
"Holocentrus",134.2,"GenusAverage",0
"Holochilus",168.1,"GenusAverage",13
"Holodactylus",13.77,"GenusAverage",5
"Hologerrhum",17.75,"GenusAverage",2
"Hololena",0.0264,"GenusAverage",2
"Holopedium",6.682e-05,"GenusAverage",1
"Holothuria",1389,"GenusAverage",12
"Homalophis",271.5,"GenusAverage",2
"Homalopsis",1125,"GenusAverage",6
"Homaloptera",9.875,"GenusAverage",4
"Homalopteroides",3.94,"GenusAverage",1
"Homarus",7446,"GenusAverage",3
"Homatula",19.79,"GenusAverage",5
"Homo",62040,"GenusAverage",9
"Homonota",3.02,"GenusAverage",31
"Homopholis",23.7,"GenusAverage",8
"Homopus",237.7,"GenusAverage",4
"Homoroselaps",25.3,"GenusAverage",2
"Homotherium",189000,"GenusAverage",3
"Hoolock",6993,"GenusAverage",7
"Hoplerythrinus",68.04,"GenusAverage",0
"Hoplias",9716,"GenusAverage",4
"Hoplichthys",44.6,"GenusAverage",1
"Hoplobatrachus",283.4,"GenusAverage",4
"Hoplocephalus",258.8,"GenusAverage",4
"Hoplocercus",33.22,"GenusAverage",2
"Hoplodactylus",606,"GenusAverage",5
"Hoplolatilus",23.9,"GenusAverage",1
"Hoplomys",366.7,"GenusAverage",8
"Hoplophorus",280000,"GenusAverage",2
"Hoplostethus",923.3,"GenusAverage",5
"Hoploxypterus",77.6,"GenusAverage",1
"Hoplunnis",140.4,"GenusAverage",1
"Horabagrus",678.2,"GenusAverage",2
"Horadandia",0.3,"GenusAverage",1
"Horizorhinus",18.29,"GenusAverage",3
"Hormonotus",69.37,"GenusAverage",3
"Horornis",22.94,"GenusAverage",12
"Houbaropsis",2019,"GenusAverage",2
"Hsunycteris",6.9,"GenusAverage",1
"Hucho",38840,"GenusAverage",8
"Huetia",21.2,"GenusAverage",1
"Huia",1.685,"GenusAverage",2
"Huigobio",6.2,"GenusAverage",1
"Hulitherium",137500,"GenusAverage",1
"Humblotia",23.14,"GenusAverage",1
"Hura",1600000,"GenusAverage",1
"Huso",1655000,"GenusAverage",7
"Hyaena",39080,"GenusAverage",17
"Hyalella",0.00578,"GenusAverage",1
"Hyalocylis",0.01335,"GenusAverage",1
"Hyalosaurus",24.28,"GenusAverage",1
"Hybognathus",19.1,"GenusAverage",2
"Hybomys",53.14,"GenusAverage",22
"Hydra",2e-04,"GenusAverage",1
"Hydrablabes",26.2,"GenusAverage",2
"Hydraethiops",111.9,"GenusAverage",2
"Hydrelaps",57.3,"GenusAverage",2
"Hydrictis",4018,"GenusAverage",6
"Hydrobates",20.54,"GenusAverage",4
"Hydrobia",0.007627,"GenusAverage",2
"Hydrochaeris",55000,"GenusAverage",1
"Hydrochoeris",39140,"GenusAverage",3
"Hydrochoerus",37500,"GenusAverage",6
"Hydrochous",35.8,"GenusAverage",2
"Hydrocoloeus",118.8,"GenusAverage",2
"Hydrocynus",26820,"GenusAverage",3
"Hydrodamalis",7451000,"GenusAverage",8
"Hydrodynastes",933,"GenusAverage",4
"Hydrolycus",11980,"GenusAverage",3
"Hydromantes",13.35,"GenusAverage",3
"Hydromorphus",60.7,"GenusAverage",2
"Hydromys",277,"GenusAverage",14
"Hydrophasianus",156.7,"GenusAverage",4
"Hydrophis",596.7,"GenusAverage",76
"Hydropotes",11670,"GenusAverage",9
"Hydroprogne",651.2,"GenusAverage",3
"Hydrops",144.9,"GenusAverage",6
"Hydropsalis",42.88,"GenusAverage",6
"Hydropsyche",0.02248,"GenusAverage",1
"Hydroptila",1.7e-05,"GenusAverage",1
"Hydrornis",106,"GenusAverage",9
"Hydrosaurus",1096,"GenusAverage",7
"Hydrurga",268500,"GenusAverage",12
"Hyemoschus",9957,"GenusAverage",11
"Hygophum",2.993,"GenusAverage",2
"Hyla",10.52,"GenusAverage",20
"Hylacola",15.51,"GenusAverage",6
"Hyladelphys",16.04,"GenusAverage",3
"Hylaeamys",64.23,"GenusAverage",8
"Hylaeus",0.003202,"GenusAverage",1
"Hylarana",7.083,"GenusAverage",5
"Hylexetastes",105.9,"GenusAverage",8
"Hylia",12.56,"GenusAverage",5
"Hyliota",12.62,"GenusAverage",12
"Hylobates",6011,"GenusAverage",71
"Hylocharis",4.332,"GenusAverage",25
"Hylochoerus",201500,"GenusAverage",7
"Hylocichla",46.76,"GenusAverage",4
"Hylocitrea",27.5,"GenusAverage",1
"Hylocryptus",47.18,"GenusAverage",4
"Hyloctistes",28.98,"GenusAverage",4
"Hylomanes",29.3,"GenusAverage",2
"Hylomys",55.95,"GenusAverage",10
"Hylomyscus",25.54,"GenusAverage",40
"Hylonycteris",7.088,"GenusAverage",5
"Hylonympha",12.96,"GenusAverage",1
"Hylopetes",235.1,"GenusAverage",33
"Hylopezus",39.93,"GenusAverage",18
"Hylophilus",11.39,"GenusAverage",33
"Hylophylax",14.82,"GenusAverage",6
"Hylopsar",63.87,"GenusAverage",1
"Hylorchilus",28.85,"GenusAverage",4
"Hymenaster",6.612,"GenusAverage",0
"Hymenochirus",2,"GenusAverage",1
"Hymenodora",1.233,"GenusAverage",0
"Hymenolaimus",856.7,"GenusAverage",5
"Hymenops",22.91,"GenusAverage",2
"Hynobius",37.59,"GenusAverage",8
"Hyomys",884.5,"GenusAverage",9
"Hyosciurus",305.5,"GenusAverage",4
"Hypanus",68140,"GenusAverage",1
"Hypargos",13.82,"GenusAverage",7
"Hypentelium",1505,"GenusAverage",2
"Hyperacrius",37.43,"GenusAverage",9
"Hypergerus",29.23,"GenusAverage",3
"Hyperoche",0.00241,"GenusAverage",1
"Hyperoglyphe",14020,"GenusAverage",3
"Hyperolius",1.725,"GenusAverage",12
"Hyperoodon",3168000,"GenusAverage",15
"Hyphantria",0.181,"GenusAverage",1
"Hyphessobrycon",0.475,"GenusAverage",4
"Hypnale",60.8,"GenusAverage",3
"Hypnelus",49.93,"GenusAverage",3
"Hypoatherina",15.94,"GenusAverage",1
"Hypocnemis",12.19,"GenusAverage",14
"Hypocnemoides",13.08,"GenusAverage",4
"Hypocolius",51.45,"GenusAverage",3
"Hypocryptadius",29.68,"GenusAverage",3
"Hypocyphtus",1e-04,"GenusAverage",1
"Hypoedaleus",38.79,"GenusAverage",2
"Hypogeomys",1515,"GenusAverage",9
"Hypogramma",11.43,"GenusAverage",2
"Hypomasticus",255.5,"GenusAverage",1
"Hypomesus",71.26,"GenusAverage",4
"Hypophthalmichthys",19220,"GenusAverage",5
"Hypophthalmus",551.9,"GenusAverage",2
"Hypoplectrus",57.3,"GenusAverage",0
"Hypopomus",588,"GenusAverage",0
"Hypoptophis",26.4,"GenusAverage",1
"Hypoptopoma",21.67,"GenusAverage",3
"Hypoptychus",4,"GenusAverage",1
"Hypopyrrhus",257.9,"GenusAverage",1
"Hyporhamphus",154.5,"GenusAverage",10
"Hyporthodus",61440,"GenusAverage",6
"Hypositta",14.15,"GenusAverage",3
"Hypostenus",0.0002189,"GenusAverage",2
"Hypostomus",605.1,"GenusAverage",20
"Hypotaenidia",320.5,"GenusAverage",2
"Hypothymis",11.6,"GenusAverage",7
"Hypselecara",137.2,"GenusAverage",2
"Hypseleotris",1.78,"GenusAverage",2
"Hypselobarbus",8651,"GenusAverage",8
"Hypsibarbus",1453,"GenusAverage",2
"Hypsicalotes",105.9,"GenusAverage",2
"Hypsiglena",36.21,"GenusAverage",26
"Hypsignathus",333.4,"GenusAverage",7
"Hypsilurus",213.2,"GenusAverage",37
"Hypsipetes",50.33,"GenusAverage",24
"Hypsiprymnodon",514.2,"GenusAverage",7
"Hypsirhynchus",84.28,"GenusAverage",9
"Hypsiscopus",82.7,"GenusAverage",2
"Hypsugo",5.74,"GenusAverage",38
"Hystrix",11300,"GenusAverage",52
"Ia",49.25,"GenusAverage",3
"Ialtris",126.4,"GenusAverage",4
"Ianthocincla",81.45,"GenusAverage",2
"Iberochondrostoma",234.6,"GenusAverage",1
"Iberolacerta",8.909,"GenusAverage",23
"Ibidorhyncha",294,"GenusAverage",3
"Ibycter",624,"GenusAverage",2
"Icelus",160,"GenusAverage",1
"Ichneumia",3508,"GenusAverage",8
"Ichnotropis",6.838,"GenusAverage",10
"Ichthyaetus",595.1,"GenusAverage",9
"Ichthyococcus",8.4,"GenusAverage",1
"Ichthyoelephas",8339,"GenusAverage",1
"Ichthyomys",84.67,"GenusAverage",16
"Ichthyomyzon",16.95,"GenusAverage",4
"Ichthyophaga",1186,"GenusAverage",2
"Ichthyophis",43.25,"GenusAverage",1
"Ichthyosaura",6.4,"GenusAverage",0
"Ictalurus",11910,"GenusAverage",6
"Icteria",22.37,"GenusAverage",7
"Icterus",39.2,"GenusAverage",96
"Ictidomys",183.3,"GenusAverage",5
"Ictinaetus",1028,"GenusAverage",2
"Ictinia",244.2,"GenusAverage",11
"Ictiobus",25040,"GenusAverage",9
"Ictonyx",923.2,"GenusAverage",13
"Idiacanthus",212.7,"GenusAverage",0
"Idionycteris",12.09,"GenusAverage",5
"Idiopsar",43,"GenusAverage",2
"Idiosepius",0.4,"GenusAverage",1
"Idiotypa",4.5e-05,"GenusAverage",1
"Idiurus",47.45,"GenusAverage",11
"Idothea",0.001054,"GenusAverage",1
"Iduna",11.65,"GenusAverage",8
"Ifrita",32.15,"GenusAverage",3
"Iguana",4999,"GenusAverage",10
"Iguanodectes",1.467,"GenusAverage",1
"Iguanognathus",8.9,"GenusAverage",1
"Iheringichthys",194.9,"GenusAverage",1
"Ihlea",5,"GenusAverage",1
"Iksookimia",7.825,"GenusAverage",4
"Ilicura",13.34,"GenusAverage",2
"Ilione",0.003291,"GenusAverage",2
"Ilisha",732.1,"GenusAverage",3
"Illadopsis",29.52,"GenusAverage",26
"Illex",338.6,"GenusAverage",4
"Illicium",391300,"GenusAverage",1
"Imantodes",236.7,"GenusAverage",10
"Imparfinis",4.2,"GenusAverage",1
"Impatiens",0.625,"GenusAverage",2
"Inarchus",15.8,"GenusAverage",1
"Incana",10.44,"GenusAverage",2
"Incaspiza",27.04,"GenusAverage",10
"Incilius",48.08,"GenusAverage",2
"Incisilabeo",10000,"GenusAverage",1
"Indicator",30.03,"GenusAverage",37
"Indopacetus",2194000,"GenusAverage",5
"Indostomus",0.1,"GenusAverage",1
"Indotestudo",1327,"GenusAverage",5
"Indotyphlops",3.916,"GenusAverage",25
"Indri",7961,"GenusAverage",8
"Inezia",8.4,"GenusAverage",8
"Ingerophrynus",5.662,"GenusAverage",3
"Inia",118400,"GenusAverage",8
"Inimicus",582.2,"GenusAverage",1
"Inpaichthys",0.3,"GenusAverage",1
"Insulacebus",4800,"GenusAverage",1
"Insulasaurus",4.303,"GenusAverage",8
"Intellagama",730.2,"GenusAverage",3
"Inyoka",111.7,"GenusAverage",1
"Iodopleura",15.11,"GenusAverage",6
"Iole",26.38,"GenusAverage",5
"Iomys",147.5,"GenusAverage",8
"Iphisa",2.967,"GenusAverage",3
"Irania",23.1,"GenusAverage",4
"Iranocichla",6.79,"GenusAverage",1
"Iranolacerta",10.25,"GenusAverage",4
"Irediparra",97.02,"GenusAverage",3
"Irena",72.65,"GenusAverage",5
"Irenomys",43.17,"GenusAverage",4
"Iridophanes",15.4,"GenusAverage",2
"Iridosornis",23.34,"GenusAverage",9
"Ironus",8.32e-07,"GenusAverage",1
"Isacia",183,"GenusAverage",1
"Isala",0.046,"GenusAverage",0
"Ischikauia",208.8,"GenusAverage",1
"Ischnura",0.006658,"GenusAverage",1
"Isistius",254.4,"GenusAverage",1
"Iskandaria",14.2,"GenusAverage",1
"Isleria",11.35,"GenusAverage",1
"Ismarus",7.35e-05,"GenusAverage",1
"Iso",0.6,"GenusAverage",1
"Isolobodon",1280,"GenusAverage",2
"Isonychia",0.00344,"GenusAverage",0
"Isoodon",864.9,"GenusAverage",29
"Isopachys",7.396,"GenusAverage",9
"Isopeda",1.72,"GenusAverage",0
"Isopisthus",24.4,"GenusAverage",0
"Isostichopus",1800,"GenusAverage",1
"Isothrix",307.8,"GenusAverage",16
"Ispidina",11.55,"GenusAverage",3
"Isthmomys",185.8,"GenusAverage",7
"Istigobius",3.9,"GenusAverage",1
"Istiompax",68820,"GenusAverage",0
"Istiophorus",58360,"GenusAverage",1
"Isurus",150400,"GenusAverage",0
"Itapotihyla",18.7,"GenusAverage",0
"Ithaginis",527.8,"GenusAverage",2
"Ithycyphus",369.1,"GenusAverage",5
"Ixobrychus",130.3,"GenusAverage",24
"Ixonotus",35.27,"GenusAverage",3
"Ixoreus",80.08,"GenusAverage",3
"Ixos",46.77,"GenusAverage",10
"Jabiru",6234,"GenusAverage",4
"Jabouilleia",35.5,"GenusAverage",2
"Jacamaralcyon",18.31,"GenusAverage",2
"Jacamerops",62.55,"GenusAverage",2
"Jacana",105.1,"GenusAverage",9
"Jacaranda",2200000,"GenusAverage",1
"Jaculus",82.05,"GenusAverage",18
"Janetaescincus",0.7995,"GenusAverage",4
"Japalura",16.22,"GenusAverage",64
"Jarujinia",3.992,"GenusAverage",2
"Jasus",1437,"GenusAverage",1
"Jaydia",5.14,"GenusAverage",1
"Jenkinsia",4.9,"GenusAverage",1
"Jenynsia",13.29,"GenusAverage",1
"Jinshaia",29.4,"GenusAverage",2
"Johnius",196.9,"GenusAverage",9
"Jordanella",5.439,"GenusAverage",0
"Jubula",183,"GenusAverage",3
"Juliomys",21.35,"GenusAverage",5
"Junco",20.75,"GenusAverage",17
"Jupiaba",1.561,"GenusAverage",0
"Juscelinomys",98.4,"GenusAverage",6
"Jynx",42.2,"GenusAverage",8
"Kadarsanomys",199.5,"GenusAverage",1
"Kaestlea",3.902,"GenusAverage",10
"Kaieteurosaurus",1.814,"GenusAverage",2
"Kaiya",0.158,"GenusAverage",0
"Kajikia",170400,"GenusAverage",2
"Kakamega",35.87,"GenusAverage",4
"Kali",102.9,"GenusAverage",1
"Kalinga",48.73,"GenusAverage",0
"Kalophrynus",1.501,"GenusAverage",1
"Kaloula",17.34,"GenusAverage",4
"Kamimuria",0.06875,"GenusAverage",0
"Kanakysaurus",9.637,"GenusAverage",4
"Kannabateomys",560.4,"GenusAverage",7
"Kareius",1236,"GenusAverage",1
"Karnsophis",41.8,"GenusAverage",1
"Karsenia",19.8,"GenusAverage",1
"Karusasaurus",50.06,"GenusAverage",6
"Kassina",3.634,"GenusAverage",3
"Katria",25.4,"GenusAverage",1
"Katsuwonus",5360,"GenusAverage",0
"Kaupichthys",33.8,"GenusAverage",1
"Kaupifalco",272.8,"GenusAverage",4
"Kelicottia",3.25e-08,"GenusAverage",2
"Kellicottia",2e-08,"GenusAverage",1
"Kenopia",19.9,"GenusAverage",2
"Kentrocapros",45,"GenusAverage",1
"Kentropyx",33.18,"GenusAverage",23
"Keratella",1.3e-08,"GenusAverage",3
"Kerivoula",5.835,"GenusAverage",67
"Kerodon",1075,"GenusAverage",8
"Ketupa",1430,"GenusAverage",7
"Kichulchoia",10.6,"GenusAverage",2
"Kilyana",0.171,"GenusAverage",0
"Kinixys",1108,"GenusAverage",6
"Kinosternon",221.2,"GenusAverage",18
"Kinyongia",25.62,"GenusAverage",41
"Kiotina",0.01032,"GenusAverage",0
"Klais",2.575,"GenusAverage",3
"Kleidotoma",2.17e-05,"GenusAverage",1
"Knipolegus",18.05,"GenusAverage",23
"Knodus",661,"GenusAverage",0
"Kobus",98310,"GenusAverage",41
"Kogia",544700,"GenusAverage",16
"Kolekanos",2.385,"GenusAverage",2
"Kolopsis",3e+05,"GenusAverage",1
"Kolpochoerus",264500,"GenusAverage",1
"Kolpophis",201.1,"GenusAverage",1
"Komodomys",128.6,"GenusAverage",2
"Kondakovia",688.7,"GenusAverage",1
"Konia",15.5,"GenusAverage",1
"Konosirus",235.3,"GenusAverage",2
"Koreocobitis",22.05,"GenusAverage",2
"Koumansetta",0.52,"GenusAverage",1
"Kraemeria",0.1,"GenusAverage",1
"Krefftichthys",3.196,"GenusAverage",0
"Krobia",27.9,"GenusAverage",1
"Kronoheros",2779,"GenusAverage",1
"Kryptolebias",6.55,"GenusAverage",2
"Kryptopterus",19.9,"GenusAverage",1
"Kualatahan",5.5,"GenusAverage",1
"Kuhlia",1100,"GenusAverage",3
"Kunsia",141.8,"GenusAverage",8
"Kupeornis",50,"GenusAverage",4
"Kurixalus",1.98,"GenusAverage",1
"Kyphosus",3159,"GenusAverage",2
"Labeo",7015,"GenusAverage",25
"Labeobarbus",9469,"GenusAverage",10
"Labichthys",679.3,"GenusAverage",1
"Labidesthes",2.82,"GenusAverage",0
"Labidiaster",252.6,"GenusAverage",1
"Labidocera",0.00221,"GenusAverage",1
"Labracinus",267.2,"GenusAverage",1
"Labracoglossa",118.3,"GenusAverage",1
"Labrisomus",202.7,"GenusAverage",1
"Labrus",1599,"GenusAverage",1
"Lacedo",47.4,"GenusAverage",2
"Lacerta",35.35,"GenusAverage",38
"Lacertaspis",4.749,"GenusAverage",10
"Lacertoides",39.14,"GenusAverage",2
"Lachesis",14920,"GenusAverage",7
"Lactarius",869.9,"GenusAverage",1
"Lactophrys",1221,"GenusAverage",0
"Lactoria",666.1,"GenusAverage",3
"Laemanctus",166.6,"GenusAverage",4
"Laemonema",191.5,"GenusAverage",1
"Laeonereis",1.13,"GenusAverage",1
"Laephotis",6.706,"GenusAverage",12
"Laevilacunaria",0.126,"GenusAverage",1
"Lafresnaya",5.198,"GenusAverage",3
"Lagenodelphis",164000,"GenusAverage",0
"Lagenorhynchus",141400,"GenusAverage",38
"Lagidium",1864,"GenusAverage",18
"Lagocephalus",3569,"GenusAverage",14
"Lagodon",1500,"GenusAverage",0
"Lagonosticta",9.97,"GenusAverage",29
"Lagopus",425,"GenusAverage",19
"Lagorchestes",2202,"GenusAverage",23
"Lagostomus",5423,"GenusAverage",9
"Lagostrophus",1718,"GenusAverage",9
"Lagothrix",6667,"GenusAverage",19
"Lagotrix",6870,"GenusAverage",1
"Lagurus",21.94,"GenusAverage",7
"Laides",28.1,"GenusAverage",1
"Lalage",30.24,"GenusAverage",24
"Lama",84900,"GenusAverage",17
"Lambdina",0.2278,"GenusAverage",1
"Lamellibranchia",7,"GenusAverage",1
"Laminaria",1003,"GenusAverage",3
"Lamiopsis",52400,"GenusAverage",1
"Lamna",194100,"GenusAverage",2
"Lamottemys",56.05,"GenusAverage",2
"Lampadena",32.5,"GenusAverage",1
"Lampanyctodes",0.65,"GenusAverage",0
"Lampanyctus",27.39,"GenusAverage",7
"Lampetra",63,"GenusAverage",3
"Lampornis",5.829,"GenusAverage",24
"Lampris",21530,"GenusAverage",0
"Lamprogrammus",1148,"GenusAverage",1
"Lamprolaima",6.821,"GenusAverage",6
"Lamprolepis",12.91,"GenusAverage",9
"Lamprolia",14.83,"GenusAverage",2
"Lamprologus",2.4,"GenusAverage",1
"Lampronycteris",10.79,"GenusAverage",4
"Lampropeltis",451.1,"GenusAverage",47
"Lamprophis",77.25,"GenusAverage",8
"Lampropholis",2.348,"GenusAverage",27
"Lampropsar",117.2,"GenusAverage",1
"Lamprospiza",35.25,"GenusAverage",2
"Lamprotornis",78.84,"GenusAverage",62
"Langaha",218.4,"GenusAverage",3
"Laniarius",46.57,"GenusAverage",48
"Laniisoma",47.58,"GenusAverage",4
"Lanio",29.36,"GenusAverage",8
"Laniocera",49.66,"GenusAverage",5
"Lanioturdus",32.18,"GenusAverage",3
"Lanius",41.03,"GenusAverage",89
"Lankascincus",3.137,"GenusAverage",20
"Lanthanotus",769.3,"GenusAverage",2
"Laonastes",375,"GenusAverage",1
"Laotriton",45,"GenusAverage",1
"Larimichthys",2261,"GenusAverage",4
"Larimus",271.1,"GenusAverage",1
"Larinioides",0.0652,"GenusAverage",3
"Lariscus",184.9,"GenusAverage",15
"Larosterna",212.5,"GenusAverage",3
"Larus",662.5,"GenusAverage",163
"Larutia",20.76,"GenusAverage",14
"Larvivora",18.03,"GenusAverage",5
"Lasionycteris",10.45,"GenusAverage",7
"Lasiopodomys",52.31,"GenusAverage",9
"Lasiorhinus",34360,"GenusAverage",17
"Lasiurus",15.82,"GenusAverage",54
"Latastia",11.46,"GenusAverage",20
"Lateolabrax",13130,"GenusAverage",2
"Laterallus",42.03,"GenusAverage",22
"Lates",29830,"GenusAverage",14
"Lathamus",64.68,"GenusAverage",4
"Lathrobium",6e-04,"GenusAverage",1
"Lathrotriccus",11.2,"GenusAverage",4
"Laticauda",418.5,"GenusAverage",19
"Latidens",52.6,"GenusAverage",2
"Latimeria",53140,"GenusAverage",4
"Latoucheornis",17.99,"GenusAverage",1
"Latris",8789,"GenusAverage",1
"Latrodectus",12.79,"GenusAverage",2
"Laubuka",7.211,"GenusAverage",1
"Laudakia",91,"GenusAverage",22
"Lavia",26.41,"GenusAverage",5
"Leathesia",0.014,"GenusAverage",1
"Lechriodus",14.3,"GenusAverage",1
"Ledella",0.0118,"GenusAverage",1
"Lefua",4.467,"GenusAverage",3
"Legatus",23.49,"GenusAverage",5
"Leggadina",18.42,"GenusAverage",12
"Leiarius",11130,"GenusAverage",1
"Leichhardteus",0.049,"GenusAverage",0
"Leimacomys",56.66,"GenusAverage",4
"Leiocassis",5000,"GenusAverage",1
"Leiocephalus",46.73,"GenusAverage",70
"Leiognathus",126.5,"GenusAverage",2
"Leioheterodon",369.3,"GenusAverage",4
"Leiolepis",155.8,"GenusAverage",25
"Leiolopisma",344.5,"GenusAverage",8
"Leiopelma",7.55,"GenusAverage",2
"Leiopotherapon",531.7,"GenusAverage",1
"Leiosaurus",43.89,"GenusAverage",8
"Leiostomus",285.5,"GenusAverage",1
"Leiothlypis",8.6,"GenusAverage",7
"Leiothrix",24.92,"GenusAverage",7
"Leipoa",1934,"GenusAverage",4
"Leiurus",1.75,"GenusAverage",1
"Lema",0.0028,"GenusAverage",1
"Lemmiscus",27.99,"GenusAverage",6
"Lemmus",63.4,"GenusAverage",22
"Lemniscomys",42.92,"GenusAverage",38
"Lemur",2393,"GenusAverage",10
"Lemuresthes",8.2,"GenusAverage",1
"Lemuriatyphlops",4,"GenusAverage",3
"Lenomys",480,"GenusAverage",1
"Lenothrix",149.2,"GenusAverage",6
"Lenoxus",53.6,"GenusAverage",4
"Leognathus",41.67,"GenusAverage",1
"Leonardina",21,"GenusAverage",1
"Leontocebus",370,"GenusAverage",9
"Leontopithecus",622.8,"GenusAverage",32
"Leopardus",4738,"GenusAverage",53
"Leopoldamys",353.5,"GenusAverage",19
"Lepidion",14700,"GenusAverage",1
"Lepidobatrachus",13.81,"GenusAverage",2
"Lepidoblepharis",1.213,"GenusAverage",41
"Lepidocephalichthys",12.04,"GenusAverage",3
"Lepidocharax",1.3,"GenusAverage",1
"Lepidochelys",31080,"GenusAverage",9
"Lepidocolaptes",29.4,"GenusAverage",17
"Lepidodactylus",2.585,"GenusAverage",75
"Lepidonotothen",33.36,"GenusAverage",4
"Lepidonotus",0.1,"GenusAverage",0
"Lepidophanes",4.4,"GenusAverage",1
"Lepidophyma",16.21,"GenusAverage",47
"Lepidopsetta",1840,"GenusAverage",2
"Lepidopyga",4.067,"GenusAverage",6
"Lepidorhombus",634.2,"GenusAverage",4
"Lepidosiren",810.3,"GenusAverage",1
"Lepidostoma",0.0028,"GenusAverage",0
"Lepidoteuthis",6641,"GenusAverage",2
"Lepidothrix",8.507,"GenusAverage",16
"Lepidothyris",109.5,"GenusAverage",6
"Lepidotrigla",125,"GenusAverage",3
"Lepilemur",833.6,"GenusAverage",108
"Lepisosteus",11150,"GenusAverage",11
"Lepomis",627.6,"GenusAverage",14
"Leporacanthicus",268,"GenusAverage",1
"Leporellus",570,"GenusAverage",1
"Leporillus",241.4,"GenusAverage",11
"Leporinus",489.8,"GenusAverage",12
"Leposoma",1.312,"GenusAverage",27
"Leposternon",109.3,"GenusAverage",11
"Lepsiella",2,"GenusAverage",0
"Leptagonus",10,"GenusAverage",0
"Leptailurus",9830,"GenusAverage",11
"Leptasterias",48.77,"GenusAverage",1
"Leptasthenura",10.95,"GenusAverage",20
"Lepthyphantes",0.000225,"GenusAverage",1
"Leptobarbus",6993,"GenusAverage",1
"Leptobotia",468.3,"GenusAverage",6
"Leptobrachella",2.1,"GenusAverage",1
"Leptobrachium",23.9,"GenusAverage",4
"Leptochilichthys",335.1,"GenusAverage",1
"Leptoclinus",17.3,"GenusAverage",1
"Leptocoma",7.375,"GenusAverage",6
"Leptocorisa",0.0473,"GenusAverage",1
"Leptocottus",33,"GenusAverage",1
"Leptodactylodon",0.833,"GenusAverage",2
"Leptodactylus",73.98,"GenusAverage",6
"Leptodeira",116.4,"GenusAverage",18
"Leptoderma",44.87,"GenusAverage",3
"Leptodiaptomus",8.8e-06,"GenusAverage",1
"Leptodius",9.5,"GenusAverage",1
"Leptodon",525.3,"GenusAverage",4
"Leptodora",1e-04,"GenusAverage",1
"Leptodoras",114,"GenusAverage",1
"Leptodrymus",109.9,"GenusAverage",1
"Leptomys",67.18,"GenusAverage",10
"Leptonychotes",419300,"GenusAverage",1
"Leptonycteris",23.66,"GenusAverage",14
"Leptopelis",4.72,"GenusAverage",9
"Leptophis",292.2,"GenusAverage",14
"Leptophryne",2.477,"GenusAverage",1
"Leptopoecile",6.565,"GenusAverage",4
"Leptopogon",11.99,"GenusAverage",8
"Leptopterus",20.24,"GenusAverage",2
"Leptoptilos",6023,"GenusAverage",9
"Leptoscarus",657,"GenusAverage",1
"Leptoseps",0.6438,"GenusAverage",4
"Leptosiaphos",3.536,"GenusAverage",36
"Leptosittaca",66.48,"GenusAverage",1
"Leptosomus",257.9,"GenusAverage",2
"Leptotila",163.4,"GenusAverage",25
"Leptotyphlops",2.085,"GenusAverage",36
"Lepturichthys",27.75,"GenusAverage",2
"Lepturophis",365.1,"GenusAverage",2
"Lepus",2544,"GenusAverage",186
"Lerista",2.203,"GenusAverage",202
"Lerwa",574.4,"GenusAverage",2
"Lesbia",4.506,"GenusAverage",6
"Lessonia",13.54,"GenusAverage",4
"Lesteva",0.000584,"GenusAverage",1
"Lestidiops",3.95,"GenusAverage",2
"Lestodelphys",76.76,"GenusAverage",4
"Lestodon",3397000,"GenusAverage",2
"Lestoros",23.52,"GenusAverage",5
"Lestrolepis",5.9,"GenusAverage",1
"Lesueurigobius",10.1,"GenusAverage",2
"Letheobia",42.6,"GenusAverage",30
"Lethrinops",31.75,"GenusAverage",2
"Lethrinus",4472,"GenusAverage",8
"Leucalburnus",45.82,"GenusAverage",1
"Leucaspius",6.3,"GenusAverage",1
"Leucauge",0.04082,"GenusAverage",0
"Leucichthys",88.84,"GenusAverage",2
"Leucippus",5.478,"GenusAverage",14
"Leuciscus",3899,"GenusAverage",12
"Leucocarbo",2449,"GenusAverage",16
"Leucochloris",6.3,"GenusAverage",2
"Leucogeranus",5913,"GenusAverage",1
"Leucopeza",19.75,"GenusAverage",1
"Leucophaeus",359.4,"GenusAverage",8
"Leucopsar",92.38,"GenusAverage",4
"Leucopsarion",0.6,"GenusAverage",1
"Leucoptera",6e-04,"GenusAverage",2
"Leucopternis",597,"GenusAverage",14
"Leucoraja",8283,"GenusAverage",1
"Leucorchestris",4.5,"GenusAverage",0
"Leucos",355.7,"GenusAverage",1
"Leucosarcia",431,"GenusAverage",4
"Leucosticte",27.15,"GenusAverage",26
"Leuctra",0.0001284,"GenusAverage",2
"Leuresthes",42.6,"GenusAverage",1
"Leuroglossus",42.49,"GenusAverage",0
"Leurognathus",19,"GenusAverage",1
"Lewinia",93.16,"GenusAverage",8
"Liachirus",41,"GenusAverage",1
"Lialis",22.08,"GenusAverage",5
"Liasis",17090,"GenusAverage",7
"Libellula",0.0793,"GenusAverage",2
"Liberiictis",2106,"GenusAverage",5
"Liburnascincus",5.151,"GenusAverage",9
"Lichanura",447.9,"GenusAverage",3
"Lichenostomus",24.31,"GenusAverage",40
"Lichia",50000,"GenusAverage",0
"Lichmera",10.94,"GenusAverage",19
"Lichonycteris",5.9,"GenusAverage",4
"Ligidium",0.001767,"GenusAverage",1
"Lile",34.85,"GenusAverage",1
"Limacina",0.00396,"GenusAverage",1
"Limanda",618.9,"GenusAverage",7
"Limecoma",0.007845,"GenusAverage",1
"Limicola",37.08,"GenusAverage",4
"Limnephilidae",0.003266,"GenusAverage",1
"Limnephilus",4.23e-05,"GenusAverage",1
"Limnia",0.001277,"GenusAverage",1
"Limnius",0.0006734,"GenusAverage",1
"Limnobaris",0.0046,"GenusAverage",1
"Limnoctites",18.5,"GenusAverage",2
"Limnodromus",128.1,"GenusAverage",15
"Limnogale",79.45,"GenusAverage",6
"Limnomys",63.17,"GenusAverage",3
"Limnonectes",21.02,"GenusAverage",13
"Limnophila",0.000104,"GenusAverage",1
"Limnophis",38.15,"GenusAverage",2
"Limnophora",0.0006069,"GenusAverage",1
"Limnornis",28.58,"GenusAverage",2
"Limnothlypis",13.12,"GenusAverage",5
"Limonia",0.0002125,"GenusAverage",1
"Limosa",280.6,"GenusAverage",23
"Limosina",0.000126,"GenusAverage",1
"Limothrips",8.54e-05,"GenusAverage",1
"Linaria",15.51,"GenusAverage",4
"Linckia",13.5,"GenusAverage",1
"Liniparhomaloptera",3.1,"GenusAverage",1
"Linurgus",21.14,"GenusAverage",3
"Liobagrus",14.09,"GenusAverage",13
"Liocarcinus",48.98,"GenusAverage",2
"Liocichla",41.28,"GenusAverage",9
"Liocranoides",0.1455,"GenusAverage",0
"Liodytes",88.03,"GenusAverage",3
"Lioheterophis",12.6,"GenusAverage",1
"Liolaemus",16.01,"GenusAverage",588
"Liomys",49.34,"GenusAverage",25
"Lionycteris",8.544,"GenusAverage",4
"Lioparus",5.5,"GenusAverage",1
"Liopeltis",33.39,"GenusAverage",7
"Liophidium",37.69,"GenusAverage",10
"Liophis",18.42,"GenusAverage",3
"Liopholidophis",137.4,"GenusAverage",13
"Liopholis",40.28,"GenusAverage",29
"Liopsetta",25,"GenusAverage",0
"Lioptilus",29.53,"GenusAverage",2
"Liosceles",40.48,"GenusAverage",2
"Lioscincus",12.3,"GenusAverage",9
"Liotyphlops",12.56,"GenusAverage",9
"Liparis",1016,"GenusAverage",4
"Lipaugus",90.84,"GenusAverage",14
"Lipinia",1.894,"GenusAverage",63
"Lipolagus",45,"GenusAverage",1
"Lipotes",94040,"GenusAverage",8
"Lirabuccinum",50,"GenusAverage",0
"Liriodendron",1500000,"GenusAverage",1
"Lissarca",0.05203,"GenusAverage",2
"Lissemys",1445,"GenusAverage",4
"Lissodelphis",137600,"GenusAverage",11
"Lissolepis",55.59,"GenusAverage",5
"Lissonycteris",72.5,"GenusAverage",4
"Lissotis",1143,"GenusAverage",2
"Lissotriton",1.905,"GenusAverage",7
"Lithobates",102.9,"GenusAverage",14
"Lithobius",0.02038,"GenusAverage",2
"Lithodes",536.3,"GenusAverage",2
"Lithodoras",15000,"GenusAverage",0
"Lithognathus",10310,"GenusAverage",2
"Lithrinus",730,"GenusAverage",1
"Litocranius",35970,"GenusAverage",9
"Litoria",7.445,"GenusAverage",3
"Litsea",2257000,"GenusAverage",1
"Littorina",0.115,"GenusAverage",1
"Liza",1008,"GenusAverage",4
"Lobianchia",2.2,"GenusAverage",1
"Lobocheilos",69.3,"GenusAverage",1
"Lobodon",201600,"GenusAverage",11
"Loboparadisea",63.17,"GenusAverage",3
"Lobotes",3836,"GenusAverage",1
"Lobotos",33.1,"GenusAverage",2
"Lobulia",5.453,"GenusAverage",13
"Lochmias",22.06,"GenusAverage",2
"Locustella",15.67,"GenusAverage",42
"Loddigesia",3,"GenusAverage",2
"Loligo",159.8,"GenusAverage",3
"Loliolus",22.5,"GenusAverage",2
"Lonchogenys",8.9,"GenusAverage",1
"Lonchophylla",13.18,"GenusAverage",25
"Lonchorhi",14.21,"GenusAverage",1
"Lonchorhina",13.97,"GenusAverage",14
"Lonchothrix",138.2,"GenusAverage",5
"Lonchura",12.62,"GenusAverage",86
"Lontra",19330,"GenusAverage",25
"Lophaetus",1113,"GenusAverage",3
"Lophaster",34.6,"GenusAverage",1
"Lophiodes",1611,"GenusAverage",2
"Lophiogobius",10.95,"GenusAverage",2
"Lophiomys",755,"GenusAverage",7
"Lophiosilurus",4327,"GenusAverage",2
"Lophius",21750,"GenusAverage",8
"Lophocalotes",21.26,"GenusAverage",4
"Lophocebus",6832,"GenusAverage",19
"Lophoceros",103.8,"GenusAverage",1
"Lophochroa",407.5,"GenusAverage",1
"Lophodytes",529.9,"GenusAverage",6
"Lophognathus",57.43,"GenusAverage",10
"Lophoictinia",468.9,"GenusAverage",4
"Lopholaimus",492.6,"GenusAverage",4
"Lopholatilus",16500,"GenusAverage",1
"Lophonectes",84.8,"GenusAverage",1
"Lophonetta",984.5,"GenusAverage",2
"Lophophanes",12.29,"GenusAverage",4
"Lophophorus",2509,"GenusAverage",9
"Lophorina",77.04,"GenusAverage",2
"Lophornis",2.696,"GenusAverage",19
"Lophosaurus",221.1,"GenusAverage",3
"Lophospingus",16.13,"GenusAverage",4
"Lophostoma",20.22,"GenusAverage",22
"Lophostrix",503.3,"GenusAverage",2
"Lophotibis",583,"GenusAverage",1
"Lophotis",692.2,"GenusAverage",3
"Lophotriccus",6.652,"GenusAverage",8
"Lophotriorchis",807.2,"GenusAverage",2
"Lophozosterops",20.75,"GenusAverage",8
"Lophozozymus",100,"GenusAverage",1
"Lophura",1158,"GenusAverage",25
"Lophuromys",50.05,"GenusAverage",39
"Lorentzimys",14.28,"GenusAverage",4
"Loricariichthys",169.7,"GenusAverage",4
"Loriculus",29.7,"GenusAverage",23
"Loris",240.2,"GenusAverage",16
"Lorius",165.9,"GenusAverage",16
"Lota",22890,"GenusAverage",4
"Loveridgea",3.04,"GenusAverage",4
"Loveridgelaps",296.2,"GenusAverage",2
"Lovettia",5.6,"GenusAverage",1
"Loxia",38.19,"GenusAverage",24
"Loxigilla",22.1,"GenusAverage",9
"Loxioides",37.88,"GenusAverage",5
"Loxipasser",11.42,"GenusAverage",2
"Loxocemus",1571,"GenusAverage",1
"Loxodonta",4336000,"GenusAverage",16
"Loxodontomys",57.53,"GenusAverage",5
"Loxopholis",2.069,"GenusAverage",13
"Loxops",12.01,"GenusAverage",13
"Loxosceles",0.09777,"GenusAverage",0
"Loxostege",0.0843,"GenusAverage",1
"Lubuya",76.34,"GenusAverage",1
"Lucania",0.4616,"GenusAverage",0
"Lucasium",4.248,"GenusAverage",26
"Lucifer",0.0012,"GenusAverage",1
"Luciobarbus",8214,"GenusAverage",13
"Luciogobius",1.625,"GenusAverage",4
"Luciopimelodus",15700,"GenusAverage",1
"Luciosoma",98.2,"GenusAverage",2
"Lugensa",357,"GenusAverage",1
"Luidia",88.26,"GenusAverage",1
"Luidiaster",3.41,"GenusAverage",1
"Lullula",26.6,"GenusAverage",5
"Lumbriculidae",0.0002269,"GenusAverage",1
"Lumbricus",8.9,"GenusAverage",1
"Lumbrinereis",8.63,"GenusAverage",1
"Lumpenus",83.96,"GenusAverage",0
"Lundomys",238.5,"GenusAverage",4
"Luperosaurus",7.419,"GenusAverage",26
"Lurocalis",79.1,"GenusAverage",4
"Luscinia",19.69,"GenusAverage",31
"Lutjanus",6735,"GenusAverage",43
"Lutra",7066,"GenusAverage",18
"Lutreolina",446.7,"GenusAverage",8
"Lutrogale",9105,"GenusAverage",9
"Luvarus",155200,"GenusAverage",1
"Luxilus",10,"GenusAverage",0
"Lybius",60.77,"GenusAverage",30
"Lycalopex",5588,"GenusAverage",31
"Lycaon",20740,"GenusAverage",12
"Lycenchelys",200,"GenusAverage",1
"Lycengraulis",38.8,"GenusAverage",1
"Lychnorhiza",207.7,"GenusAverage",1
"Lyciasalamandra",31.9,"GenusAverage",2
"Lycocorax",284.7,"GenusAverage",2
"Lycodes",6195,"GenusAverage",5
"Lycodon",124.3,"GenusAverage",60
"Lycodonomorphus",297.9,"GenusAverage",9
"Lycodryas",103.8,"GenusAverage",10
"Lycognathophis",518.2,"GenusAverage",1
"Lycophidion",29.2,"GenusAverage",26
"Lycopodium",20,"GenusAverage",1
"Lycosa",0.1537,"GenusAverage",0
"Lycothrissa",144.3,"GenusAverage",1
"Lygisaurus",0.9245,"GenusAverage",29
"Lygodactylus",1.186,"GenusAverage",142
"Lygophis",74.3,"GenusAverage",12
"Lygosoma",17.78,"GenusAverage",65
"Lymantria",0.6162,"GenusAverage",2
"Lymnaea",0.8886,"GenusAverage",2
"Lymnea",0.002146,"GenusAverage",1
"Lymnocryptes",50.83,"GenusAverage",5
"Lyncodon",287.3,"GenusAverage",5
"Lyncornis",114.2,"GenusAverage",2
"Lynx",13090,"GenusAverage",40
"Lyonia",11000,"GenusAverage",1
"Lyriocephalus",225.7,"GenusAverage",2
"Lyrurus",946.5,"GenusAverage",4
"Lysasterias",19.5,"GenusAverage",1
"Lytorhynchus",13.6,"GenusAverage",6
"Mabuya",16.26,"GenusAverage",29
"Macaca",7817,"GenusAverage",163
"Macaranga",1105000,"GenusAverage",6
"Maccullochella",43340,"GenusAverage",3
"Macgregoria",226.2,"GenusAverage",2
"Machaerirhynchus",11.23,"GenusAverage",5
"Machaeropterus",10.35,"GenusAverage",7
"Macheiramphus",650,"GenusAverage",3
"Machetornis",29.95,"GenusAverage",2
"Machlolophus",15.85,"GenusAverage",6
"Mackenziaena",60.69,"GenusAverage",4
"Macoma",0.9426,"GenusAverage",1
"Macquaria",8331,"GenusAverage",4
"Macrauchenia",891200,"GenusAverage",2
"Macrelaps",251.4,"GenusAverage",1
"Macrhybopsis",88.1,"GenusAverage",2
"Macroagelaius",97.4,"GenusAverage",4
"Macrobrachium",82.1,"GenusAverage",7
"Macrocalamus",19.3,"GenusAverage",9
"Macrocephalon",1574,"GenusAverage",3
"Macrocheira",15800,"GenusAverage",2
"Macrochelys",63220,"GenusAverage",5
"Macrochirichthys",8514,"GenusAverage",1
"Macroderma",132.1,"GenusAverage",6
"Macrodipteryx",57.8,"GenusAverage",6
"Macrodon",39.7,"GenusAverage",0
"Macrogalidia",4287,"GenusAverage",5
"Macroglossus",19.22,"GenusAverage",10
"Macrognathus",60.82,"GenusAverage",6
"Macronectes",4182,"GenusAverage",9
"Macronous",16.09,"GenusAverage",6
"Macronus",14.37,"GenusAverage",4
"Macronyx",46.28,"GenusAverage",21
"Macropelopia",0.0001571,"GenusAverage",1
"Macropharyngodon",19.6,"GenusAverage",1
"Macropholidus",3.2,"GenusAverage",8
"Macrophyllum",8.305,"GenusAverage",5
"Macropinna",42.2,"GenusAverage",0
"Macropisthodon",234.2,"GenusAverage",5
"Macropodus",4.275,"GenusAverage",4
"Macropolepia",0.0001033,"GenusAverage",1
"Macroprotodon",52.65,"GenusAverage",7
"Macropsalis",139,"GenusAverage",1
"Macroptychaster",158.2,"GenusAverage",1
"Macropus",35100,"GenusAverage",141
"Macropygia",168.9,"GenusAverage",20
"Macroramphosus",53.83,"GenusAverage",2
"Macrorhamphosodes",92.2,"GenusAverage",1
"Macroscelides",35.67,"GenusAverage",11
"Macrosiphum",3e-04,"GenusAverage",1
"Macrosphenus",14.43,"GenusAverage",15
"Macrotarsomys",63.65,"GenusAverage",10
"Macrotis",821.7,"GenusAverage",14
"Macrotocinclus",1.1,"GenusAverage",1
"Macrotritopus",56.4,"GenusAverage",1
"Macrotus",13.15,"GenusAverage",12
"Macrourus",4801,"GenusAverage",4
"Macrovipera",1948,"GenusAverage",5
"Macrozoraces",1000,"GenusAverage",1
"Macruromys",229.7,"GenusAverage",6
"Macruronus",3912,"GenusAverage",2
"Madagascarophis",84.75,"GenusAverage",5
"Madanga",15,"GenusAverage",1
"Madascincus",8.359,"GenusAverage",22
"Madatyphlops",28.98,"GenusAverage",13
"Madoqua",4263,"GenusAverage",30
"Madromys",98.7,"GenusAverage",3
"Magallana",173.1,"GenusAverage",1
"Magistrate",500,"GenusAverage",1
"Magliophis",23.9,"GenusAverage",2
"Magnisudis",500,"GenusAverage",1
"Magumma",9.525,"GenusAverage",2
"Makaira",217900,"GenusAverage",1
"Makalata",296.1,"GenusAverage",23
"Malacanthus",196.7,"GenusAverage",1
"Malaclemys",656,"GenusAverage",5
"Malacochersus",422.1,"GenusAverage",2
"Malacocincla",24.81,"GenusAverage",9
"Malacocottus",1240,"GenusAverage",1
"Malacomys",82.01,"GenusAverage",10
"Malaconotus",81.38,"GenusAverage",16
"Malacopteron",21.76,"GenusAverage",12
"Malacoptila",47.31,"GenusAverage",15
"Malacorhynchus",376.2,"GenusAverage",4
"Malacosoma",0.2167,"GenusAverage",2
"Malacothrix",14.03,"GenusAverage",5
"Malapterurus",11560,"GenusAverage",3
"Malayodracon",138.3,"GenusAverage",1
"Malayopython",92600,"GenusAverage",4
"Malayotyphlops",10.91,"GenusAverage",9
"Malcorus",10.28,"GenusAverage",3
"Malenchus",3.1e-08,"GenusAverage",1
"Malia",94.46,"GenusAverage",1
"Malimbus",41.82,"GenusAverage",23
"Mallomonas",1.205e-09,"GenusAverage",2
"Mallomys",1689,"GenusAverage",16
"Mallotus",35.91,"GenusAverage",3
"Malpaisomys",40,"GenusAverage",1
"Malpolon",1950,"GenusAverage",4
"Malurus",9.717,"GenusAverage",50
"Mammelomys",156,"GenusAverage",8
"Mammut",6775000,"GenusAverage",3
"Mammuthus",6640000,"GenusAverage",9
"Manacus",17.41,"GenusAverage",12
"Manciola",20.18,"GenusAverage",2
"Mandingoa",9.915,"GenusAverage",3
"Mandrillus",17700,"GenusAverage",18
"Manduca",2,"GenusAverage",1
"Mangora",7.448e-05,"GenusAverage",1
"Manis",12770,"GenusAverage",47
"Manolepis",72.5,"GenusAverage",1
"Manorina",50.13,"GenusAverage",12
"Manouria",15020,"GenusAverage",4
"Manta",1475000,"GenusAverage",2
"Mantella",1.7,"GenusAverage",2
"Mantheyus",24.1,"GenusAverage",2
"Manucerthia",14.42,"GenusAverage",1
"Manucodia",248.7,"GenusAverage",10
"Maokopia",1e+05,"GenusAverage",2
"Maracaiba",15.7,"GenusAverage",2
"Marcusenius",296.8,"GenusAverage",2
"Mareca",777.1,"GenusAverage",3
"Margaretamys",74.49,"GenusAverage",6
"Margarobyas",95.35,"GenusAverage",1
"Margaroperdix",238.8,"GenusAverage",2
"Margarops",83.12,"GenusAverage",4
"Margarornis",18.89,"GenusAverage",10
"Marinussaurus",3.989,"GenusAverage",2
"Marisora",13.88,"GenusAverage",16
"Marmaronetta",507.3,"GenusAverage",4
"Marmorosphax",4.105,"GenusAverage",10
"Marmosa",79.19,"GenusAverage",49
"Marmosops",34.03,"GenusAverage",50
"Marmota",4982,"GenusAverage",81
"Marpissa",0.05093,"GenusAverage",2
"Martes",1709,"GenusAverage",67
"Martialia",229.8,"GenusAverage",1
"Masasteron",0.007,"GenusAverage",0
"Masius",11.26,"GenusAverage",2
"Massoutiera",191.1,"GenusAverage",6
"Mastacembelus",989.4,"GenusAverage",4
"Mastacomys",125.1,"GenusAverage",4
"Masticophis",131.2,"GenusAverage",5
"Mastigias",35,"GenusAverage",1
"Mastigodryas",277.5,"GenusAverage",14
"Mastigoteuthis",83.86,"GenusAverage",2
"Mastomys",50.37,"GenusAverage",27
"Masturus",1747000,"GenusAverage",1
"Matoatoa",2.863,"GenusAverage",4
"Matobosaurus",514.3,"GenusAverage",4
"Matuta",25.83,"GenusAverage",1
"Maulisia",44.6,"GenusAverage",1
"Mauremys",909.5,"GenusAverage",12
"Maurolicus",0.5819,"GenusAverage",0
"Maxomys",125.4,"GenusAverage",56
"Mayaheros",180,"GenusAverage",0
"Mayrornis",20.17,"GenusAverage",4
"Mazama",19440,"GenusAverage",42
"Mearnsia",37.72,"GenusAverage",4
"Mecistops",50500,"GenusAverage",2
"Mecocerculus",9.009,"GenusAverage",12
"Mecynogea",0.047,"GenusAverage",0
"Meda",5.2,"GenusAverage",1
"Medialuna",7423,"GenusAverage",1
"Mediaster",15.3,"GenusAverage",0
"Mediodactylus",2.362,"GenusAverage",30
"Medopheos",24.33,"GenusAverage",2
"Megabyas",28.02,"GenusAverage",2
"Megaceroides",8e+05,"GenusAverage",1
"Megaceryle",266.9,"GenusAverage",12
"Megachasma",750000,"GenusAverage",1
"Megacrex",1200,"GenusAverage",2
"Megadendromus",52,"GenusAverage",4
"Megaderma",35.48,"GenusAverage",10
"Megadontomys",74.34,"GenusAverage",7
"Megadyptes",5976,"GenusAverage",5
"Megaerops",23.89,"GenusAverage",15
"Megaladapis",63690,"GenusAverage",7
"Megalaima",90.72,"GenusAverage",50
"Megalancistrus",2220,"GenusAverage",1
"Megalaspis",3857,"GenusAverage",2
"Megaleporinus",3467,"GenusAverage",4
"Megalibgwilia",10000,"GenusAverage",2
"Megalobrama",3147,"GenusAverage",4
"Megaloceros",749900,"GenusAverage",3
"Megalocnus",150000,"GenusAverage",2
"Megalocottus",875,"GenusAverage",1
"Megalocranchia",280,"GenusAverage",1
"Megalodoras",6500,"GenusAverage",1
"Megaloglossus",17.61,"GenusAverage",8
"Megalomys",182.2,"GenusAverage",4
"Megalonaias",263.8,"GenusAverage",1
"Megalonema",249.7,"GenusAverage",3
"Megalonyx",763500,"GenusAverage",3
"Megalops",67860,"GenusAverage",6
"Megalotragus",2e+05,"GenusAverage",2
"Megalovis",76190,"GenusAverage",1
"Megalurulus",35.04,"GenusAverage",10
"Megalurus",26.53,"GenusAverage",13
"Meganyctiphanes",0.2731,"GenusAverage",2
"Megaoryzomys",399.4,"GenusAverage",2
"Megapitaria",478.5,"GenusAverage",2
"Megapodius",711.9,"GenusAverage",27
"Megaptera",25850000,"GenusAverage",13
"Megarasbora",7.92,"GenusAverage",1
"Megarynchus",66.7,"GenusAverage",2
"Megascops",130.9,"GenusAverage",48
"Megaselia",0.0002205,"GenusAverage",3
"Megasorex",17.24,"GenusAverage",4
"Megastictus",20.09,"GenusAverage",2
"Megatherium",4657000,"GenusAverage",4
"Megatriorchis",1000,"GenusAverage",2
"Megaxenops",25,"GenusAverage",2
"Megazosterops",31,"GenusAverage",1
"Megophrys",24.5,"GenusAverage",2
"Meiglyptes",48.61,"GenusAverage",6
"Meioneta",5e-05,"GenusAverage",1
"Meizodon",49.25,"GenusAverage",8
"Melaenornis",27.43,"GenusAverage",20
"Melamphaes",12.03,"GenusAverage",2
"Melampitta",123.9,"GenusAverage",4
"Melamprosops",25.5,"GenusAverage",5
"Melanerpes",69.76,"GenusAverage",72
"Melaniparus",19.03,"GenusAverage",14
"Melanitta",1118,"GenusAverage",20
"Melanocetus",0.35,"GenusAverage",2
"Melanocharis",15.39,"GenusAverage",15
"Melanochelys",760,"GenusAverage",1
"Melanochlora",37.7,"GenusAverage",2
"Melanocorypha",58.55,"GenusAverage",17
"Melanodera",31.64,"GenusAverage",4
"Melanodryas",24.51,"GenusAverage",8
"Melanogrammus",4398,"GenusAverage",6
"Melanomys",49.33,"GenusAverage",13
"Melanopareia",18.55,"GenusAverage",8
"Melanoperdix",280,"GenusAverage",2
"Melanophidium",64.23,"GenusAverage",3
"Melanoplus",0.35,"GenusAverage",1
"Melanoptila",35.26,"GenusAverage",2
"Melanorectes",76.9,"GenusAverage",1
"Melanorivulus",0.393,"GenusAverage",1
"Melanoseps",8.001,"GenusAverage",16
"Melanospiza",20.8,"GenusAverage",2
"Melanosuchus",139500,"GenusAverage",2
"Melanotaenia",20.9,"GenusAverage",7
"Melanotis",64.75,"GenusAverage",4
"Melasmothrix",47.47,"GenusAverage",2
"Meleagris",5490,"GenusAverage",10
"Meles",9306,"GenusAverage",19
"Melicertus",59.07,"GenusAverage",1
"Melichneutes",54.75,"GenusAverage",4
"Melichthys",1640,"GenusAverage",1
"Melidectes",59.53,"GenusAverage",23
"Melidora",100.2,"GenusAverage",2
"Melierax",537.2,"GenusAverage",11
"Meligethes",0.0002315,"GenusAverage",1
"Melignomon",21.94,"GenusAverage",7
"Melilestes",43.57,"GenusAverage",3
"Meliphaga",23.49,"GenusAverage",36
"Melipotes",53.37,"GenusAverage",4
"Melithreptus",15.87,"GenusAverage",19
"Melitograis",54,"GenusAverage",2
"Mellisuga",2.267,"GenusAverage",6
"Mellivora",8107,"GenusAverage",8
"Melocichla",33.2,"GenusAverage",2
"Melogale",1629,"GenusAverage",22
"Melomys",81.61,"GenusAverage",70
"Melonycteris",40.18,"GenusAverage",10
"Melophus",21.9,"GenusAverage",1
"Melopsittacus",28.57,"GenusAverage",7
"Melopyrrha",14.57,"GenusAverage",2
"Melosira",2.739e-09,"GenusAverage",1
"Melospiza",17.11,"GenusAverage",20
"Melozone",40.56,"GenusAverage",13
"Melursus",92600,"GenusAverage",9
"Menemerus",0.0279,"GenusAverage",0
"Menetes",190,"GenusAverage",2
"Menetia",0.5182,"GenusAverage",12
"Menidia",15.32,"GenusAverage",1
"Menippe",56,"GenusAverage",1
"Menneus",0.014,"GenusAverage",0
"Menticirrhus",911.7,"GenusAverage",3
"Menura",827.7,"GenusAverage",8
"Mephitis",1786,"GenusAverage",18
"Mercenaria",38.3,"GenusAverage",1
"Mercurialis",0.37,"GenusAverage",1
"Meretrix",288.5,"GenusAverage",1
"Merganetta",398.9,"GenusAverage",5
"Mergellus",619.8,"GenusAverage",4
"Mergus",986.8,"GenusAverage",21
"Meridiastra",100,"GenusAverage",0
"Meriones",98.6,"GenusAverage",74
"Merlangius",1493,"GenusAverage",6
"Merluccius",1877,"GenusAverage",11
"Meroles",7.742,"GenusAverage",20
"Meropogon",55,"GenusAverage",1
"Merops",31.45,"GenusAverage",69
"Mertensia",1.84,"GenusAverage",0
"Mertensiella",181.4,"GenusAverage",1
"Merulaxis",36.03,"GenusAverage",3
"Mesalina",3.817,"GenusAverage",40
"Mesaspis",9.292,"GenusAverage",17
"Mesechinus",270.7,"GenusAverage",6
"Mesembrinibis",756,"GenusAverage",3
"Mesembriomys",530.8,"GenusAverage",12
"Mesitornis",130.5,"GenusAverage",4
"Mesobaena",9.513,"GenusAverage",4
"Mesocalanus",0.001,"GenusAverage",1
"Mesocapromys",1014,"GenusAverage",5
"Mesoclemmys",1011,"GenusAverage",3
"Mesocottus",90.2,"GenusAverage",1
"Mesocricetus",176.5,"GenusAverage",23
"Mesocyclops",8.13e-06,"GenusAverage",1
"Mesodesma",21.35,"GenusAverage",2
"Mesodorylaimus",2.156e-06,"GenusAverage",2
"Mesogobius",162,"GenusAverage",1
"Mesomys",137.3,"GenusAverage",15
"Mesonauta",17.2,"GenusAverage",1
"Mesonychoteuthis",224600,"GenusAverage",2
"Mesophoyx",458.8,"GenusAverage",1
"Mesophylla",6.893,"GenusAverage",4
"Mesopicos",40.86,"GenusAverage",3
"Mesoplodon",2388000,"GenusAverage",56
"Mesopropithecus",11130,"GenusAverage",5
"Mesoscincus",39.55,"GenusAverage",6
"Mesotriton",2.96,"GenusAverage",1
"Metabolus",52,"GenusAverage",1
"Metachirus",372.8,"GenusAverage",8
"Metacyrba",0.0112,"GenusAverage",0
"Metahomaloptera",4.7,"GenusAverage",1
"Metallura",4.687,"GenusAverage",24
"Metapenaeopsis",9.917,"GenusAverage",2
"Metapenaeus",18.42,"GenusAverage",4
"Metasthenurus",55000,"GenusAverage",1
"Metazygia",0.01755,"GenusAverage",0
"Metelectrona",6.316,"GenusAverage",1
"Meterythrops",0.09175,"GenusAverage",1
"Metopidius",160.1,"GenusAverage",3
"Metopograpsus",8.5,"GenusAverage",1
"Metopothrix",11.21,"GenusAverage",2
"Metridia",0.001712,"GenusAverage",3
"Metridiochoerus",142000,"GenusAverage",2
"Metriopelia",61.48,"GenusAverage",7
"Metynnis",200.7,"GenusAverage",3
"Metzia",8.833,"GenusAverage",3
"Meuschenia",1688,"GenusAverage",1
"Micaelamys",46.96,"GenusAverage",5
"Mico",369.4,"GenusAverage",27
"Micoureus",120.2,"GenusAverage",16
"Micrablepharus",1.702,"GenusAverage",5
"Micralestes",1.1,"GenusAverage",1
"Micrastur",347.1,"GenusAverage",16
"Micrathena",0.052,"GenusAverage",0
"Micrathene",36.83,"GenusAverage",6
"Micrelaps",18.63,"GenusAverage",6
"Microakodontomys",11.2,"GenusAverage",1
"Microbates",11.06,"GenusAverage",4
"Microcanthus",93.4,"GenusAverage",1
"Microcarbo",616.8,"GenusAverage",5
"Microcavia",243,"GenusAverage",14
"Microcebus",66.4,"GenusAverage",88
"Microcerculus",18.93,"GenusAverage",10
"Microchera",2.65,"GenusAverage",2
"Microchirus",45.92,"GenusAverage",3
"Microcystis",8.132e-09,"GenusAverage",2
"Microdevario",0.1,"GenusAverage",1
"Microdillus",9.54,"GenusAverage",2
"Microdipodops",12.43,"GenusAverage",15
"Microdynamis",46.93,"GenusAverage",2
"Microeca",13.13,"GenusAverage",20
"Microgale",15.7,"GenusAverage",88
"Microgecko",0.8408,"GenusAverage",9
"Microgenys",1.6,"GenusAverage",1
"Microglanis",3.18,"GenusAverage",2
"Microhierax",46.96,"GenusAverage",10
"Microhydromys",20.78,"GenusAverage",6
"Microhyla",1.296,"GenusAverage",9
"Microligea",12.99,"GenusAverage",2
"Microlinyphia",0.000225,"GenusAverage",1
"Microlophus",49.51,"GenusAverage",45
"Micromacronus",8.625,"GenusAverage",4
"Micromesistius",423.8,"GenusAverage",3
"Micrometrus",71.8,"GenusAverage",0
"Micrommata",0.004209,"GenusAverage",1
"Micromonacha",19.8,"GenusAverage",2
"Micromurexia",40.94,"GenusAverage",1
"Micromys",5.634,"GenusAverage",8
"Micronisus",133.1,"GenusAverage",2
"Micronycteris",7.37,"GenusAverage",25
"Micropalama",42.75,"GenusAverage",3
"Micropanchax",76.5,"GenusAverage",0
"Microparra",41.3,"GenusAverage",2
"Micropechis",2226,"GenusAverage",2
"Micropercops",2.6,"GenusAverage",1
"Microperoryctes",237.6,"GenusAverage",14
"Microphis",7.329,"GenusAverage",1
"Microphysogobio",12.75,"GenusAverage",17
"Micropisthodon",55,"GenusAverage",1
"Micropogonias",1045,"GenusAverage",4
"Micropotamogale",85.52,"GenusAverage",11
"Micropsectra",3.8e-06,"GenusAverage",1
"Micropsitta",13.29,"GenusAverage",11
"Micropternus",88.4,"GenusAverage",1
"Micropteropus",32.3,"GenusAverage",8
"Micropterus",3759,"GenusAverage",14
"Micropygia",31.2,"GenusAverage",2
"Microrhopias",8.175,"GenusAverage",2
"Microryzomys",13.5,"GenusAverage",8
"Microsciurus",99.92,"GenusAverage",18
"Microspathodon",155,"GenusAverage",0
"Microspingus",19.2,"GenusAverage",1
"Microsternarchus",12.38,"GenusAverage",0
"Microstilbon",2.5,"GenusAverage",2
"Microstomus",1056,"GenusAverage",4
"Microtendipes",0.0001915,"GenusAverage",1
"Microthrissa",3.4,"GenusAverage",1
"Microtus",40.22,"GenusAverage",260
"Micruroides",57.48,"GenusAverage",3
"Micrurus",250.1,"GenusAverage",101
"Miichthys",3858,"GenusAverage",2
"Mikrogeophagus",0.6249,"GenusAverage",0
"Miliaria",50.45,"GenusAverage",2
"Millardia",89.81,"GenusAverage",14
"Milvago",307.9,"GenusAverage",6
"Milvus",827.4,"GenusAverage",17
"Mimetillus",8.83,"GenusAverage",4
"Mimizuku",253,"GenusAverage",1
"Mimon",16.81,"GenusAverage",12
"Mimophis",150.3,"GenusAverage",1
"Mimus",59.28,"GenusAverage",32
"Mindomys",60.5,"GenusAverage",1
"Miniopterus",9.41,"GenusAverage",63
"Minla",16.83,"GenusAverage",7
"Mino",195.8,"GenusAverage",5
"Minous",46.2,"GenusAverage",1
"Mintonophis",213.6,"GenusAverage",1
"Minytrema",1288,"GenusAverage",2
"Mionectes",13.56,"GenusAverage",14
"Miopithecus",1228,"GenusAverage",12
"Miracinonyx",88000,"GenusAverage",2
"Mirafra",28.84,"GenusAverage",70
"Miralia",111.6,"GenusAverage",1
"Mirimiri",250.5,"GenusAverage",1
"Mirounga",1035000,"GenusAverage",12
"Mirza",301.8,"GenusAverage",8
"Misgurnus",39.93,"GenusAverage",4
"Misumenoides",0.04115,"GenusAverage",0
"Misumenops",0.03,"GenusAverage",1
"Mitophis",1.85,"GenusAverage",4
"Mitrephanes",9.298,"GenusAverage",4
"Mitrospingus",40.86,"GenusAverage",4
"Mitu",2780,"GenusAverage",9
"Mituliodon",0.1535,"GenusAverage",0
"Miturga",0.643,"GenusAverage",0
"Mixcoatlus",80.27,"GenusAverage",3
"Mixotoxodon",1e+06,"GenusAverage",2
"Mnemiopsis",0.24,"GenusAverage",0
"Mniarogekko",61.4,"GenusAverage",4
"Mniotilta",8.93,"GenusAverage",5
"Mobula",323100,"GenusAverage",4
"Mochlus",40.69,"GenusAverage",27
"Modiolis",287,"GenusAverage",1
"Modulatrix",32.13,"GenusAverage",4
"Moenkhausia",3.866,"GenusAverage",5
"Mogera",110.7,"GenusAverage",19
"Mogurnda",23.2,"GenusAverage",1
"Moho",48.44,"GenusAverage",5
"Mohoua",19.42,"GenusAverage",12
"Moira",33.3,"GenusAverage",1
"Mokopirirakau",15.05,"GenusAverage",9
"Mola",1950000,"GenusAverage",4
"Moloch",48.15,"GenusAverage",4
"Molossops",7.814,"GenusAverage",13
"Molossus",21.3,"GenusAverage",26
"Molothrus",65.83,"GenusAverage",25
"Molva",10060,"GenusAverage",3
"Momotus",116,"GenusAverage",14
"Monacanthus",290.6,"GenusAverage",1
"Monachella",24.69,"GenusAverage",2
"Monachus",223600,"GenusAverage",12
"Monarcha",24.29,"GenusAverage",43
"Monasa",80.54,"GenusAverage",8
"Monias",138.2,"GenusAverage",2
"Monodactylus",417.2,"GenusAverage",2
"Monodelphis",81.62,"GenusAverage",74
"Monodon",1058000,"GenusAverage",12
"Monopeltis",88.4,"GenusAverage",40
"Monophyllus",11.85,"GenusAverage",8
"Monopterus",637,"GenusAverage",2
"Monostroma",10,"GenusAverage",1
"Monotaxis",5150,"GenusAverage",2
"Monotrete",50.6,"GenusAverage",2
"Montaspis",21.3,"GenusAverage",1
"Montatheris",24.6,"GenusAverage",1
"Monticola",38.72,"GenusAverage",29
"Monticolomys",25,"GenusAverage",4
"Montifringilla",35.08,"GenusAverage",12
"Montivipera",460.1,"GenusAverage",11
"Moolgarda",464.5,"GenusAverage",2
"Mops",22.25,"GenusAverage",46
"Morebilus",0.432,"GenusAverage",0
"Morelia",9645,"GenusAverage",7
"Morenelaphus",50000,"GenusAverage",3
"Morethia",2.52,"GenusAverage",20
"Moringua",68.75,"GenusAverage",2
"Mormoops",15.1,"GenusAverage",10
"Mormopterus",9.71,"GenusAverage",30
"Mormyrops",13750,"GenusAverage",1
"Mormyrus",3885,"GenusAverage",3
"Morococcyx",64.87,"GenusAverage",2
"Morone",11660,"GenusAverage",12
"Moroteuthis",1188,"GenusAverage",3
"Morphnarchus",1000,"GenusAverage",1
"Morphnus",1750,"GenusAverage",2
"Morunasaurus",76.72,"GenusAverage",6
"Morus",2550,"GenusAverage",18
"Moschiola",2525,"GenusAverage",9
"Moschus",12140,"GenusAverage",35
"Mosia",3.293,"GenusAverage",4
"Motacilla",22.78,"GenusAverage",33
"Moxostoma",3769,"GenusAverage",16
"Mugil",1913,"GenusAverage",8
"Mugilogobius",0.9667,"GenusAverage",3
"Muknalia",20500,"GenusAverage",1
"Mulleripicus",310.8,"GenusAverage",5
"Mulloidichthys",500.9,"GenusAverage",3
"Mullus",362.3,"GenusAverage",4
"Mungos",2135,"GenusAverage",13
"Mungotictis",664.2,"GenusAverage",8
"Munidia",6.3,"GenusAverage",1
"Muntiacus",19180,"GenusAverage",57
"Muraena",2521,"GenusAverage",2
"Muraenesox",30950,"GenusAverage",3
"Muraenolepis",200.6,"GenusAverage",3
"Murexechinus",43.33,"GenusAverage",4
"Murexia",76.87,"GenusAverage",15
"Muriculus",18.5,"GenusAverage",4
"Murina",5.995,"GenusAverage",54
"Mus",15.93,"GenusAverage",130
"Musca",0.01,"GenusAverage",1
"Muscardinus",24.25,"GenusAverage",10
"Muscicapa",14.01,"GenusAverage",65
"Muscicapella",11,"GenusAverage",1
"Muscidae",0.000521,"GenusAverage",2
"Muscigralla",12.61,"GenusAverage",2
"Muscipipra",27,"GenusAverage",2
"Muscisaxicola",24.09,"GenusAverage",25
"Musonycteris",11.31,"GenusAverage",2
"Musophaga",336.2,"GenusAverage",12
"Mussurana",294,"GenusAverage",4
"Mustela",551.5,"GenusAverage",113
"Mustelus",9194,"GenusAverage",2
"Mya",12.6,"GenusAverage",2
"Myadestes",36.35,"GenusAverage",24
"Myaka",4.2,"GenusAverage",1
"Mycerobas",67.21,"GenusAverage",8
"Mycteria",2476,"GenusAverage",14
"Mycteroperca",11820,"GenusAverage",9
"Myctophum",2.27,"GenusAverage",3
"Mydaus",2229,"GenusAverage",10
"Myersina",9.56,"GenusAverage",1
"Myersophis",41.4,"GenusAverage",1
"Myiagra",16.2,"GenusAverage",35
"Myiarchus",25.98,"GenusAverage",57
"Myiobius",11.88,"GenusAverage",9
"Myioborus",13.48,"GenusAverage",24
"Myiodynastes",43.32,"GenusAverage",14
"Myiomela",34.64,"GenusAverage",3
"Myiopagis",12.38,"GenusAverage",16
"Myioparus",12.74,"GenusAverage",8
"Myiophobus",10.88,"GenusAverage",15
"Myiopsitta",105.1,"GenusAverage",6
"Myiornis",5.309,"GenusAverage",8
"Myiotheretes",43.54,"GenusAverage",7
"Myiothlypis",14.1,"GenusAverage",13
"Myiotriccus",9.95,"GenusAverage",2
"Myiozetetes",25.49,"GenusAverage",8
"Mylesinus",1650,"GenusAverage",1
"Myleus",1539,"GenusAverage",3
"Myliobatis",22610,"GenusAverage",1
"Myllaena",8.105e-05,"GenusAverage",2
"Mylodon",1973000,"GenusAverage",3
"Mylohyus",75000,"GenusAverage",2
"Mylomys",154.5,"GenusAverage",7
"Mylopharodon",910,"GenusAverage",1
"Mylopharyngodon",48930,"GenusAverage",3
"Myloplus",1531,"GenusAverage",2
"Myocastor",6422,"GenusAverage",11
"Myodes",29.03,"GenusAverage",48
"Myoictis",211.1,"GenusAverage",9
"Myomimus",26.42,"GenusAverage",4
"Myomyrus",177.7,"GenusAverage",1
"Myomys",31.83,"GenusAverage",4
"Myomyscus",41.55,"GenusAverage",8
"Myonycteris",49.15,"GenusAverage",15
"Myophonus",102,"GenusAverage",12
"Myoprocta",1049,"GenusAverage",11
"Myopterus",17.47,"GenusAverage",6
"Myopus",24.85,"GenusAverage",10
"Myornis",21.22,"GenusAverage",2
"Myosciurus",90.74,"GenusAverage",6
"Myosorex",12.86,"GenusAverage",32
"Myospalax",263.6,"GenusAverage",11
"Myotis",9.134,"GenusAverage",380
"Myotomys",110.3,"GenusAverage",6
"Myotragus",43210,"GenusAverage",2
"Myoxocephalus",3343,"GenusAverage",7
"Myoxus",141.5,"GenusAverage",3
"Myrichthys",128,"GenusAverage",0
"Myriopholis",2.225,"GenusAverage",21
"Myriophyllum",10,"GenusAverage",1
"Myripristis",246.9,"GenusAverage",4
"Myrmarachne",0.00025,"GenusAverage",1
"Myrmeciza",28.19,"GenusAverage",39
"Myrmecobius",484.6,"GenusAverage",10
"Myrmecocichla",39.47,"GenusAverage",22
"Myrmecophaga",27530,"GenusAverage",9
"Myrmecotypus",0.0218,"GenusAverage",0
"Myrmia",2.21,"GenusAverage",1
"Myrmoborus",20.46,"GenusAverage",7
"Myrmochanes",12.49,"GenusAverage",2
"Myrmorchilus",23,"GenusAverage",2
"Myrmornis",46.7,"GenusAverage",2
"Myrmothera",49.89,"GenusAverage",4
"Myrmotherula",8.704,"GenusAverage",53
"Myroconger",201.7,"GenusAverage",1
"Myron",46.78,"GenusAverage",4
"Myrrophis",238.2,"GenusAverage",2
"Myrsinese",161000,"GenusAverage",1
"Myrtis",2.3,"GenusAverage",3
"Mysateles",1459,"GenusAverage",4
"Mysidetes",0.001205,"GenusAverage",1
"Mysis",0.0097,"GenusAverage",0
"Mysmena",1e-04,"GenusAverage",0
"Mysmenopsis",3e-04,"GenusAverage",0
"Mystaci",18.53,"GenusAverage",1
"Mystacina",20.7,"GenusAverage",10
"Mystacoleucus",83.3,"GenusAverage",1
"Mystacornis",24.58,"GenusAverage",3
"Mystromys",89.96,"GenusAverage",7
"Mystus",129.6,"GenusAverage",8
"Mythimna",0.0286,"GenusAverage",1
"Mytilid",17,"GenusAverage",1
"Mytilus",1.996,"GenusAverage",2
"Myuchelys",1542,"GenusAverage",4
"Myxocyprinus",9500,"GenusAverage",2
"Myxus",1797,"GenusAverage",1
"Myza",21.25,"GenusAverage",3
"Myzocallis",8e-04,"GenusAverage",1
"Myzomela",10.76,"GenusAverage",64
"Myzopoda",9.117,"GenusAverage",5
"Myzopsetta",1439,"GenusAverage",1
"Myzornis",11.92,"GenusAverage",3
"N.gen",5000,"GenusAverage",1
"Nacella",22.38,"GenusAverage",2
"Nactus",3.322,"GenusAverage",26
"Nadzikambia",12.67,"GenusAverage",4
"Naemorhedus",38340,"GenusAverage",25
"NaIa",49.2,"GenusAverage",1
"Naididae",1.76e-05,"GenusAverage",1
"Naja",2329,"GenusAverage",48
"Namazonurus",13.33,"GenusAverage",12
"Namibiana",4.04,"GenusAverage",5
"Namibornis",27.23,"GenusAverage",3
"Nandayus",128,"GenusAverage",2
"Nandinia",2719,"GenusAverage",7
"Nandopsis",323.1,"GenusAverage",0
"Nandus",36,"GenusAverage",1
"Nanger",56700,"GenusAverage",19
"Nangra",3.18,"GenusAverage",1
"Nangura",18.2,"GenusAverage",1
"Nannacara",2.9,"GenusAverage",1
"Nannatherina",7.3,"GenusAverage",1
"Nannobrachium",12.46,"GenusAverage",0
"Nannoperca",4.85,"GenusAverage",2
"Nannopsittaca",42.88,"GenusAverage",4
"Nannoscincus",1.034,"GenusAverage",22
"Nannosciurus",42.25,"GenusAverage",3
"Nannospalax",161,"GenusAverage",5
"Nannostomus",0.41,"GenusAverage",1
"Nanonycteris",23.86,"GenusAverage",5
"Nanorana",31.72,"GenusAverage",4
"Nansenia",53.17,"GenusAverage",1
"Napaeozapus",20.68,"GenusAverage",9
"Napothera",27.54,"GenusAverage",9
"Narcetes",793.3,"GenusAverage",2
"Narceus",2.5,"GenusAverage",1
"Narcine",576.2,"GenusAverage",1
"Narudasia",0.7755,"GenusAverage",2
"Nasalis",12390,"GenusAverage",9
"Nasica",92,"GenusAverage",2
"Naso",4309,"GenusAverage",1
"Nasua",3913,"GenusAverage",21
"Nasuella",1561,"GenusAverage",5
"Natalus",5.823,"GenusAverage",15
"Natator",71100,"GenusAverage",4
"Natriciteres",36.58,"GenusAverage",11
"Natrix",456.4,"GenusAverage",9
"Naultinus",11.35,"GenusAverage",18
"Navahoceros",149600,"GenusAverage",2
"Navicula",2.693e-09,"GenusAverage",4
"Naziritor",950.6,"GenusAverage",1
"Neacomys",15.24,"GenusAverage",18
"Neafrapus",23.58,"GenusAverage",7
"Neamblysomus",29.94,"GenusAverage",8
"Nebria",0.0376,"GenusAverage",0
"Nebris",42.6,"GenusAverage",0
"Nebulifera",12.41,"GenusAverage",2
"Necora",75,"GenusAverage",0
"Necromys",37.39,"GenusAverage",32
"Necrosyrtes",2059,"GenusAverage",2
"Nectamia",2.14,"GenusAverage",1
"Nectarinia",9.887,"GenusAverage",169
"Nectogale",35.52,"GenusAverage",6
"Nectomys",239.9,"GenusAverage",18
"Necturus",92.6,"GenusAverage",1
"Negaprion",183700,"GenusAverage",0
"Nelsonia",54.25,"GenusAverage",5
"Nelusetta",4466,"GenusAverage",3
"Nemadactylus",4000,"GenusAverage",1
"Nemadoras",52,"GenusAverage",1
"Nematalosa",328,"GenusAverage",6
"Nemateleotris",3.7,"GenusAverage",2
"Nematobrachion",0.0065,"GenusAverage",1
"Nematobrycon",1,"GenusAverage",1
"Nematocarcinus",0.294,"GenusAverage",1
"Nematoda",2.61e-07,"GenusAverage",1
"Nematoscelis",0.0075,"GenusAverage",1
"Nematostella",17.5,"GenusAverage",1
"Nemipterus",166.5,"GenusAverage",17
"Nemopilema",2e+05,"GenusAverage",1
"Nemosia",16.11,"GenusAverage",3
"Nemotelus",6e-04,"GenusAverage",1
"Nemurella",0.0001019,"GenusAverage",1
"Neoarius",14010,"GenusAverage",2
"Neoascia",8e-04,"GenusAverage",1
"Neocalanus",0.009583,"GenusAverage",2
"Neoceratias",2.3,"GenusAverage",1
"Neoceratodus",37450,"GenusAverage",2
"Neochelidon",10.76,"GenusAverage",2
"Neochelon",231.8,"GenusAverage",1
"Neochen",1250,"GenusAverage",2
"Neochmia",10.87,"GenusAverage",12
"Neochoerus",93330,"GenusAverage",4
"Neocichla",66.68,"GenusAverage",4
"Neocnus",10180,"GenusAverage",3
"Neocossyphus",52.57,"GenusAverage",9
"Neocrex",60.67,"GenusAverage",4
"Neoctantes",32,"GenusAverage",2
"Neocyttus",1497,"GenusAverage",3
"Neodon",53.23,"GenusAverage",9
"Neodontobutis",12,"GenusAverage",1
"Neodraco",6.375,"GenusAverage",0
"Neodrepanis",6.808,"GenusAverage",5
"Neofelis",20120,"GenusAverage",10
"Neofiber",266.2,"GenusAverage",5
"Neogobius",321,"GenusAverage",0
"Neohomaloptera",0.1,"GenusAverage",1
"Neohydromys",18.75,"GenusAverage",1
"Neohylomys",57.07,"GenusAverage",4
"Neolalage",16.82,"GenusAverage",2
"Neolamprologus",10.3,"GenusAverage",1
"Neolestes",22.31,"GenusAverage",3
"Neolicaphrium",47120,"GenusAverage",1
"Neolissochilus",4126,"GenusAverage",5
"Neolithodes",1043,"GenusAverage",1
"Neolitsea",1549000,"GenusAverage",1
"Neomicroxus",26,"GenusAverage",2
"Neomixis",7.952,"GenusAverage",7
"Neomonachus",211500,"GenusAverage",3
"Neomorphus",358.3,"GenusAverage",10
"Neomys",13.28,"GenusAverage",20
"Neon",0.0001462,"GenusAverage",1
"Neoniphon",69.9,"GenusAverage",0
"Neonycteris",6.705,"GenusAverage",2
"Neopagetopsis",1308,"GenusAverage",1
"Neopelma",15.7,"GenusAverage",10
"Neophascogale",212,"GenusAverage",5
"Neophema",44.87,"GenusAverage",28
"Neophoca",136500,"GenusAverage",9
"Neophocaena",32710,"GenusAverage",11
"Neophron",2009,"GenusAverage",5
"Neopipo",7.942,"GenusAverage",3
"Neoplatycephalus",1650,"GenusAverage",1
"Neoplecostomus",10.7,"GenusAverage",1
"Neopsephotus",45.06,"GenusAverage",5
"Neopsittacus",42.88,"GenusAverage",4
"Neopteryx",200.8,"GenusAverage",2
"Neoromicia",5.673,"GenusAverage",38
"Neosalanx",1.5,"GenusAverage",1
"Neosclerocalyptus",2e+05,"GenusAverage",2
"Neoscona",0.08508,"GenusAverage",1
"Neoscopelus",130.7,"GenusAverage",1
"Neoscorpis",1600,"GenusAverage",1
"Neosiluris",300.5,"GenusAverage",1
"Neosilurus",169,"GenusAverage",1
"Neospiza",39.2,"GenusAverage",1
"Neotamias",73.04,"GenusAverage",23
"Neotetracus",68.45,"GenusAverage",4
"Neothoracophorus",8e+05,"GenusAverage",1
"Neothraupis",28.1,"GenusAverage",2
"Neotis",4273,"GenusAverage",8
"Neotoma",219.1,"GenusAverage",118
"Neotomodon",44.37,"GenusAverage",7
"Neotomys",64.5,"GenusAverage",4
"Neotragus",4172,"GenusAverage",18
"Neotrypaea",3,"GenusAverage",1
"Neovison",1070,"GenusAverage",7
"Neoxolmis",77,"GenusAverage",2
"Nephelomyias",9.933,"GenusAverage",3
"Nephelomys",113.8,"GenusAverage",7
"Nephelornis",16.17,"GenusAverage",2
"Nephrops",90.53,"GenusAverage",2
"Nephrurus",21.08,"GenusAverage",22
"Nephtys",0.3755,"GenusAverage",1
"Neptunea",86.04,"GenusAverage",1
"Neptunia",187.5,"GenusAverage",1
"Nepytia",0.0544,"GenusAverage",1
"Nereis",1.95,"GenusAverage",2
"Nereocystis",42,"GenusAverage",1
"Nerodia",866.8,"GenusAverage",33
"Nerophis",23.72,"GenusAverage",0
"Nesasio",1155,"GenusAverage",2
"Nesiarchus",13300,"GenusAverage",1
"Nesillas",18.49,"GenusAverage",11
"Nesiotites",23.25,"GenusAverage",3
"Nesocharis",9.264,"GenusAverage",8
"Nesocichla",91,"GenusAverage",2
"Nesoclopeus",546.5,"GenusAverage",2
"Nesoctites",32.6,"GenusAverage",2
"Nesoenas",244,"GenusAverage",4
"Nesofregetta",69.17,"GenusAverage",3
"Nesokia",378,"GenusAverage",6
"Nesolagus",1806,"GenusAverage",5
"Nesomys",176.5,"GenusAverage",14
"Nesophontes",50.24,"GenusAverage",8
"Nesopsar",39.52,"GenusAverage",4
"Nesoptilotis",27.03,"GenusAverage",3
"Nesoromys",65.5,"GenusAverage",1
"Nesoryzomys",69.56,"GenusAverage",8
"Nesospingus",35.2,"GenusAverage",3
"Nesospiza",35.35,"GenusAverage",7
"Nesotragus",6500,"GenusAverage",2
"Nesotriccus",11,"GenusAverage",2
"Nessia",2.937,"GenusAverage",17
"Nessorhamphus",281.7,"GenusAverage",1
"Nestor",657.3,"GenusAverage",12
"Nestus",0.0004556,"GenusAverage",4
"Netta",991.3,"GenusAverage",15
"Nettapus",299.3,"GenusAverage",12
"Nettastoma",352.4,"GenusAverage",2
"Netuma",68830,"GenusAverage",1
"Neurergus",75.45,"GenusAverage",3
"Neurotrichus",9.413,"GenusAverage",6
"Neuryurus",311000,"GenusAverage",1
"Neusticomys",38.08,"GenusAverage",22
"Neusticurus",33.72,"GenusAverage",11
"Newtonia",10.84,"GenusAverage",8
"Nexilosus",379,"GenusAverage",1
"Nezumia",2400,"GenusAverage",1
"Nibea",2253,"GenusAverage",4
"Nicator",38.71,"GenusAverage",9
"Nicholsicypris",9.8,"GenusAverage",1
"Nidirana",7.4,"GenusAverage",2
"Nigrita",13.01,"GenusAverage",12
"Nilaus",21.42,"GenusAverage",4
"Nilgiritragus",75000,"GenusAverage",1
"Nilopegamys",68.25,"GenusAverage",2
"Nilssonia",24740,"GenusAverage",3
"Niltava",24.55,"GenusAverage",11
"Nimbapanchax",0.8,"GenusAverage",2
"Ningaui",7.425,"GenusAverage",19
"Ninia",19.25,"GenusAverage",10
"Ninnigobius",3.3,"GenusAverage",1
"Ninox",264,"GenusAverage",57
"Ninurta",13.22,"GenusAverage",2
"Niphargus",0.0003801,"GenusAverage",1
"Nipponia",1720,"GenusAverage",5
"Nipponocypris",56.97,"GenusAverage",3
"Nisaetus",1600,"GenusAverage",17
"Nitzschia",2.112e-09,"GenusAverage",3
"Niveoscincus",7.624,"GenusAverage",13
"Niviventer",84.64,"GenusAverage",51
"Niwaella",9.4,"GenusAverage",1
"Nocomis",526.7,"GenusAverage",1
"Noctilio",42.29,"GenusAverage",12
"Nomascus",7324,"GenusAverage",27
"Nomonyx",362.1,"GenusAverage",2
"Nonnula",17.07,"GenusAverage",11
"Normichthys",55.4,"GenusAverage",1
"Noronhomys",160,"GenusAverage",1
"Norops",5.5,"GenusAverage",1
"Northiella",87.25,"GenusAverage",4
"Nostoc",7.97e-10,"GenusAverage",1
"Notacanthus",2098,"GenusAverage",2
"Notarius",951.8,"GenusAverage",4
"Notasterias",4.1,"GenusAverage",1
"Notechis",1338,"GenusAverage",1
"Notemigonus",554.1,"GenusAverage",2
"Notesthes",213,"GenusAverage",1
"Notharchus",73.47,"GenusAverage",13
"Nothobachia",1.265,"GenusAverage",3
"Nothobranchius",2.412,"GenusAverage",8
"Nothocercus",674.5,"GenusAverage",6
"Nothocrax",1587,"GenusAverage",2
"Notholca",1.75e-08,"GenusAverage",1
"Nothoprocta",458.2,"GenusAverage",15
"Nothopsis",20.2,"GenusAverage",1
"Nothropus",1e+05,"GenusAverage",1
"Nothrotheriops",337500,"GenusAverage",3
"Nothrotherium",150000,"GenusAverage",2
"Nothura",237.4,"GenusAverage",10
"Notiochelidon",11.12,"GenusAverage",8
"Notiomastodon",5500000,"GenusAverage",1
"Notiomys",21.3,"GenusAverage",4
"Notiomystis",76.68,"GenusAverage",3
"Notiosorex",4.82,"GenusAverage",11
"Notoacmaea",6.23,"GenusAverage",1
"Notochelys",4364,"GenusAverage",1
"Notocitellus",312.5,"GenusAverage",2
"Notocrangon",2.6,"GenusAverage",1
"Notogennema",1.839,"GenusAverage",1
"Notolepis",15.02,"GenusAverage",1
"Notomabuya",13.26,"GenusAverage",3
"Notomys",99.4,"GenusAverage",49
"Notopholia",54,"GenusAverage",1
"Notophthalmus",13.05,"GenusAverage",5
"Notopteris",61.39,"GenusAverage",6
"Notopterus",1140,"GenusAverage",2
"Notoryctes",44.86,"GenusAverage",13
"Notorynchus",107000,"GenusAverage",0
"Notoscincus",1.159,"GenusAverage",4
"Notoscopelus",9.9,"GenusAverage",1
"Notostomus",10.4,"GenusAverage",0
"Notothenia",3452,"GenusAverage",6
"Nototherium",5e+05,"GenusAverage",1
"Nototodarus",1260,"GenusAverage",1
"Nototriton",7.7,"GenusAverage",1
"Notropis",6.441,"GenusAverage",14
"Noturus",101.5,"GenusAverage",2
"Novisuccinea",0.5,"GenusAverage",1
"Novodamus",0.022,"GenusAverage",0
"Novumbra",6.2,"GenusAverage",1
"Nucella",3.784,"GenusAverage",0
"Nuchequula",18,"GenusAverage",1
"Nucifraga",158.5,"GenusAverage",14
"Nucras",15.21,"GenusAverage",27
"Nucula",0.2294,"GenusAverage",2
"Nuliodon",0.053,"GenusAverage",0
"Numenius",447.9,"GenusAverage",38
"Numida",1444,"GenusAverage",6
"Nyctalus",25.26,"GenusAverage",28
"Nyctanassa",701.9,"GenusAverage",4
"Nyctea",1185,"GenusAverage",3
"Nyctereutes",4921,"GenusAverage",11
"Nycteris",12.8,"GenusAverage",56
"Nyctibius",238.4,"GenusAverage",19
"Nycticebus",717.8,"GenusAverage",28
"Nycticeinops",5.031,"GenusAverage",4
"Nycticeius",8.143,"GenusAverage",10
"Nycticorax",569.2,"GenusAverage",11
"Nycticryphes",76.6,"GenusAverage",2
"Nyctidromus",46.31,"GenusAverage",4
"Nyctiellus",4.593,"GenusAverage",3
"Nyctimene",53.87,"GenusAverage",55
"Nyctinomops",16.34,"GenusAverage",19
"Nyctiphrynus",37.28,"GenusAverage",8
"Nyctipolus",36.85,"GenusAverage",1
"Nyctiprogne",34.15,"GenusAverage",4
"Nyctixalus",1.437,"GenusAverage",1
"Nyctomys",51.08,"GenusAverage",6
"Nyctophilus",10.02,"GenusAverage",32
"Nyctyornis",80.29,"GenusAverage",5
"Nymphaea",1000,"GenusAverage",1
"Nymphicus",89.63,"GenusAverage",8
"Nyssus",0.033,"GenusAverage",0
"Nystalus",48.64,"GenusAverage",9
"Oblada",386.9,"GenusAverage",0
"Occidentarius",1093,"GenusAverage",1
"Occidozyga",3.089,"GenusAverage",6
"Oceanites",25.83,"GenusAverage",3
"Oceanodroma",43.37,"GenusAverage",40
"Ochetobius",506.4,"GenusAverage",1
"Ochetorhynchus",35.48,"GenusAverage",8
"Ochmacanthus",0.6765,"GenusAverage",0
"Ochotona",682,"GenusAverage",121
"Ochrotomys",21.99,"GenusAverage",8
"Ochthoeca",12.61,"GenusAverage",20
"Ochthornis",13.45,"GenusAverage",2
"Ocnopus",3e+05,"GenusAverage",1
"Ocreatus",3.006,"GenusAverage",3
"Ocrisiona",0.063,"GenusAverage",0
"Octodon",219.3,"GenusAverage",17
"Octodontomys",152.7,"GenusAverage",6
"Octomys",128.3,"GenusAverage",4
"Octopoteuthis",270.5,"GenusAverage",3
"Octopus",7577,"GenusAverage",4
"Oculocincta",6.875,"GenusAverage",2
"Ocyalus",96.79,"GenusAverage",2
"Ocyceros",301.4,"GenusAverage",6
"Ocymyrmex",0.0041,"GenusAverage",1
"Ocyphaps",204.2,"GenusAverage",2
"Ocypode",79,"GenusAverage",1
"Ocyurus",1047,"GenusAverage",3
"Odacantha",0.00385,"GenusAverage",1
"Odaxothrissa",30.3,"GenusAverage",1
"Odobenus",798500,"GenusAverage",8
"Odocoileus",65920,"GenusAverage",24
"Odontamblyopus",48.17,"GenusAverage",3
"Odontaster",3.135,"GenusAverage",2
"Odontesthes",1071,"GenusAverage",3
"Odontobutis",72.66,"GenusAverage",7
"Odontognathus",49.52,"GenusAverage",1
"Odontophorus",324.2,"GenusAverage",31
"Odontophrynus",36.2,"GenusAverage",1
"Odontorchilus",10.3,"GenusAverage",4
"Odontoscion",13.7,"GenusAverage",1
"Odontospiza",14.1,"GenusAverage",1
"Odonus",2971,"GenusAverage",1
"Odorrana",51.42,"GenusAverage",8
"Oecobius",0.002,"GenusAverage",0
"Oecomys",66.98,"GenusAverage",57
"Oedalechilus",160.8,"GenusAverage",2
"Oedemera",0.01043,"GenusAverage",1
"Oedipina",59.6,"GenusAverage",1
"Oedistoma",9.156,"GenusAverage",4
"Oedodera",4.986,"GenusAverage",2
"Oedura",18.15,"GenusAverage",28
"Oena",39.94,"GenusAverage",3
"Oenanthe",23.05,"GenusAverage",70
"Oeneis",0.2,"GenusAverage",1
"Oenomys",87.36,"GenusAverage",9
"Ogcocephalus",115,"GenusAverage",3
"Ogmodon",18.3,"GenusAverage",1
"Ognorhynchus",285,"GenusAverage",2
"Okamejei",750,"GenusAverage",1
"Okapia",236600,"GenusAverage",10
"Olallamys",240,"GenusAverage",9
"Oligochaete",0.0006081,"GenusAverage",1
"Oligocottus",8,"GenusAverage",1
"Oligodon",35.95,"GenusAverage",83
"Oligoplites",147.5,"GenusAverage",3
"Oligoryzomys",23.61,"GenusAverage",65
"Oligosarcus",234.6,"GenusAverage",5
"Oligosoma",24.11,"GenusAverage",104
"Olindias",68,"GenusAverage",1
"Olisthops",394.3,"GenusAverage",1
"Omanosaura",84.16,"GenusAverage",5
"Omegophora",269.2,"GenusAverage",1
"Ommastrephes",837.9,"GenusAverage",1
"Ommatophoca",386000,"GenusAverage",8
"Ommatotriton",15.3,"GenusAverage",1
"Omoadiphas",6.3,"GenusAverage",3
"Omobranchus",2.6,"GenusAverage",1
"Ompok",247.7,"GenusAverage",5
"Oncifelis",3475,"GenusAverage",2
"Oncodamus",0.014,"GenusAverage",0
"Oncorhynchus",9342,"GenusAverage",36
"Oncostoma",6.917,"GenusAverage",5
"Ondatra",964.8,"GenusAverage",11
"Oneirodes",261.7,"GenusAverage",1
"Onohippidium",310700,"GenusAverage",1
"Onychodactylus",66.2,"GenusAverage",1
"Onychogalea",4961,"GenusAverage",20
"Onychognathus",112.7,"GenusAverage",31
"Onychomys",26.82,"GenusAverage",22
"Onychoprion",138.5,"GenusAverage",7
"Onychorhynchus",15.9,"GenusAverage",10
"Onychostoma",578.6,"GenusAverage",9
"Onychostruthus",50,"GenusAverage",1
"Onykia",4000,"GenusAverage",0
"Oocatochus",2.1,"GenusAverage",2
"Oocystis",4.939e-09,"GenusAverage",2
"Oostethus",11.56,"GenusAverage",0
"Ootetrastichus",8e-05,"GenusAverage",1
"Operophtera",0.0293,"GenusAverage",1
"Opheodrys",93.03,"GenusAverage",6
"Ophichthus",510.1,"GenusAverage",5
"Ophidiocephalus",5.518,"GenusAverage",2
"Ophidion",56.07,"GenusAverage",1
"Ophiocara",239.6,"GenusAverage",1
"Ophiocten",0.06665,"GenusAverage",2
"Ophiodes",44.98,"GenusAverage",13
"Ophiodon",29160,"GenusAverage",3
"Ophiomorus",4.442,"GenusAverage",25
"Ophionepthys",8.15,"GenusAverage",1
"Ophionotus",15.84,"GenusAverage",1
"Ophiophagus",14480,"GenusAverage",3
"Ophiopholis",0.43,"GenusAverage",0
"Ophioscincus",1.605,"GenusAverage",6
"Ophioscion",161.9,"GenusAverage",1
"Ophiosparte",19.4,"GenusAverage",0
"Ophiothrix",0.02,"GenusAverage",0
"Ophisaurus",45.24,"GenusAverage",16
"Ophisops",3.457,"GenusAverage",17
"Ophisurus",466.5,"GenusAverage",1
"Ophiura",0.8437,"GenusAverage",2
"Ophryacus",184.6,"GenusAverage",1
"Ophrysia",705,"GenusAverage",1
"Opisthocentrus",41.1,"GenusAverage",2
"Opisthocomus",744.5,"GenusAverage",2
"Opisthoncus",0.07861,"GenusAverage",0
"Opisthonema",170.8,"GenusAverage",2
"Opisthoproctus",17.75,"GenusAverage",2
"Opisthoprora",5.76,"GenusAverage",1
"Opisthoteuthis",4089,"GenusAverage",1
"Opisthothylax",1.8,"GenusAverage",1
"Opisthotropis",60.8,"GenusAverage",25
"Opistognathus",17.07,"GenusAverage",0
"Oplegnathus",9384,"GenusAverage",3
"Oplophorus",2.01,"GenusAverage",1
"Oplurus",81.22,"GenusAverage",20
"Oporonis",2.6,"GenusAverage",1
"Oporornis",10.8,"GenusAverage",22
"Opsanus",2200,"GenusAverage",0
"Opsariichthys",98.47,"GenusAverage",7
"Opsarius",79.89,"GenusAverage",1
"Oratosquilla",37.98,"GenusAverage",1
"Oratosquillina",48.96,"GenusAverage",1
"Orcaella",169800,"GenusAverage",13
"Orchesticus",31.5,"GenusAverage",2
"Orcinus",4613000,"GenusAverage",13
"Oreailurus",9170,"GenusAverage",1
"Oreamnos",102000,"GenusAverage",13
"Oreocalamus",28.1,"GenusAverage",1
"Oreocharis",19.62,"GenusAverage",3
"Oreochromis",1496,"GenusAverage",12
"Oreocryptophis",626.2,"GenusAverage",3
"Oreoglanis",5.1,"GenusAverage",3
"Oreoica",64.2,"GenusAverage",4
"Oreolais",8.89,"GenusAverage",4
"Oreolalax",14.68,"GenusAverage",5
"Oreoleuciscus",3560,"GenusAverage",4
"Oreomanes",25,"GenusAverage",2
"Oreomystis",14.48,"GenusAverage",5
"Oreonax",7276,"GenusAverage",4
"Oreonectes",1.4,"GenusAverage",1
"Oreonympha",7.521,"GenusAverage",3
"Oreophasis",2074,"GenusAverage",2
"Oreophilais",10.2,"GenusAverage",2
"Oreopholus",131.4,"GenusAverage",2
"Oreophryne",0.3507,"GenusAverage",1
"Oreophylax",10.48,"GenusAverage",1
"Oreopsar",73.41,"GenusAverage",3
"Oreopsittacus",20.19,"GenusAverage",2
"Oreornis",64,"GenusAverage",2
"Oreortyx",235.9,"GenusAverage",3
"Oreoryzomys",60.5,"GenusAverage",1
"Oreosaurus",9.353,"GenusAverage",6
"Oreoscoptes",44.16,"GenusAverage",3
"Oreoscopus",19.64,"GenusAverage",3
"Oreostruthus",18.38,"GenusAverage",2
"Oreothlypis",9.25,"GenusAverage",2
"Oreothraupis",73.72,"GenusAverage",1
"Oreotragus",12830,"GenusAverage",7
"Oreotrochilus",8.307,"GenusAverage",10
"Orientocoluber",28.1,"GenusAverage",2
"Origma",14.39,"GenusAverage",4
"Oriocalotes",12.08,"GenusAverage",2
"Oriolia",52,"GenusAverage",2
"Oriolus",70.84,"GenusAverage",65
"Oriturus",42.38,"GenusAverage",2
"Orlitia",12400,"GenusAverage",1
"Ormosia",470000,"GenusAverage",1
"Ornithion",6.862,"GenusAverage",6
"Ornithorhynchus",1280,"GenusAverage",9
"Ornorectes",79,"GenusAverage",1
"Orosaura",19.31,"GenusAverage",2
"Orraya",21.88,"GenusAverage",2
"Ortalis",570.2,"GenusAverage",32
"Orthetrum",0.0793,"GenusAverage",2
"Orthocyclops",2.694e-05,"GenusAverage",1
"Orthogeomys",474.8,"GenusAverage",38
"Orthogonys",40,"GenusAverage",1
"Orthonyx",91.06,"GenusAverage",11
"Orthopristis",499.2,"GenusAverage",3
"Orthopsittaca",372,"GenusAverage",3
"Orthorhyncus",3.027,"GenusAverage",2
"Orthospinus",16,"GenusAverage",1
"Orthostigma",0.000183,"GenusAverage",1
"Orthotomus",8.719,"GenusAverage",26
"Orthriophis",1120,"GenusAverage",5
"Ortygospiza",11.75,"GenusAverage",5
"Ortyxelos",17.6,"GenusAverage",4
"Orycteropus",48630,"GenusAverage",9
"Oryctolagus",1858,"GenusAverage",14
"Orygia",0.1452,"GenusAverage",1
"Oryx",160000,"GenusAverage",28
"Oryzias",0.6,"GenusAverage",11
"Oryzoborus",19.9,"GenusAverage",12
"Oryzomys",60.85,"GenusAverage",106
"Oryzorictes",35.75,"GenusAverage",9
"Oscillatoria",1.61e-09,"GenusAverage",1
"Osgoodomys",50,"GenusAverage",4
"Osmerus",180.4,"GenusAverage",3
"Osornophryne",4.517,"GenusAverage",0
"Osphronemus",4501,"GenusAverage",4
"Ossancora",33.1,"GenusAverage",2
"Osteobrama",155.8,"GenusAverage",5
"Osteochilus",1270,"GenusAverage",5
"Osteogeneiosus",737.7,"GenusAverage",2
"Osteoglossum",3190,"GenusAverage",5
"Osteolaemus",32930,"GenusAverage",3
"Osteopilus",29.4,"GenusAverage",3
"Ostichthys",1748,"GenusAverage",1
"Ostorhinchus",14.52,"GenusAverage",9
"Ostracion",550,"GenusAverage",2
"Ostracoda",1.958e-10,"GenusAverage",1
"Otaria",5394000,"GenusAverage",12
"Otidiphaps",500,"GenusAverage",3
"Otis",8264,"GenusAverage",7
"Otocolobus",3500,"GenusAverage",3
"Otocryptis",11.1,"GenusAverage",7
"Otocyon",4123,"GenusAverage",10
"Otolemur",1140,"GenusAverage",21
"Otolithes",6124,"GenusAverage",1
"Otomops",28.39,"GenusAverage",16
"Otomys",118.7,"GenusAverage",48
"Otonycteris",23.34,"GenusAverage",4
"Otonyctomys",36.2,"GenusAverage",4
"Otopteropus",16.82,"GenusAverage",4
"Otosaurus",91.42,"GenusAverage",2
"Otospermophilus",627.9,"GenusAverage",3
"Ototylomys",111.3,"GenusAverage",5
"Otus",108.6,"GenusAverage",105
"Ourebia",16780,"GenusAverage",9
"Ouroborus",58.39,"GenusAverage",2
"Ovalipes",3846,"GenusAverage",1
"Ovibos",273400,"GenusAverage",10
"Ovis",74580,"GenusAverage",50
"Ovophis",494.8,"GenusAverage",11
"Oxuderces",3.1,"GenusAverage",1
"Oxybelis",577.2,"GenusAverage",7
"Oxychilus",0.0056,"GenusAverage",1
"Oxydoras",8450,"GenusAverage",2
"Oxyeleotris",1728,"GenusAverage",3
"Oxygymnocypris",2968,"GenusAverage",1
"Oxyjulis",124.1,"GenusAverage",0
"Oxylabes",22.71,"GenusAverage",3
"Oxyloma",0.01195,"GenusAverage",1
"Oxylophus",71.54,"GenusAverage",4
"Oxymonacanthus",29.5,"GenusAverage",1
"Oxymycterus",62.5,"GenusAverage",53
"Oxynoemacheilus",5.155,"GenusAverage",28
"Oxynotus",7883,"GenusAverage",1
"Oxyopes",0.02837,"GenusAverage",0
"Oxypogon",4.8,"GenusAverage",2
"Oxyrhabdium",42.65,"GenusAverage",2
"Oxyrhopus",206.4,"GenusAverage",18
"Oxyruncus",41.92,"GenusAverage",3
"Oxytelus",4.3e-05,"GenusAverage",1
"Oxyura",612.2,"GenusAverage",27
"Oxyuranus",3607,"GenusAverage",5
"Oxyurichthys",22.62,"GenusAverage",3
"Ozotoceros",35400,"GenusAverage",10
"Ozyptila",0.001851,"GenusAverage",1
"Pachyarmatherium",133700,"GenusAverage",1
"Pachybrachius",0.001961,"GenusAverage",1
"Pachycalamus",7.982,"GenusAverage",2
"Pachycare",16.09,"GenusAverage",2
"Pachycephala",27.64,"GenusAverage",87
"Pachycephalopsis",36.11,"GenusAverage",4
"Pachycoccyx",100.2,"GenusAverage",3
"Pachydactylus",4.497,"GenusAverage",128
"Pachygnatha",0.001114,"GenusAverage",1
"Pachygrapsus",2.7,"GenusAverage",1
"Pachylemur",10620,"GenusAverage",4
"Pachymetopon",1267,"GenusAverage",3
"Pachyornis",30000,"GenusAverage",1
"Pachypanchax",11.8,"GenusAverage",1
"Pachyphantes",19.6,"GenusAverage",1
"Pachypops",134.5,"GenusAverage",1
"Pachyptila",156.3,"GenusAverage",16
"Pachyramphus",24.98,"GenusAverage",35
"Pachytriton",71.55,"GenusAverage",2
"Pachyuromys",42.21,"GenusAverage",7
"Pachyurus",1152,"GenusAverage",4
"Pacifastacus",175,"GenusAverage",1
"Pacific",100,"GenusAverage",1
"Padda",22.75,"GenusAverage",2
"Paederus",0.001623,"GenusAverage",1
"Paedocypris",0.1,"GenusAverage",3
"Pagellus",1384,"GenusAverage",8
"Pagetopsis",420.7,"GenusAverage",1
"Pagodroma",244.4,"GenusAverage",8
"Pagophila",479.7,"GenusAverage",6
"Pagophilus",136500,"GenusAverage",7
"Pagothenia",430.2,"GenusAverage",3
"Pagrus",6608,"GenusAverage",6
"Paguma",9995,"GenusAverage",11
"Pagurus",13.48,"GenusAverage",1
"Palaemon",0.029,"GenusAverage",0
"Palaeolama",815700,"GenusAverage",5
"Palaeoloxodon",646300,"GenusAverage",1
"Palaeopropithecus",46210,"GenusAverage",5
"Palawanomys",96.6,"GenusAverage",2
"Palea",20000,"GenusAverage",1
"Paleosuchus",6800,"GenusAverage",5
"Palinurus",1207,"GenusAverage",1
"Palleon",2.099,"GenusAverage",5
"Palmaria",0.06,"GenusAverage",1
"Palmatorappia",1.317,"GenusAverage",1
"Palmeria",26.48,"GenusAverage",5
"Palmoliparis",1080,"GenusAverage",1
"Palorchestes",366700,"GenusAverage",3
"Pamelaescincus",12.08,"GenusAverage",3
"Pampatherium",166700,"GenusAverage",4
"Pampus",2232,"GenusAverage",6
"Pampusana",78.35,"GenusAverage",2
"Pan",37310,"GenusAverage",21
"Panaque",1346,"GenusAverage",1
"Panaspis",2.445,"GenusAverage",27
"Panax",0.43,"GenusAverage",1
"Pandaka",0.1,"GenusAverage",1
"Pandalus",4.7,"GenusAverage",3
"Pandinus",28,"GenusAverage",1
"Pandion",1416,"GenusAverage",8
"Pangasianodon",211600,"GenusAverage",4
"Pangasius",74010,"GenusAverage",11
"Pangio",2.1,"GenusAverage",1
"Pangshura",720,"GenusAverage",4
"Paniegekko",8.486,"GenusAverage",2
"Panochthus",1061000,"GenusAverage",2
"Panolis",0.1452,"GenusAverage",1
"Panopa",5.176,"GenusAverage",5
"Panopea",1736,"GenusAverage",2
"Pantepuisaurus",4.495,"GenusAverage",2
"Panterpe",5.798,"GenusAverage",3
"Panthera",153600,"GenusAverage",50
"Pantherophis",1116,"GenusAverage",25
"Pantholops",29510,"GenusAverage",6
"Pantodon",20.9,"GenusAverage",1
"Panulirus",3008,"GenusAverage",8
"Panurus",14.15,"GenusAverage",5
"Panyptila",34.75,"GenusAverage",4
"Papagomys",854,"GenusAverage",2
"Papasula",1514,"GenusAverage",3
"Papio",17320,"GenusAverage",37
"Pappogeomys",194.9,"GenusAverage",9
"Papuascincus",3.119,"GenusAverage",7
"Papyrocranus",54.7,"GenusAverage",1
"Parablennius",24.02,"GenusAverage",1
"Parabotia",45.43,"GenusAverage",7
"Parabramis",2490,"GenusAverage",1
"Parabuteo",562.8,"GenusAverage",8
"Paracaesio",221,"GenusAverage",1
"Paracanthobrama",1922,"GenusAverage",1
"Paracanthocobitis",21.48,"GenusAverage",1
"Paracanthurus",615,"GenusAverage",2
"Paracapoeta",233.5,"GenusAverage",2
"Paracentropyge",42.5,"GenusAverage",1
"Paraceros",175000,"GenusAverage",2
"Parachaenichthys",143.6,"GenusAverage",1
"Parachaeturichthys",16.77,"GenusAverage",1
"Parachanna",1134,"GenusAverage",1
"Parachauliodes",0.2993,"GenusAverage",0
"Paracheirodon",0.115,"GenusAverage",2
"Parachelon",253.9,"GenusAverage",1
"Parachiloglanis",2.3,"GenusAverage",1
"Parachromis",1359,"GenusAverage",2
"Paracirrhites",92.1,"GenusAverage",1
"Paracobitis",6.703,"GenusAverage",1
"Paracoelops",8.435,"GenusAverage",2
"Paraconger",829.2,"GenusAverage",1
"Paracontias",1.432,"GenusAverage",25
"Paracottus",41.5,"GenusAverage",1
"Paracrocidura",13.11,"GenusAverage",7
"Paractinolaimus",1.434e-05,"GenusAverage",1
"Paracynictis",1671,"GenusAverage",5
"Paradelma",12.89,"GenusAverage",2
"Paradigalla",169.5,"GenusAverage",4
"Paradiplospinus",404.8,"GenusAverage",2
"Paradipus",119.3,"GenusAverage",3
"Paradisaea",210.4,"GenusAverage",22
"Paradoxornis",20.39,"GenusAverage",20
"Paradoxurus",2882,"GenusAverage",19
"Paraechinus",247.4,"GenusAverage",17
"Paraeuchaeta",0.5905,"GenusAverage",3
"Parafimbrios",15.1,"GenusAverage",1
"Paragaleus",1026,"GenusAverage",1
"Paragehyra",6.446,"GenusAverage",8
"Paragnetina",0.03871,"GenusAverage",0
"Parahelicops",41.3,"GenusAverage",1
"Parahucho",30000,"GenusAverage",1
"Parahyaena",46200,"GenusAverage",2
"Parahydromys",535.6,"GenusAverage",4
"Parahydrophis",47.6,"GenusAverage",1
"Parailia",12.81,"GenusAverage",0
"Parajulis",833.1,"GenusAverage",1
"Parakneria",4,"GenusAverage",1
"Paralabrax",3009,"GenusAverage",5
"Paralaubuca",43.3,"GenusAverage",1
"Paralaudakia",110.6,"GenusAverage",18
"Paraleptomys",44.11,"GenusAverage",8
"Paraleptophlebia",2.43e-05,"GenusAverage",1
"Paraleucogobio",12.7,"GenusAverage",1
"Paralichthys",11200,"GenusAverage",9
"Paralipinia",8.503,"GenusAverage",1
"Paralithodes",4386,"GenusAverage",2
"Paralomis",395.5,"GenusAverage",2
"Paralomys",17.4,"GenusAverage",3
"Paralonchurus",451.5,"GenusAverage",3
"Paraloricaria",361,"GenusAverage",1
"Paraluteres",23.5,"GenusAverage",1
"Paramatachia",0.01761,"GenusAverage",0
"Parambassis",11.05,"GenusAverage",4
"Paramegatherium",3500000,"GenusAverage",1
"Paramelomys",91.67,"GenusAverage",30
"Paramesotriton",52.18,"GenusAverage",4
"Paramisgurnus",40.9,"GenusAverage",2
"Paramonacanthus",23.5,"GenusAverage",1
"Paramormyrops",37.6,"GenusAverage",1
"Paramurexia",48.76,"GenusAverage",3
"Paramylodon",1490000,"GenusAverage",2
"Paramythia",42.14,"GenusAverage",2
"Parandania",0.465,"GenusAverage",1
"Paraneetroplus",1331,"GenusAverage",1
"Paranemachilus",3.7,"GenusAverage",1
"Paranotothenia",59.77,"GenusAverage",1
"Parantechinus",38.91,"GenusAverage",11
"Paranthias",138.6,"GenusAverage",0
"Paranyctimene",27.84,"GenusAverage",5
"Parapasiphae",0.61,"GenusAverage",1
"Parapenaeus",17.82,"GenusAverage",3
"Parapercis",42.46,"GenusAverage",2
"Paraphimophis",1036,"GenusAverage",2
"Parapimelodus",44.75,"GenusAverage",2
"Parapistocalamus",47.3,"GenusAverage",2
"Paraplagusia",193.4,"GenusAverage",4
"Parapocryptes",57.1,"GenusAverage",1
"Parapristipoma",658.3,"GenusAverage",1
"Parapsettus",793.1,"GenusAverage",1
"Pararasbora",1.4,"GenusAverage",1
"Parargyrops",761.7,"GenusAverage",1
"Pararhabdophis",130.3,"GenusAverage",1
"Pararhadinaea",2.7,"GenusAverage",1
"Parasagitta",0.01646,"GenusAverage",1
"Parascalops",48.81,"GenusAverage",9
"Parascaptor",45.6,"GenusAverage",2
"Paraschistura",3.467,"GenusAverage",3
"Parasergestes",0.029,"GenusAverage",1
"Parashorea",240000,"GenusAverage",1
"Parasinilabeo",10.67,"GenusAverage",3
"Parastenophis",308.3,"GenusAverage",1
"Parastenus",3e-04,"GenusAverage",1
"Parastromateus",8434,"GenusAverage",1
"Parasuta",50.5,"GenusAverage",6
"Paratapinophis",265.5,"GenusAverage",1
"Paratarsotomus",0.0002209,"GenusAverage",1
"Parateneriffia",3e-05,"GenusAverage",1
"Paratilapia",452.8,"GenusAverage",1
"Paratriaenops",5.25,"GenusAverage",2
"Paratrygon",53000,"GenusAverage",1
"Paratrypauchen",19.8,"GenusAverage",1
"Paratupua",0.003,"GenusAverage",0
"Paravespula",0.0153,"GenusAverage",1
"Paraxerus",289.1,"GenusAverage",50
"Parayuhina",12,"GenusAverage",1
"Parazacco",13.3,"GenusAverage",1
"Parazen",34.2,"GenusAverage",1
"Parborlasia",68.7,"GenusAverage",1
"Pardachirus",247.1,"GenusAverage",1
"Pardaliparus",12.45,"GenusAverage",4
"Pardalotus",10.49,"GenusAverage",14
"Pardirallus",206.2,"GenusAverage",6
"Pardofelis",3879,"GenusAverage",8
"Pardosa",0.04644,"GenusAverage",5
"Pareas",64.5,"GenusAverage",14
"Pareiorhaphis",30.8,"GenusAverage",1
"Pareiorhina",3,"GenusAverage",1
"Pareledone",184.7,"GenusAverage",2
"Paremballonura",3.8,"GenusAverage",2
"Pareques",80.6,"GenusAverage",0
"Pareuchiloglanis",42.68,"GenusAverage",5
"Pareutropius",22.1,"GenusAverage",1
"Parexocoetus",48.9,"GenusAverage",1
"Parkerthraustes",37,"GenusAverage",2
"Parkesia",18.91,"GenusAverage",2
"Parmaturus",348.5,"GenusAverage",0
"Parmoptila",10.47,"GenusAverage",9
"Paroaria",28.69,"GenusAverage",12
"Parocnus",61140,"GenusAverage",2
"Parodon",41.55,"GenusAverage",2
"Paroedura",8.422,"GenusAverage",36
"Parophasma",21.5,"GenusAverage",2
"Paroplocephalus",64.9,"GenusAverage",1
"Paroreomyza",12.26,"GenusAverage",7
"Parotia",163.5,"GenusAverage",12
"Parotomys",127.2,"GenusAverage",9
"Parsigecko",1.416,"GenusAverage",1
"Parula",8.062,"GenusAverage",9
"Parupeneus",1467,"GenusAverage",5
"Paruroctonus",3.5,"GenusAverage",0
"Paruromys",330.9,"GenusAverage",4
"Parus",14.39,"GenusAverage",89
"Parvicardium",0.368,"GenusAverage",1
"Parvilacerta",5.773,"GenusAverage",6
"Parvilux",2.83,"GenusAverage",0
"Parvoscincus",2.971,"GenusAverage",46
"Pasiphaea",1.633,"GenusAverage",5
"Passer",24.36,"GenusAverage",84
"Passerculus",15.86,"GenusAverage",6
"Passerella",30.6,"GenusAverage",6
"Passerina",16.43,"GenusAverage",33
"Pastor",75.5,"GenusAverage",1
"Patagioenas",263.1,"GenusAverage",35
"Patagona",20.64,"GenusAverage",3
"Patagonotothen",40.37,"GenusAverage",1
"Pattonomys",244.5,"GenusAverage",7
"Paucidentomys",158.5,"GenusAverage",1
"Paulamys",123,"GenusAverage",1
"Pauxi",3535,"GenusAverage",5
"Pavo",3505,"GenusAverage",8
"Pearsonomys",45.8,"GenusAverage",1
"Pearsonothuria",62,"GenusAverage",1
"Pecari",21660,"GenusAverage",11
"Peckoltia",70,"GenusAverage",1
"Pectinaria",0.1374,"GenusAverage",2
"Pectinator",166.9,"GenusAverage",5
"Pedetes",3071,"GenusAverage",9
"Pedicia",0.006807,"GenusAverage",1
"Pediobius",9.885e-05,"GenusAverage",2
"Pedionomus",62.08,"GenusAverage",4
"Pedioplanis",4.272,"GenusAverage",29
"Pegasus",90.2,"GenusAverage",1
"Pegea",2.37,"GenusAverage",1
"Pegomya",0.0057,"GenusAverage",1
"Pegusa",55.86,"GenusAverage",1
"Pelagocephalus",32.3,"GenusAverage",1
"Pelagodroma",51.99,"GenusAverage",5
"Pelargopsis",178.7,"GenusAverage",6
"Pelasgus",5.348,"GenusAverage",1
"Pelea",20230,"GenusAverage",9
"Pelecanoides",157.4,"GenusAverage",15
"Pelecanus",5831,"GenusAverage",40
"Pelecus",1392,"GenusAverage",3
"Peliperdix",264.2,"GenusAverage",4
"Pellona",3702,"GenusAverage",2
"Pellonula",13.7,"GenusAverage",1
"Pellorneum",23.79,"GenusAverage",10
"Pelmatolapia",70.39,"GenusAverage",0
"Pelobates",26.05,"GenusAverage",3
"Pelochares",0.000608,"GenusAverage",1
"Pelochelys",75000,"GenusAverage",1
"Pelodiscus",2164,"GenusAverage",2
"Pelodytes",3.505,"GenusAverage",2
"Pelomedusa",2273,"GenusAverage",1
"Pelomys",75.28,"GenusAverage",16
"Pelophryne",0.3886,"GenusAverage",1
"Pelophylax",41.83,"GenusAverage",8
"Pelorovis",1e+06,"GenusAverage",2
"Pelotretis",874.8,"GenusAverage",1
"Pelteobagrus",1744,"GenusAverage",4
"Peltocephalus",3600,"GenusAverage",1
"Peltohyas",88.18,"GenusAverage",3
"Peltops",32.2,"GenusAverage",6
"Peltorhamphus",600,"GenusAverage",1
"Pelusios",806.7,"GenusAverage",3
"Pelvetia",690,"GenusAverage",1
"Pelvicachromis",18.8,"GenusAverage",1
"Pempheris",19.02,"GenusAverage",1
"Penaeopsis",18.76,"GenusAverage",1
"Penaeus",71.69,"GenusAverage",10
"Penelope",1287,"GenusAverage",28
"Penelopides",456,"GenusAverage",13
"Penelopina",890,"GenusAverage",3
"Peneoenanthe",19.65,"GenusAverage",1
"Peneothello",22.58,"GenusAverage",10
"Pennahia",442,"GenusAverage",3
"Pennatomys",110,"GenusAverage",1
"Pentaceraster",326,"GenusAverage",0
"Pentaceros",5000,"GenusAverage",1
"Pentalagus",2335,"GenusAverage",4
"Pentanemus",221.1,"GenusAverage",2
"Pentaneura",2.52e-05,"GenusAverage",1
"Pentapleura",2.85e-05,"GenusAverage",1
"Pentapodus",108,"GenusAverage",1
"Penthetor",38.56,"GenusAverage",5
"Peponocephala",198100,"GenusAverage",10
"Peprilus",412.7,"GenusAverage",3
"Peradorcas",1350,"GenusAverage",1
"Perameles",559.6,"GenusAverage",28
"Perca",825.7,"GenusAverage",5
"Percalates",4191,"GenusAverage",2
"Perccottus",250,"GenusAverage",2
"Percichthys",8160,"GenusAverage",1
"Percilia",8.9,"GenusAverage",1
"Percina",9.795,"GenusAverage",12
"Percnostola",25.05,"GenusAverage",6
"Percocypris",432.2,"GenusAverage",2
"Percopsis",13.9,"GenusAverage",1
"Perdicula",69.97,"GenusAverage",8
"Perdix",333.2,"GenusAverage",13
"Pericoma",5.7e-05,"GenusAverage",1
"Pericrocotus",16.88,"GenusAverage",27
"Peridinium",3.559e-08,"GenusAverage",4
"Periophthalmodon",486.9,"GenusAverage",1
"Periophthalmus",49.81,"GenusAverage",5
"Periparus",11.04,"GenusAverage",5
"Periphylla",22.58,"GenusAverage",1
"Periplaneta",0.83,"GenusAverage",1
"Periporphyrus",48,"GenusAverage",2
"Perisoreus",83.62,"GenusAverage",14
"Perissocephalus",345.2,"GenusAverage",2
"Perknaster",7.125,"GenusAverage",2
"Perna",5.137,"GenusAverage",1
"Pernis",808.8,"GenusAverage",11
"Perochirus",21.02,"GenusAverage",8
"Perodicticus",1059,"GenusAverage",14
"Perognathus",14.48,"GenusAverage",61
"Peromyscus",33.56,"GenusAverage",265
"Peropteryx",8.405,"GenusAverage",16
"Peroryctes",2331,"GenusAverage",12
"PeroryctinaeGen",945.1,"GenusAverage",1
"Persephona",15.77,"GenusAverage",2
"Pervagor",47.8,"GenusAverage",1
"Petalidium",0.7405,"GenusAverage",1
"Petaurillus",28.4,"GenusAverage",10
"Petaurista",1762,"GenusAverage",45
"Petauroides",768.6,"GenusAverage",11
"Petaurus",267.3,"GenusAverage",40
"Petenia",3131,"GenusAverage",1
"Pethia",12.99,"GenusAverage",5
"Petinomys",300.5,"GenusAverage",35
"Petitella",1.209,"GenusAverage",0
"Petracola",4.31,"GenusAverage",7
"Petricia",200,"GenusAverage",0
"Petrocephalus",18.21,"GenusAverage",3
"Petrochelidon",16.11,"GenusAverage",14
"Petrochromis",114.4,"GenusAverage",1
"Petrodromus",199.5,"GenusAverage",8
"Petrogale",4522,"GenusAverage",74
"Petroica",14.03,"GenusAverage",41
"Petromus",212,"GenusAverage",7
"Petromyscus",26.79,"GenusAverage",14
"Petromyzon",1559,"GenusAverage",3
"Petronia",23.5,"GenusAverage",15
"Petropedetes",4.87,"GenusAverage",1
"Petrophassa",143.8,"GenusAverage",6
"Petropseudes",1759,"GenusAverage",6
"Petrosaurus",64.87,"GenusAverage",11
"Petroscirtes",8.6,"GenusAverage",1
"Petrus",17000,"GenusAverage",1
"Petulanos",64,"GenusAverage",1
"Peucaea",22.09,"GenusAverage",8
"Peucedramus",10.96,"GenusAverage",4
"Peucetia",0.2021,"GenusAverage",0
"Pezopetes",55.8,"GenusAverage",3
"Pezophaps",28000,"GenusAverage",1
"Pezoporus",93.74,"GenusAverage",6
"Phacellodomus",26.58,"GenusAverage",21
"Phacochoerus",78790,"GenusAverage",17
"Phaenicophaeus",111.9,"GenusAverage",17
"Phaenicophilus",31.12,"GenusAverage",4
"Phaenomys",93.8,"GenusAverage",4
"Phaenostictus",51.1,"GenusAverage",2
"Phaeochroa",8.999,"GenusAverage",3
"Phaeodactyllum",1.9e-11,"GenusAverage",1
"Phaeognathus",36.07,"GenusAverage",3
"Phaeomyias",9.658,"GenusAverage",4
"Phaeoprogne",35.4,"GenusAverage",1
"Phaeoptyx",9.737,"GenusAverage",0
"Phaeoscincus",1.073,"GenusAverage",1
"Phaeothlypis",14.2,"GenusAverage",2
"Phaethon",554.2,"GenusAverage",11
"Phaethornis",4.372,"GenusAverage",69
"Phaetusa",237.1,"GenusAverage",2
"Phagocata",0.01,"GenusAverage",1
"Phainopepla",21.77,"GenusAverage",5
"Phainoptila",56,"GenusAverage",2
"Phaiomys",52.5,"GenusAverage",1
"Phalacrocorax",1776,"GenusAverage",108
"Phalacronotus",6750,"GenusAverage",1
"Phalaenoptilus",39.18,"GenusAverage",6
"Phalanger",1959,"GenusAverage",55
"Phalaropus",46.31,"GenusAverage",12
"Phalcoboenus",916.2,"GenusAverage",9
"Phalloceros",1.6,"GenusAverage",1
"Phalotris",89.65,"GenusAverage",17
"Phaner",1609,"GenusAverage",20
"Phanourios",2e+05,"GenusAverage",1
"Phapitreron",136.4,"GenusAverage",8
"Phaps",280.1,"GenusAverage",9
"Pharomachrus",172.8,"GenusAverage",13
"Pharotis",9.05,"GenusAverage",2
"Pharyngochromis",133,"GenusAverage",0
"Phascogale",136.4,"GenusAverage",16
"Phascolarctos",10390,"GenusAverage",9
"Phascolomys",50000,"GenusAverage",1
"Phascolonus",2e+05,"GenusAverage",2
"Phascolosorex",149.6,"GenusAverage",8
"Phascomurexia",50.51,"GenusAverage",3
"Phasianus",1044,"GenusAverage",9
"Phasmasaurus",4.729,"GenusAverage",2
"Phataginus",2342,"GenusAverage",4
"Phedina",17.46,"GenusAverage",5
"Phegornis",35.88,"GenusAverage",2
"Phelpsia",29.59,"GenusAverage",2
"Phelsuma",11.88,"GenusAverage",123
"Phenacobius",12,"GenusAverage",1
"Phenacogaster",2.2,"GenusAverage",1
"Phenacogrammus",5.9,"GenusAverage",1
"Phenacomys",28.82,"GenusAverage",13
"Pherbellia",3e-04,"GenusAverage",1
"Pherbina",0.004558,"GenusAverage",1
"Phestilla",1.25,"GenusAverage",1
"Pheucticus",54.82,"GenusAverage",23
"Pheugopedius",20.38,"GenusAverage",12
"Phibalura",47.12,"GenusAverage",2
"Phidippus",0.2165,"GenusAverage",0
"Phigys",81.15,"GenusAverage",3
"Philaenus",0.002345,"GenusAverage",1
"Philander",338.4,"GenusAverage",23
"Philantomba",7620,"GenusAverage",14
"Philautus",0.6316,"GenusAverage",2
"Philemon",96.42,"GenusAverage",36
"Philentoma",21.5,"GenusAverage",4
"Philepitta",31.63,"GenusAverage",4
"Philesturnus",74.87,"GenusAverage",4
"Philetairus",27.42,"GenusAverage",4
"Philetor",11.27,"GenusAverage",4
"Philine",9.53,"GenusAverage",1
"Philochortus",9.757,"GenusAverage",12
"Philodice",3.3,"GenusAverage",1
"Philodromus",0.000166,"GenusAverage",1
"Philodryas",370.8,"GenusAverage",33
"Philohydor",25.5,"GenusAverage",1
"Philomachus",148.3,"GenusAverage",5
"Philomycus",8,"GenusAverage",1
"Philoponella",0.0145,"GenusAverage",0
"Philortyx",130.1,"GenusAverage",2
"Philothamnus",179.5,"GenusAverage",36
"Philydor",27.63,"GenusAverage",18
"Phimophis",190.6,"GenusAverage",4
"Phimosus",559,"GenusAverage",3
"Phisalixella",354.4,"GenusAverage",3
"Phlaeothripidae",2e-04,"GenusAverage",2
"Phlegopsis",49.8,"GenusAverage",5
"Phleocryptes",14.58,"GenusAverage",2
"Phloeomys",1880,"GenusAverage",10
"Phlogophilus",2.654,"GenusAverage",8
"Phlyctimantis",7.026,"GenusAverage",1
"Phoboscincus",414.1,"GenusAverage",4
"Phoca",78620,"GenusAverage",17
"Phocarctos",171200,"GenusAverage",9
"Phocoena",55040,"GenusAverage",19
"Phocoenoides",99610,"GenusAverage",10
"Phodilus",252.4,"GenusAverage",6
"Phodopus",23.78,"GenusAverage",18
"Phoebastria",3428,"GenusAverage",16
"Phoebetria",2829,"GenusAverage",7
"Phoenicircus",87.29,"GenusAverage",4
"Phoenicolacerta",10.16,"GenusAverage",11
"Phoeniconaias",1587,"GenusAverage",3
"Phoenicoparrus",2792,"GenusAverage",6
"Phoenicopterus",2470,"GenusAverage",15
"Phoeniculus",61.24,"GenusAverage",16
"Phoenicurus",19.13,"GenusAverage",37
"Pholcus",0.02009,"GenusAverage",0
"Pholidobolus",4.86,"GenusAverage",16
"Pholidornis",5.669,"GenusAverage",3
"Pholidoscelis",128.2,"GenusAverage",21
"Pholidoteuthis",44,"GenusAverage",1
"Pholis",165.9,"GenusAverage",4
"Phoniscus",5.794,"GenusAverage",13
"Phonognatha",0.095,"GenusAverage",0
"Phonygammus",161.6,"GenusAverage",1
"Phorcosergia",2.104,"GenusAverage",2
"Photopectoralis",23.15,"GenusAverage",2
"Phoxinellus",15,"GenusAverage",1
"Phoxinus",12.17,"GenusAverage",8
"Phoxinys",1.17,"GenusAverage",1
"Phoxophrys",8.828,"GenusAverage",10
"Phractocephalus",48620,"GenusAverage",1
"Phractolaemus",164.7,"GenusAverage",1
"Phragmacia",11.18,"GenusAverage",3
"Phrygilus",25.63,"GenusAverage",21
"Phrynella",2.949,"GenusAverage",1
"Phrynobatrachus",1.193,"GenusAverage",14
"Phrynocephalus",9.652,"GenusAverage",83
"Phrynohyas",47.7,"GenusAverage",1
"Phrynoidis",30.34,"GenusAverage",1
"Phrynomantis",3.569,"GenusAverage",1
"Phrynonax",1082,"GenusAverage",1
"Phrynops",2380,"GenusAverage",1
"Phrynosoma",27.52,"GenusAverage",65
"Phtheirichthys",2411,"GenusAverage",0
"Phycis",1947,"GenusAverage",1
"Phycodurus",191.7,"GenusAverage",1
"Phylidonyris",19.02,"GenusAverage",16
"Phyllanthus",85.05,"GenusAverage",3
"Phyllastrephus",27.84,"GenusAverage",66
"Phyllergates",6.975,"GenusAverage",2
"Phyllodactylus",6.331,"GenusAverage",107
"Phylloderma",54.4,"GenusAverage",4
"Phyllodytes",0.74,"GenusAverage",0
"Phyllolais",6,"GenusAverage",3
"Phyllomedusa",13.52,"GenusAverage",3
"Phyllomyias",9.056,"GenusAverage",25
"Phyllomys",279.2,"GenusAverage",38
"Phyllonycteris",24.07,"GenusAverage",6
"Phyllopezus",30.79,"GenusAverage",9
"Phyllops",18.68,"GenusAverage",3
"Phyllorhiza",3883,"GenusAverage",1
"Phyllorhynchus",21.99,"GenusAverage",6
"Phylloscartes",8.11,"GenusAverage",40
"Phylloscopus",8.46,"GenusAverage",150
"Phyllostomus",73.49,"GenusAverage",19
"Phyllotis",46.14,"GenusAverage",55
"Phyllurus",17.29,"GenusAverage",20
"Phyloomys",439,"GenusAverage",1
"Phymaturus",40.28,"GenusAverage",103
"Physalaemus",4.113,"GenusAverage",1
"Physalia",2.78,"GenusAverage",1
"Physeter",15280000,"GenusAverage",7
"Physiculus",265.5,"GenusAverage",2
"Physignathus",447.7,"GenusAverage",3
"Phytolopsis",37.1,"GenusAverage",1
"Phytotoma",42.43,"GenusAverage",6
"Piaractus",10550,"GenusAverage",6
"Piaya",103.2,"GenusAverage",5
"Pica",164.3,"GenusAverage",17
"Picathartes",209.2,"GenusAverage",7
"Piceaen",10000,"GenusAverage",1
"Picoides",54.39,"GenusAverage",53
"Pictichromis",2.1,"GenusAverage",1
"Piculus",68.68,"GenusAverage",14
"Picumnus",11.32,"GenusAverage",50
"Picus",129.6,"GenusAverage",35
"Piezorhina",32.16,"GenusAverage",1
"Pilherodius",576,"GenusAverage",2
"Piliocolobus",8281,"GenusAverage",45
"Pilocolobus",9750,"GenusAverage",1
"Pimelodus",537.7,"GenusAverage",6
"Pimephales",8.2,"GenusAverage",4
"Pinarochroa",20.5,"GenusAverage",1
"Pinarocorys",34.29,"GenusAverage",6
"Pinaroloxias",13.1,"GenusAverage",2
"Pinarornis",65.8,"GenusAverage",2
"Pinctada",7.15,"GenusAverage",1
"Pinguinus",5000,"GenusAverage",3
"Pinguipes",1574,"GenusAverage",1
"Pinicola",48.07,"GenusAverage",8
"Pinirampus",13910,"GenusAverage",1
"Pinoyscincus",17.26,"GenusAverage",10
"Pinus",125500,"GenusAverage",2
"Pionites",152,"GenusAverage",7
"Pionopsitta",119,"GenusAverage",3
"Pionus",239.7,"GenusAverage",19
"Pipile",1353,"GenusAverage",9
"Pipilo",41.32,"GenusAverage",31
"Pipinculus",0.0002902,"GenusAverage",1
"Pipistrellus",5.328,"GenusAverage",121
"Pipra",14.91,"GenusAverage",20
"Pipraeidea",21.3,"GenusAverage",2
"Pipreola",53.69,"GenusAverage",22
"Piprites",15.71,"GenusAverage",7
"Piranga",27.98,"GenusAverage",52
"Pirata",0.01235,"GenusAverage",7
"Pisaster",729,"GenusAverage",0
"Pisaura",0.003328,"GenusAverage",1
"Pisidium",7.99e-05,"GenusAverage",1
"Pitangus",45.1,"GenusAverage",5
"Pithecheir",106.7,"GenusAverage",6
"Pithecheirops",107.2,"GenusAverage",1
"Pithecia",1967,"GenusAverage",36
"Pithecophaga",5875,"GenusAverage",4
"Pithecopus",3.835,"GenusAverage",0
"Pithys",24.64,"GenusAverage",4
"Pitohui",80.29,"GenusAverage",10
"Pitta",92.11,"GenusAverage",51
"Pittasoma",102.7,"GenusAverage",4
"Pituophis",1819,"GenusAverage",16
"Pityriasis",128.8,"GenusAverage",2
"Placosoma",4.178,"GenusAverage",7
"Plagiodontia",2260,"GenusAverage",9
"Plagiogeneion",1536,"GenusAverage",1
"Plagiognathops",2905,"GenusAverage",1
"Plagiopholis",18.14,"GenusAverage",6
"Plagioscion",2494,"GenusAverage",1
"Planigale",9.237,"GenusAverage",31
"Planiliza",120.5,"GenusAverage",3
"Planorbis",0.02484,"GenusAverage",1
"Platacanthomys",75,"GenusAverage",4
"Platalea",1532,"GenusAverage",23
"Platalina",31.7,"GenusAverage",2
"Platanichthys",30.69,"GenusAverage",1
"Platanista",83510,"GenusAverage",10
"Platax",7639,"GenusAverage",2
"Platemys",325,"GenusAverage",1
"Platichthys",4305,"GenusAverage",8
"Platybelone",35.85,"GenusAverage",0
"Platyberyx",123,"GenusAverage",1
"Platycephalus",2462,"GenusAverage",6
"Platyceps",139.1,"GenusAverage",26
"Platycercus",109.9,"GenusAverage",24
"Platycheirus",0.0018,"GenusAverage",1
"Platydoras",446,"GenusAverage",4
"Platydoris",1,"GenusAverage",0
"Platygonus",82870,"GenusAverage",3
"Platylophus",77.89,"GenusAverage",2
"Platymantis",6.942,"GenusAverage",6
"Platymops",9.185,"GenusAverage",2
"Platynematichthys",6783,"GenusAverage",0
"Platypharodon",4590,"GenusAverage",1
"Platyplectrurus",36.95,"GenusAverage",2
"Platyrhina",3722,"GenusAverage",0
"Platyrinchus",10.96,"GenusAverage",14
"Platyrrhinus",28.44,"GenusAverage",44
"Platysaurus",22.12,"GenusAverage",38
"Platyscelus",0.00599,"GenusAverage",1
"Platysmacheilus",23.3,"GenusAverage",5
"Platysmurus",180.5,"GenusAverage",2
"Platyspiza",35.5,"GenusAverage",1
"Platysteira",12.83,"GenusAverage",30
"Platysternon",2207,"GenusAverage",1
"Platystethus",0.0002502,"GenusAverage",2
"Platytroctes",73.5,"GenusAverage",1
"Plaxhaplous",1300000,"GenusAverage",1
"Plecoglossus",1716,"GenusAverage",1
"Plecotus",8.792,"GenusAverage",27
"Plectorhinchus",3995,"GenusAverage",6
"Plectorhyncha",40.81,"GenusAverage",3
"Plectreurys",0.1154,"GenusAverage",0
"Plectrocnemia",0.0007396,"GenusAverage",1
"Plectrophenax",36.49,"GenusAverage",11
"Plectropomus",17560,"GenusAverage",7
"Plectropterus",4209,"GenusAverage",5
"Plectrurus",36,"GenusAverage",4
"Plectrypops",63.35,"GenusAverage",0
"Plecturocebus",950,"GenusAverage",19
"Plegadis",542.1,"GenusAverage",13
"Plerotes",29,"GenusAverage",4
"Plesiodipsas",99.5,"GenusAverage",1
"Plesiomyzon",0.3,"GenusAverage",1
"Plesionika",3.876,"GenusAverage",1
"Plesiops",28.5,"GenusAverage",1
"Plesiorycteropus",10520,"GenusAverage",3
"Plestiodon",16.92,"GenusAverage",129
"Plethodon",11.08,"GenusAverage",16
"Pletholax",4.384,"GenusAverage",2
"Pleuragramma",125,"GenusAverage",4
"Pleurobrachia",0.009,"GenusAverage",0
"Pleurobranchaea",250,"GenusAverage",0
"Pleurodeles",125.9,"GenusAverage",4
"Pleurodema",4.653,"GenusAverage",1
"Pleurogrammus",1700,"GenusAverage",2
"Pleuromamma",0.00188,"GenusAverage",1
"Pleuronectes",1433,"GenusAverage",6
"Pleuronichthys",358.1,"GenusAverage",2
"Plica",59.33,"GenusAverage",18
"Plicofollis",1300,"GenusAverage",1
"Pliocercus",183.3,"GenusAverage",3
"Pliomys",62.5,"GenusAverage",1
"Plocepasser",41.35,"GenusAverage",12
"Ploceus",27.54,"GenusAverage",169
"Ploesoma",1.05e-07,"GenusAverage",1
"Plotosus",418.5,"GenusAverage",3
"Pluvialis",163.6,"GenusAverage",20
"Pluvianellus",85.38,"GenusAverage",3
"Pluvianus",82,"GenusAverage",2
"Pneumatophorus",203,"GenusAverage",1
"Pnoepyga",18.44,"GenusAverage",8
"Podager",159,"GenusAverage",1
"Podarcis",9.275,"GenusAverage",73
"Podargus",293.3,"GenusAverage",12
"Podica",605.9,"GenusAverage",3
"Podiceps",640.2,"GenusAverage",34
"Podilymbus",586.5,"GenusAverage",9
"Podocarpus",356400,"GenusAverage",2
"Podoces",102.3,"GenusAverage",8
"Podocnemis",8385,"GenusAverage",7
"Podogymnura",431.8,"GenusAverage",6
"Podomys",31.07,"GenusAverage",9
"Podoxymys",33.8,"GenusAverage",4
"Poecile",11.86,"GenusAverage",27
"Poecilia",6.6,"GenusAverage",4
"Poeciliopsis",1.55,"GenusAverage",2
"Poecilodryas",24.75,"GenusAverage",15
"Poecilogale",309.4,"GenusAverage",7
"Poecilopachys",0.012,"GenusAverage",0
"Poecilopholis",22.3,"GenusAverage",1
"Poecilotriccus",7.451,"GenusAverage",22
"Poelagus",2501,"GenusAverage",6
"Poeoptera",45.86,"GenusAverage",11
"Poephila",14.21,"GenusAverage",7
"Pogona",227.8,"GenusAverage",22
"Pogonias",51300,"GenusAverage",0
"Pogoniulus",11.97,"GenusAverage",26
"Pogonocichla",19.85,"GenusAverage",3
"Pogonomelomys",137.6,"GenusAverage",8
"Pogonomys",70.49,"GenusAverage",22
"Pogonophryne",153.9,"GenusAverage",5
"Pogonotriccus",8.242,"GenusAverage",6
"Poiana",563.8,"GenusAverage",7
"Poicephalus",188.7,"GenusAverage",37
"Polemaetus",4505,"GenusAverage",4
"Polemon",75.97,"GenusAverage",15
"Polihierax",79.79,"GenusAverage",7
"Polinices",3,"GenusAverage",1
"Poliocephalus",245.7,"GenusAverage",8
"Poliocitellus",525.7,"GenusAverage",3
"Poliolais",12.04,"GenusAverage",3
"Polioptila",5.903,"GenusAverage",35
"Polioxolmis",34.5,"GenusAverage",2
"Pollachius",9622,"GenusAverage",11
"Pollimyrus",3.688,"GenusAverage",1
"Polyarthra",3.477e-07,"GenusAverage",1
"Polyboroides",593.2,"GenusAverage",4
"Polyborus",835.6,"GenusAverage",3
"Polycentropus",0.0003287,"GenusAverage",1
"Polychrus",89.82,"GenusAverage",18
"Polydactylus",13770,"GenusAverage",5
"Polyhydrus",8e-04,"GenusAverage",1
"Polyipnus",3.5,"GenusAverage",1
"Polymixia",157.4,"GenusAverage",2
"Polynemus",52.2,"GenusAverage",1
"Polyodon",64110,"GenusAverage",4
"Polyonymus",4.668,"GenusAverage",3
"Polypedates",7.774,"GenusAverage",3
"Polypedilum",5.09e-06,"GenusAverage",1
"Polyplectron",497.1,"GenusAverage",19
"Polyprion",46700,"GenusAverage",3
"Polypterus",878.3,"GenusAverage",12
"Polysiphonia",50,"GenusAverage",1
"Polyspina",19.1,"GenusAverage",1
"Polysticta",680.6,"GenusAverage",5
"Polystictus",6.113,"GenusAverage",4
"Polytelis",139.7,"GenusAverage",16
"Polytmus",4.422,"GenusAverage",8
"Polytrichum",10,"GenusAverage",1
"Pomacanthus",1536,"GenusAverage",2
"Pomacentrus",12.74,"GenusAverage",2
"Pomadasys",2309,"GenusAverage",4
"Pomarea",27.94,"GenusAverage",13
"Pomatomus",6577,"GenusAverage",5
"Pomatorhinus",45.55,"GenusAverage",30
"Pomatoschistus",1.454,"GenusAverage",1
"Pomatostomus",56.22,"GenusAverage",17
"Pomoxis",1846,"GenusAverage",3
"Pongo",52110,"GenusAverage",17
"Pontastacus",139,"GenusAverage",1
"Pontellina",2e-04,"GenusAverage",1
"Ponticola",112.3,"GenusAverage",0
"Pontinus",1713,"GenusAverage",2
"Pontophilus",1,"GenusAverage",1
"Pontoporeia",0.0905,"GenusAverage",1
"Pontoporia",30000,"GenusAverage",0
"Poodytes",25.3,"GenusAverage",1
"Pooecetes",20.33,"GenusAverage",6
"Poospiza",20.31,"GenusAverage",28
"Popelairia",2.8,"GenusAverage",1
"Populus",331.7,"GenusAverage",1
"Poralia",333.8,"GenusAverage",1
"Porania",22.36,"GenusAverage",2
"Porcellium",0.004333,"GenusAverage",1
"Porcula",8459,"GenusAverage",2
"Porichthys",10.7,"GenusAverage",1
"Porocottus",3.7,"GenusAverage",1
"Poromera",6.406,"GenusAverage",2
"Poromitra",9.745,"GenusAverage",2
"Poropuntius",202.8,"GenusAverage",3
"Porphyrio",946.4,"GenusAverage",22
"Porphyrolaema",60,"GenusAverage",2
"Porphyrospiza",9.56,"GenusAverage",1
"Porpita",0.224,"GenusAverage",1
"Porrhomma",0.000225,"GenusAverage",2
"Porthidium",172.8,"GenusAverage",9
"Portunus",489.9,"GenusAverage",2
"Porzana",64.86,"GenusAverage",35
"Posidonia",0.3442,"GenusAverage",3
"Posidonica",0.5814,"GenusAverage",1
"Potamalosa",230,"GenusAverage",1
"Potamites",12.18,"GenusAverage",18
"Potamochoerus",68040,"GenusAverage",15
"Potamogale",665.1,"GenusAverage",6
"Potamophylax",0.002806,"GenusAverage",2
"Potamopyrgus",0.001856,"GenusAverage",2
"Potamotrygon",45390,"GenusAverage",7
"Potentilla",9.704,"GenusAverage",2
"Potomageton",0.1,"GenusAverage",1
"Potorous",1145,"GenusAverage",25
"Potos",2585,"GenusAverage",10
"Poulsenia",1100000,"GenusAverage",1
"Praemegaceros",70000,"GenusAverage",1
"Praomys",41.49,"GenusAverage",49
"Prasinohaema",7.985,"GenusAverage",12
"Premnas",191,"GenusAverage",1
"Premnoplex",16.98,"GenusAverage",4
"Premnornis",15.9,"GenusAverage",2
"Presbytis",6367,"GenusAverage",68
"Priacanthus",480.1,"GenusAverage",2
"Priapichthys",2.56,"GenusAverage",1
"Primno",0.1343,"GenusAverage",3
"Primolius",247.6,"GenusAverage",9
"Prinia",9.864,"GenusAverage",54
"Priodontes",37570,"GenusAverage",10
"Prionace",191300,"GenusAverage",2
"Prionailurus",4638,"GenusAverage",35
"Prionchulus",1.265e-05,"GenusAverage",1
"Prioniturus",112.3,"GenusAverage",17
"Prionobrama",311.5,"GenusAverage",0
"Prionochilus",8.042,"GenusAverage",11
"Prionodon",856.4,"GenusAverage",13
"Prionodura",77.15,"GenusAverage",2
"Prionomys",12.5,"GenusAverage",4
"Prionops",45.56,"GenusAverage",23
"Prionotus",242.3,"GenusAverage",4
"Prionurus",2327,"GenusAverage",2
"Priotelus",63.8,"GenusAverage",4
"Prismatolaimus",1.35e-07,"GenusAverage",1
"Pristella",1.2,"GenusAverage",1
"Pristidactylus",30.55,"GenusAverage",23
"Pristigaster",42.33,"GenusAverage",1
"Pristigenys",640.2,"GenusAverage",1
"Pristiophorus",2200,"GenusAverage",2
"Pristiphora",0.0323,"GenusAverage",1
"Pristipomoides",3095,"GenusAverage",7
"Pristis",263400,"GenusAverage",2
"Pristobrycon",230,"GenusAverage",0
"Pristolepis",70.85,"GenusAverage",2
"Pristurus",2.228,"GenusAverage",51
"Proablepharus",1.595,"GenusAverage",10
"Proatheris",117.9,"GenusAverage",1
"Probarbus",41420,"GenusAverage",1
"Probosciger",834.4,"GenusAverage",7
"Procapra",25440,"GenusAverage",18
"Procarduelis",22.3,"GenusAverage",1
"Procavia",2730,"GenusAverage",9
"Procellaria",967.6,"GenusAverage",17
"Procellosaurinus",0.5131,"GenusAverage",5
"Procelsterna",52.83,"GenusAverage",6
"Processa",1,"GenusAverage",1
"Procetichthys",74.7,"GenusAverage",1
"Prochaetoderma",0.000273,"GenusAverage",1
"Prochilodus",2615,"GenusAverage",10
"Procladius",6.81e-05,"GenusAverage",1
"Procloeon",0.0012,"GenusAverage",1
"Procnias",189.1,"GenusAverage",8
"Procolobus",7729,"GenusAverage",12
"Procoptodon",117100,"GenusAverage",9
"Procottus",81.5,"GenusAverage",1
"Proctoporus",5.561,"GenusAverage",30
"Procyon",4584,"GenusAverage",24
"Procypris",1589,"GenusAverage",4
"Prodiames",0.0001728,"GenusAverage",1
"Prodorylaimus",7.589e-06,"GenusAverage",1
"Prodotiscus",21.41,"GenusAverage",12
"Proechimys",299.3,"GenusAverage",115
"Proedromys",115,"GenusAverage",3
"Profelis",10730,"GenusAverage",6
"Prognathodes",22.91,"GenusAverage",0
"Progne",41.58,"GenusAverage",22
"Prognichthys",41.7,"GenusAverage",1
"Prolagus",336.3,"GenusAverage",2
"Prolatilus",199,"GenusAverage",1
"Prolemur",2150,"GenusAverage",7
"Promerops",34.44,"GenusAverage",7
"Prometheomys",75,"GenusAverage",5
"Promethichthys",4355,"GenusAverage",1
"Promops",30.94,"GenusAverage",9
"Pronolagus",1994,"GenusAverage",17
"Pronothobranchius",0.3,"GenusAverage",1
"Pronotogrammus",90,"GenusAverage",1
"Propithecus",4574,"GenusAverage",50
"Propleopus",40000,"GenusAverage",2
"Propraopus",33830,"GenusAverage",3
"Propylaea",0.00146,"GenusAverage",1
"Proscelotes",4.065,"GenusAverage",6
"Prosciurillus",127.1,"GenusAverage",8
"Prosobonia",36,"GenusAverage",3
"Prosopeia",195.9,"GenusAverage",6
"Prosopium",3034,"GenusAverage",5
"Prosthemadera",109.1,"GenusAverage",4
"Prosymna",9.356,"GenusAverage",23
"Proteles",9508,"GenusAverage",10
"Protemnodon",81310,"GenusAverage",13
"Proterorhinus",6.2,"GenusAverage",1
"Proteus",33.33,"GenusAverage",3
"Protobothrops",1433,"GenusAverage",24
"Protochromys",80.33,"GenusAverage",4
"Protocyon",20500,"GenusAverage",3
"Protohermes",0.2273,"GenusAverage",0
"Protomyctophum",2.792,"GenusAverage",6
"Protomyzon",1.1,"GenusAverage",1
"Protonibea",26570,"GenusAverage",1
"Protonotaria",12.31,"GenusAverage",6
"Protopithecus",24850,"GenusAverage",1
"Protopterus",17000,"GenusAverage",1
"Protosalanx",14.2,"GenusAverage",1
"Prototroctes",186,"GenusAverage",1
"Protoxerus",500.2,"GenusAverage",8
"Prunella",22.11,"GenusAverage",39
"Przewalskium",135500,"GenusAverage",5
"Psacadina",0.00218,"GenusAverage",1
"Psalidodon",41.43,"GenusAverage",4
"Psalidoprocne",10.72,"GenusAverage",13
"Psaltria",4,"GenusAverage",1
"Psaltriparus",5.4,"GenusAverage",4
"Psamechinus",9.3,"GenusAverage",1
"Psammobates",4796,"GenusAverage",4
"Psammobatis",1063,"GenusAverage",2
"Psammodromus",4.896,"GenusAverage",16
"Psammodynastes",30.56,"GenusAverage",5
"Psammomys",175.7,"GenusAverage",10
"Psammoperca",1192,"GenusAverage",1
"Psammophilus",66.36,"GenusAverage",4
"Psammophis",536.5,"GenusAverage",54
"Psammophylax",199.5,"GenusAverage",7
"Psarisomus",67,"GenusAverage",2
"Psarocolius",269.4,"GenusAverage",22
"Psectrogaster",190.5,"GenusAverage",2
"Pselliophorus",30.1,"GenusAverage",3
"Psellogrammus",4.171,"GenusAverage",0
"Psenes",3749,"GenusAverage",3
"Psenopsis",528,"GenusAverage",2
"Psephotellus",45.8,"GenusAverage",1
"Psephotus",59.58,"GenusAverage",16
"Psephurus",2e+05,"GenusAverage",2
"Psetta",13750,"GenusAverage",1
"Psettina",6.2,"GenusAverage",1
"Psettodes",9279,"GenusAverage",1
"Pseudacanthicus",1213,"GenusAverage",2
"Pseudacris",5.263,"GenusAverage",7
"Pseudaesopia",41,"GenusAverage",1
"Pseudagkistrodon",66.7,"GenusAverage",1
"Pseudalaemon",23.68,"GenusAverage",4
"Pseudalethe",39.25,"GenusAverage",4
"Pseudalopex",5909,"GenusAverage",7
"Pseudalsophis",180.2,"GenusAverage",8
"Pseudalutarius",97.7,"GenusAverage",1
"Pseudancistrus",202.2,"GenusAverage",1
"Pseudantechinus",28.69,"GenusAverage",28
"Pseudanthias",25,"GenusAverage",1
"Pseudaspis",1121,"GenusAverage",2
"Pseudaspius",3700,"GenusAverage",1
"Pseudasthenes",18.5,"GenusAverage",4
"Pseudastur",652,"GenusAverage",1
"Pseudecheneis",38.95,"GenusAverage",2
"Pseudechis",1544,"GenusAverage",11
"Pseudelaenia",11.9,"GenusAverage",2
"Pseudelaphe",418,"GenusAverage",1
"Pseudemoia",4.529,"GenusAverage",15
"Pseudemydura",324.1,"GenusAverage",1
"Pseudemys",3271,"GenusAverage",10
"Pseudeos",149,"GenusAverage",3
"Pseudepidalea",33.18,"GenusAverage",1
"Pseuderemias",3.006,"GenusAverage",14
"Pseudexostoma",11.2,"GenusAverage",1
"Pseudhirundo",10.19,"GenusAverage",2
"Pseudibis",2106,"GenusAverage",4
"Pseudis",13,"GenusAverage",2
"Pseudoacontias",14.4,"GenusAverage",8
"Pseudoalcippe",17.49,"GenusAverage",3
"Pseudobagrus",76.45,"GenusAverage",15
"Pseudobalistes",4398,"GenusAverage",2
"Pseudobatos",1510,"GenusAverage",0
"Pseudoberylmys",194.4,"GenusAverage",1
"Pseudobias",12.69,"GenusAverage",2
"Pseudoboa",328.3,"GenusAverage",8
"Pseudoboodon",96.35,"GenusAverage",4
"Pseudobrama",108.9,"GenusAverage",1
"Pseudobranchus",119.7,"GenusAverage",1
"Pseudobulweria",304.3,"GenusAverage",9
"Pseudocalanus",9.47e-05,"GenusAverage",1
"Pseudocalotes",24.52,"GenusAverage",43
"Pseudocalyptomena",31.88,"GenusAverage",3
"Pseudocaranx",14040,"GenusAverage",2
"Pseudocarcharias",5000,"GenusAverage",1
"Pseudoceramodactylus",6.82,"GenusAverage",2
"Pseudocerastes",368.5,"GenusAverage",3
"Pseudochaenichthys",1805,"GenusAverage",2
"Pseudocheilinus",21.4,"GenusAverage",1
"Pseudocheirops",1700,"GenusAverage",1
"Pseudocheirus",887.9,"GenusAverage",11
"Pseudochelidon",26,"GenusAverage",1
"Pseudochirops",1232,"GenusAverage",23
"Pseudochirulus",610.6,"GenusAverage",35
"Pseudochromis",1.97,"GenusAverage",1
"Pseudocolaptes",48.53,"GenusAverage",6
"Pseudocolopteryx",7.616,"GenusAverage",7
"Pseudocophotis",22.4,"GenusAverage",4
"Pseudocordylus",63.3,"GenusAverage",17
"Pseudocrenilabrus",25.54,"GenusAverage",0
"Pseudocrossocheilus",37.83,"GenusAverage",3
"Pseudocyttus",3875,"GenusAverage",2
"Pseudoeryx",364.4,"GenusAverage",3
"Pseudoferania",246.8,"GenusAverage",2
"Pseudoficimia",20.4,"GenusAverage",1
"Pseudogastromyzon",2.812,"GenusAverage",8
"Pseudogekko",4.732,"GenusAverage",16
"Pseudogobio",109.7,"GenusAverage",5
"Pseudogobiopsis",1.6,"GenusAverage",1
"Pseudogobius",2.8,"GenusAverage",1
"Pseudogonatodes",0.8929,"GenusAverage",15
"Pseudogyrinocheilus",399.7,"GenusAverage",1
"Pseudohaje",3545,"GenusAverage",3
"Pseudohemiculter",164.6,"GenusAverage",1
"Pseudohydromys",19.32,"GenusAverage",20
"Pseudohynobius",60.37,"GenusAverage",3
"Pseudoicichthys",197.6,"GenusAverage",1
"Pseudois",38860,"GenusAverage",13
"Pseudolabrus",62.85,"GenusAverage",2
"Pseudolais",22000,"GenusAverage",1
"Pseudolaubuca",152.9,"GenusAverage",2
"Pseudoleistes",83.19,"GenusAverage",6
"Pseudoleptodeira",65.3,"GenusAverage",2
"Pseudomonacanthus",698.3,"GenusAverage",1
"Pseudomugil",0.6526,"GenusAverage",1
"Pseudomys",39.78,"GenusAverage",120
"Pseudonaja",1059,"GenusAverage",12
"Pseudonestor",22.49,"GenusAverage",5
"Pseudonigrita",20.63,"GenusAverage",8
"Pseudopentaceros",2898,"GenusAverage",1
"Pseudophoxinus",100.3,"GenusAverage",3
"Pseudopimelodus",2475,"GenusAverage",3
"Pseudoplatystoma",27650,"GenusAverage",6
"Pseudopleuronecte",345,"GenusAverage",1
"Pseudopleuronectes",2439,"GenusAverage",4
"Pseudopodoces",45.88,"GenusAverage",3
"Pseudopoecilia",0.61,"GenusAverage",1
"Pseudopungtungia",10.35,"GenusAverage",2
"Pseudopus",518,"GenusAverage",4
"Pseudorabdion",4.107,"GenusAverage",14
"Pseudorasbora",7.141,"GenusAverage",6
"Pseudorca",1205000,"GenusAverage",11
"Pseudorectes",90,"GenusAverage",1
"Pseudorhombus",492.7,"GenusAverage",5
"Pseudoryx",92670,"GenusAverage",5
"Pseudoryzomys",49.25,"GenusAverage",4
"Pseudoscaphirhynchus",1139,"GenusAverage",3
"Pseudosciaena",4350,"GenusAverage",1
"Pseudoscops",389.7,"GenusAverage",4
"Pseudoseisura",59.4,"GenusAverage",7
"Pseudothecadactylus",30.69,"GenusAverage",6
"Pseudotolithus",3286,"GenusAverage",3
"Pseudotomodon",28.9,"GenusAverage",2
"Pseudotrapelus",34,"GenusAverage",13
"Pseudotriccus",10.57,"GenusAverage",6
"Pseudotriton",18.85,"GenusAverage",3
"Pseudotylosurus",99,"GenusAverage",1
"Pseudotyphlops",40.5,"GenusAverage",1
"Pseudoupeneus",90,"GenusAverage",1
"Pseudoxenodon",216.6,"GenusAverage",7
"Pseudoxyrhopus",73.32,"GenusAverage",12
"Pseudupeneus",134.7,"GenusAverage",0
"Pseustes",997.6,"GenusAverage",5
"Psilaster",30.59,"GenusAverage",1
"Psilochorus",0.00186,"GenusAverage",0
"Psilophthalmus",0.6,"GenusAverage",2
"Psilopogon",125.4,"GenusAverage",4
"Psilops",1.111,"GenusAverage",3
"Psilopsiagon",32.04,"GenusAverage",5
"Psilorhamphus",11.3,"GenusAverage",2
"Psilorhinus",235.7,"GenusAverage",3
"Psilorhynchus",60.95,"GenusAverage",2
"Psiloscops",55.75,"GenusAverage",1
"Psittacara",174.2,"GenusAverage",14
"Psittacella",63.47,"GenusAverage",8
"Psittacula",154.7,"GenusAverage",34
"Psittaculirostris",115.5,"GenusAverage",8
"Psittacus",362.3,"GenusAverage",7
"Psitteuteles",56.12,"GenusAverage",8
"Psittinus",11.77,"GenusAverage",1
"Psittiparus",31,"GenusAverage",5
"Psittirostra",28.61,"GenusAverage",2
"Psittrichas",865,"GenusAverage",4
"Psomophis",19.53,"GenusAverage",3
"Psophia",1133,"GenusAverage",6
"Psophocichla",74.97,"GenusAverage",3
"Psophodes",47.55,"GenusAverage",16
"Psychosaura",14.58,"GenusAverage",5
"Psychroteuthis",357.8,"GenusAverage",2
"Ptenochirus",58.88,"GenusAverage",8
"Ptenopus",5,"GenusAverage",7
"Pteraclis",1230,"GenusAverage",2
"Pteragogus",114.3,"GenusAverage",1
"Pteralopex",421.8,"GenusAverage",17
"Pterapogon",13.55,"GenusAverage",2
"Pteraster",3.53,"GenusAverage",1
"Pteridophora",84.84,"GenusAverage",4
"Pternistis",638.3,"GenusAverage",23
"Pterocaesio",499.2,"GenusAverage",1
"Pterocarpus",940000,"GenusAverage",1
"Pterocles",240.4,"GenusAverage",50
"Pterocnemia",20000,"GenusAverage",1
"Pterocryptis",233.8,"GenusAverage",3
"Pterodoras",8921,"GenusAverage",1
"Pterodroma",324.3,"GenusAverage",100
"Pteroglossus",193.9,"GenusAverage",27
"Pterois",1313,"GenusAverage",2
"Pteromicra",8e-04,"GenusAverage",1
"Pteromylaeus",60650,"GenusAverage",1
"Pteromys",145.3,"GenusAverage",10
"Pteromyscus",299.9,"GenusAverage",4
"Pteronemacheilus",5.4,"GenusAverage",1
"Pteronemobius",0.00111,"GenusAverage",1
"Pteronetta",858.9,"GenusAverage",3
"Pteronotus",12.29,"GenusAverage",31
"Pteronura",24390,"GenusAverage",8
"Pterophanes",9.6,"GenusAverage",3
"Pterophyllum",98.98,"GenusAverage",3
"Pteroplatytrygon",3170,"GenusAverage",0
"Pteroptochos",140.3,"GenusAverage",6
"Pteropus",419.8,"GenusAverage",247
"Pterorhinus",77.44,"GenusAverage",5
"Pterostichus",0.04401,"GenusAverage",3
"Pterothrissus",1640,"GenusAverage",1
"Pteruthius",30.82,"GenusAverage",12
"Pterygoplichthys",4136,"GenusAverage",5
"Pterygotrigla",75,"GenusAverage",1
"Ptilinopus",131.1,"GenusAverage",97
"Ptiliogonys",34.95,"GenusAverage",2
"Ptilocercus",46.95,"GenusAverage",7
"Ptilocichla",31.05,"GenusAverage",4
"Ptilogonys",34.9,"GenusAverage",2
"Ptilonorhynchus",201.6,"GenusAverage",3
"Ptilopachus",243.2,"GenusAverage",5
"Ptiloprora",22.13,"GenusAverage",13
"Ptilopsis",216.4,"GenusAverage",4
"Ptiloris",125.2,"GenusAverage",8
"Ptilorrhoa",55.54,"GenusAverage",10
"Ptilostomus",128,"GenusAverage",2
"Ptilotula",16.46,"GenusAverage",7
"Ptyas",3480,"GenusAverage",15
"Ptychadena",10.47,"GenusAverage",13
"Ptychidio",422.1,"GenusAverage",3
"Ptychobarbus",1919,"GenusAverage",3
"Ptychocheilus",3316,"GenusAverage",2
"Ptychoglossus",4.528,"GenusAverage",30
"Ptychophis",48.1,"GenusAverage",1
"Ptychoramphus",149.8,"GenusAverage",4
"Ptychozoon",16.44,"GenusAverage",19
"Ptyctolaemus",23.6,"GenusAverage",4
"Ptyodactylus",20.47,"GenusAverage",29
"Ptyonoprogne",17.76,"GenusAverage",5
"Ptyrticus",65.82,"GenusAverage",4
"Pucrasia",1093,"GenusAverage",3
"Pudu",9423,"GenusAverage",16
"Puerulus",103.3,"GenusAverage",1
"Puffinus",393,"GenusAverage",72
"Pulchrana",8.39,"GenusAverage",4
"Pulsatrix",666.7,"GenusAverage",7
"Puma",31130,"GenusAverage",15
"Pungitius",1.679,"GenusAverage",5
"Pungtungia",39.9,"GenusAverage",2
"Punomys",83.4,"GenusAverage",5
"Puntioplites",1962,"GenusAverage",1
"Puntius",37.83,"GenusAverage",12
"Purnella",17.1,"GenusAverage",1
"Purpureicephalus",116.2,"GenusAverage",4
"Pusa",81920,"GenusAverage",15
"Pycnonotus",32.69,"GenusAverage",82
"Pycnopodia",200,"GenusAverage",0
"Pycnopsyche",0.08,"GenusAverage",1
"Pycnoptilus",30,"GenusAverage",3
"Pycnopygius",37.7,"GenusAverage",6
"Pygarrhichas",23.81,"GenusAverage",2
"Pygathrix",10630,"GenusAverage",22
"Pygeretmus",45.03,"GenusAverage",8
"Pygiptila",24.09,"GenusAverage",2
"Pygmaeascincus",0.3982,"GenusAverage",6
"Pygocentrus",2180,"GenusAverage",3
"Pygochelidon",9.7,"GenusAverage",1
"Pygoderma",18.42,"GenusAverage",4
"Pygomeles",13.17,"GenusAverage",5
"Pygoplites",186.2,"GenusAverage",1
"Pygopristis",237.7,"GenusAverage",0
"Pygopus",15.07,"GenusAverage",12
"Pygoscelis",4628,"GenusAverage",21
"Pylodictis",36080,"GenusAverage",4
"Pyrenestes",19.27,"GenusAverage",5
"Pyrgilauda",26.76,"GenusAverage",5
"Pyriglena",31.14,"GenusAverage",6
"Pyrilia",142.6,"GenusAverage",11
"Pyrocephalus",11.31,"GenusAverage",6
"Pyroderus",357,"GenusAverage",2
"Pyrosomella",1.626,"GenusAverage",1
"Pyrrhocoma",15.45,"GenusAverage",2
"Pyrrhocorax",244.5,"GenusAverage",12
"Pyrrholaemus",12.76,"GenusAverage",5
"Pyrrhomyias",9.9,"GenusAverage",3
"Pyrrhoplectes",19,"GenusAverage",2
"Pyrrhula",22.85,"GenusAverage",18
"Pyrrhulina",0.8971,"GenusAverage",0
"Pyrrhura",72.86,"GenusAverage",42
"Pyrrhurus",43.82,"GenusAverage",1
"Python",37460,"GenusAverage",29
"Pythonichthys",166.2,"GenusAverage",1
"Pythonodipsas",80.1,"GenusAverage",1
"Pytilia",15.11,"GenusAverage",14
"Pyxis",341,"GenusAverage",3
"Quadricalcarifera",0.3,"GenusAverage",1
"Quadrigula",4.039e-09,"GenusAverage",2
"Quararibea",2800000,"GenusAverage",1
"Quasipaa",116.9,"GenusAverage",4
"Quedenfeldtia",1.846,"GenusAverage",5
"Quelea",16.87,"GenusAverage",9
"Quemisia",4170,"GenusAverage",1
"Quercuss",5e+05,"GenusAverage",1
"Querula",106.2,"GenusAverage",2
"Quiscalus",93.84,"GenusAverage",24
"Quoyornis",19.1,"GenusAverage",1
"Rabdion",12.22,"GenusAverage",2
"Rachovia",1.678,"GenusAverage",0
"Rachycentron",36210,"GenusAverage",3
"Raclitia",43.4,"GenusAverage",1
"Radix",0.002505,"GenusAverage",1
"Rafetus",85000,"GenusAverage",1
"Raiamas",165.7,"GenusAverage",2
"Raja",7594,"GenusAverage",12
"Rajella",1743,"GenusAverage",0
"Rallicula",104.3,"GenusAverage",4
"Rallina",113.5,"GenusAverage",14
"Rallus",147.4,"GenusAverage",28
"Ramigekko",9.28,"GenusAverage",2
"Ramphastos",513.3,"GenusAverage",21
"Ramphocaenus",9.872,"GenusAverage",3
"Ramphocelus",31.6,"GenusAverage",22
"Ramphocinclus",50,"GenusAverage",2
"Ramphocoris",51.33,"GenusAverage",2
"Ramphodon",7.9,"GenusAverage",2
"Ramphomicron",3.571,"GenusAverage",4
"Ramphotrigon",17.2,"GenusAverage",6
"Ramphotyphlops",21.55,"GenusAverage",25
"Ramsaya",1e+05,"GenusAverage",1
"Ramsayornis",12.45,"GenusAverage",6
"Rana",41.96,"GenusAverage",45
"Randia",11,"GenusAverage",1
"Raneya",36,"GenusAverage",1
"Rangifer",101600,"GenusAverage",13
"Rankinia",16.28,"GenusAverage",3
"Ranodon",22.3,"GenusAverage",1
"Ranzania",13780,"GenusAverage",2
"Rapana",111.3,"GenusAverage",1
"Raphicerus",10820,"GenusAverage",21
"Raphus",16000,"GenusAverage",2
"Rasbora",12.62,"GenusAverage",14
"Rasboroides",0.6,"GenusAverage",1
"Rastrelliger",749.2,"GenusAverage",3
"Rathbunaster",30,"GenusAverage",0
"Rattus",168,"GenusAverage",236
"Ratufa",1491,"GenusAverage",25
"Rectoris",45.15,"GenusAverage",2
"Recurvirostra",316.5,"GenusAverage",15
"Redigobius",1.3,"GenusAverage",1
"Rediogobius",0.216,"GenusAverage",1
"Redunca",42710,"GenusAverage",24
"Regalecus",272000,"GenusAverage",1
"Regina",151.2,"GenusAverage",10
"Regulus",5.374,"GenusAverage",25
"Reinhardtius",4814,"GenusAverage",4
"Reinwardtipicus",149,"GenusAverage",2
"Reinwardtoena",278.9,"GenusAverage",6
"Reishia",6,"GenusAverage",0
"Reithrodon",72.93,"GenusAverage",9
"Reithrodontomys",16.55,"GenusAverage",89
"Remiz",9.06,"GenusAverage",11
"Remora",403.2,"GenusAverage",0
"Remorina",123.7,"GenusAverage",0
"Rena",5.939,"GenusAverage",14
"Repomucenus",25.37,"GenusAverage",3
"Restrelliger",35.09,"GenusAverage",2
"Reticulammina",0.0113,"GenusAverage",1
"Retroculus",246.6,"GenusAverage",2
"Retropinna",2.121,"GenusAverage",1
"Rexea",6168,"GenusAverage",4
"Rhabdolaimus",4.8e-08,"GenusAverage",1
"Rhabdomys",43.87,"GenusAverage",7
"Rhabdophis",186,"GenusAverage",29
"Rhabdops",47.2,"GenusAverage",2
"Rhabdornis",33.63,"GenusAverage",7
"Rhabdosargus",5297,"GenusAverage",1
"Rhabdotorrhinus",1669,"GenusAverage",2
"Rhachidelus",582.3,"GenusAverage",1
"Rhachisaurus",5.207,"GenusAverage",2
"Rhacodactylus",149.8,"GenusAverage",10
"Rhacophorus",3.708,"GenusAverage",7
"Rhadinaea",33.74,"GenusAverage",23
"Rhadinella",18.5,"GenusAverage",16
"Rhadinophanes",56.6,"GenusAverage",1
"Rhadinophis",666,"GenusAverage",1
"Rhagamys",30.6,"GenusAverage",1
"Rhagerhis",905.5,"GenusAverage",1
"Rhagologus",26.71,"GenusAverage",3
"Rhagomys",25.6,"GenusAverage",5
"Rhamdella",67.4,"GenusAverage",1
"Rhamdia",1125,"GenusAverage",1
"Rhamdiopsis",6.3,"GenusAverage",1
"Rhamnophis",330.6,"GenusAverage",4
"Rhamphichthys",348,"GenusAverage",1
"Rhamphiophis",1976,"GenusAverage",6
"Rhamphocharis",18,"GenusAverage",1
"Rhamphochromis",451.3,"GenusAverage",1
"Rhamphocoris",49.06,"GenusAverage",1
"Rhampholeon",5.332,"GenusAverage",40
"Rhamphomantis",31.5,"GenusAverage",1
"Rhaphidura",15.51,"GenusAverage",5
"Rhaphiodon",506,"GenusAverage",1
"Rhea",23050,"GenusAverage",8
"Rhegmatorhina",32.14,"GenusAverage",9
"Rheinardia",279,"GenusAverage",1
"Rheithrosciurus",1268,"GenusAverage",4
"Rheodytes",969.5,"GenusAverage",2
"Rheomys",46.05,"GenusAverage",13
"Rhinatrema",155.4,"GenusAverage",1
"Rhincalanus",0.02883,"GenusAverage",2
"Rhincodon",8911000,"GenusAverage",0
"Rhinecanthus",531.3,"GenusAverage",1
"Rhinechis",986.8,"GenusAverage",2
"Rhinelepis",2196,"GenusAverage",1
"Rhinella",70.82,"GenusAverage",3
"Rhinesomus",201.3,"GenusAverage",0
"Rhineura",54.22,"GenusAverage",2
"Rhinichthys",29.48,"GenusAverage",6
"Rhinobatos",13200,"GenusAverage",3
"Rhinobothryum",441.8,"GenusAverage",2
"Rhinobrycon",39,"GenusAverage",1
"Rhinoceros",1573000,"GenusAverage",17
"Rhinocheilus",221.3,"GenusAverage",3
"Rhinoclemmys",1337,"GenusAverage",6
"Rhinocrypta",61.51,"GenusAverage",2
"Rhinogecko",7.9,"GenusAverage",2
"Rhinogekko",7.87,"GenusAverage",2
"Rhinogobio",588.7,"GenusAverage",5
"Rhinogobius",467.3,"GenusAverage",11
"Rhinoleptus",7.7,"GenusAverage",2
"Rhinolophus",12.68,"GenusAverage",257
"Rhinomugil",44.6,"GenusAverage",1
"Rhinomuraena",3894,"GenusAverage",1
"Rhinomyias",23.64,"GenusAverage",11
"Rhinonicteris",8.735,"GenusAverage",4
"Rhinophis",19.4,"GenusAverage",16
"Rhinophylla",10.07,"GenusAverage",11
"Rhinopitechus",12170,"GenusAverage",4
"Rhinopithecus",11570,"GenusAverage",22
"Rhinoplax",2974,"GenusAverage",2
"Rhinoplocephalus",36.9,"GenusAverage",1
"Rhinopoma",14.66,"GenusAverage",14
"Rhinopomastus",26.13,"GenusAverage",10
"Rhinoptera",7061,"GenusAverage",1
"Rhinoptilus",123,"GenusAverage",12
"Rhinortha",52.35,"GenusAverage",1
"Rhinosardinia",4.9,"GenusAverage",0
"Rhinosciurus",225.8,"GenusAverage",6
"Rhinotyphlops",28.1,"GenusAverage",6
"Rhipidomys",80.91,"GenusAverage",61
"Rhipidura",14.04,"GenusAverage",93
"Rhizomys",1734,"GenusAverage",16
"Rhizophor",9.445,"GenusAverage",1
"Rhizophora",109.8,"GenusAverage",1
"Rhizoplagiodontia",1700,"GenusAverage",1
"Rhizoprionodon",5062,"GenusAverage",2
"Rhizostoma",285.1,"GenusAverage",1
"Rhizothera",786.7,"GenusAverage",3
"Rhodeus",8.514,"GenusAverage",13
"Rhodinocichla",48,"GenusAverage",2
"Rhododendron",180600,"GenusAverage",1
"Rhodonessa",1077,"GenusAverage",2
"Rhodopechys",29.3,"GenusAverage",12
"Rhodophoneus",53.1,"GenusAverage",3
"Rhodopis",3.81,"GenusAverage",3
"Rhodospingus",11.6,"GenusAverage",2
"Rhodospiza",25.3,"GenusAverage",1
"Rhodostethia",186.5,"GenusAverage",3
"Rhodothraupis",60,"GenusAverage",2
"Rhogeesa",4.15,"GenusAverage",3
"Rhogeessa",4.641,"GenusAverage",22
"Rhoicosphenia",1.126e-09,"GenusAverage",1
"Rhombomys",206.6,"GenusAverage",6
"Rhomboplites",873.5,"GenusAverage",2
"Rhonciscus",199.4,"GenusAverage",0
"Rhopalum",7e-04,"GenusAverage",1
"Rhopias",11.55,"GenusAverage",1
"Rhopilema",4500,"GenusAverage",2
"Rhopocichla",16.3,"GenusAverage",2
"Rhopophilus",17.94,"GenusAverage",2
"Rhopornis",26.16,"GenusAverage",2
"Rhoptropella",2.216,"GenusAverage",2
"Rhoptropus",4.878,"GenusAverage",15
"Rhyacichthys",254.8,"GenusAverage",1
"Rhyacophila",0.006714,"GenusAverage",1
"Rhyacornis",21.66,"GenusAverage",2
"Rhyacotriton",2.833,"GenusAverage",6
"Rhynchactis",72,"GenusAverage",1
"Rhynchocalamus",13.93,"GenusAverage",3
"Rhynchocyclus",23.62,"GenusAverage",8
"Rhynchocyon",516.8,"GenusAverage",21
"Rhynchocypris",97.08,"GenusAverage",4
"Rhynchoedura",2.572,"GenusAverage",13
"Rhynchogale",2413,"GenusAverage",4
"Rhyncholestes",21.37,"GenusAverage",5
"Rhynchomeles",790.2,"GenusAverage",1
"Rhynchomys",155.6,"GenusAverage",9
"Rhynchonycteris",3.861,"GenusAverage",5
"Rhynchopelates",228.9,"GenusAverage",1
"Rhynchops",75.38,"GenusAverage",1
"Rhynchopsitta",388.3,"GenusAverage",8
"Rhynchortyx",152.5,"GenusAverage",3
"Rhynchospiza",23.9,"GenusAverage",2
"Rhynchostruthus",29.34,"GenusAverage",6
"Rhynchotus",826.7,"GenusAverage",4
"Rhynochetos",860,"GenusAverage",3
"Rhyticeros",1627,"GenusAverage",5
"Rhytipterna",32.11,"GenusAverage",6
"Riama",8.965,"GenusAverage",47
"Ridgwayia",88,"GenusAverage",1
"Rieppeleon",7.83,"GenusAverage",6
"Rigidipenna",173.3,"GenusAverage",3
"Rimator",19.47,"GenusAverage",6
"Rineloricaria",70.17,"GenusAverage",1
"Riolama",1.403,"GenusAverage",7
"Riparia",14.93,"GenusAverage",15
"Riptortus",0.0652,"GenusAverage",1
"Rissa",335.7,"GenusAverage",14
"Ristella",1.304,"GenusAverage",8
"Rita",14220,"GenusAverage",4
"Rivulus",2.701,"GenusAverage",0
"Robertus",0.0006288,"GenusAverage",2
"Robinsia",9.5,"GenusAverage",1
"Robsonius",61,"GenusAverage",3
"Robustosergia",1.655,"GenusAverage",1
"Rocio",478.4,"GenusAverage",1
"Rodriguesophis",21.73,"GenusAverage",3
"Roeboides",43.75,"GenusAverage",2
"Rollandia",488.5,"GenusAverage",6
"Rollulus",220.5,"GenusAverage",2
"Romaleon",603.5,"GenusAverage",1
"Romanogobio",15,"GenusAverage",1
"Romerolagus",481.9,"GenusAverage",6
"Rondeletia",71.7,"GenusAverage",1
"Rondonops",6.935,"GenusAverage",2
"Roraimia",16.07,"GenusAverage",2
"Rostratula",108.9,"GenusAverage",7
"Rostrhamus",384.8,"GenusAverage",9
"Rostrogobio",2.7,"GenusAverage",1
"Rostroraja",812.4,"GenusAverage",1
"Rougetius",149.1,"GenusAverage",3
"Rousettus",96.46,"GenusAverage",45
"Rowettia",46.11,"GenusAverage",1
"Rubigula",29.3,"GenusAverage",1
"Rubrisciurus",688.3,"GenusAverage",1
"Rucervus",121600,"GenusAverage",18
"Rudarius",7.9,"GenusAverage",1
"Rukia",21,"GenusAverage",2
"Rungwecebus",12000,"GenusAverage",3
"Rupicapra",31290,"GenusAverage",20
"Rupicola",237.5,"GenusAverage",8
"Rupornis",276,"GenusAverage",1
"Rusa",104200,"GenusAverage",26
"Rusingoryx",150000,"GenusAverage",1
"Rutilus",3411,"GenusAverage",8
"Ruvettus",215400,"GenusAverage",1
"Ruwenzorisorex",18.2,"GenusAverage",4
"Ruwenzorornis",239.9,"GenusAverage",2
"Rynchops",263.1,"GenusAverage",14
"Ryphila",1.2,"GenusAverage",1
"Rypticus",157.6,"GenusAverage",1
"Saara",686.6,"GenusAverage",7
"Sacalia",342.2,"GenusAverage",3
"Saccodon",62.3,"GenusAverage",1
"Saccolaimus",49.46,"GenusAverage",15
"Saccopharynx",5649,"GenusAverage",1
"Saccopteryx",5.172,"GenusAverage",16
"Saccostomus",54.39,"GenusAverage",11
"Sacculina",1,"GenusAverage",1
"Sagamichthys",265,"GenusAverage",0
"Sagitta",0.02833,"GenusAverage",0
"Sagittarius",3728,"GenusAverage",5
"Saguinus",6971,"GenusAverage",104
"Saiga",39770,"GenusAverage",12
"Saimiri",782.1,"GenusAverage",41
"Saiphos",4.411,"GenusAverage",2
"Sakesphorus",27.5,"GenusAverage",10
"Salamandra",20.74,"GenusAverage",6
"Salamandrella",26.58,"GenusAverage",3
"Salamandrina",0.6,"GenusAverage",0
"Salangichthys",3,"GenusAverage",1
"Salanoia",670.5,"GenusAverage",4
"Salanx",4.567,"GenusAverage",3
"Salarias",36.1,"GenusAverage",1
"Salariopsis",4.8,"GenusAverage",1
"Salea",44.87,"GenusAverage",6
"Salicornia",0.0355,"GenusAverage",1
"Salinomys",12.5,"GenusAverage",1
"Salminus",13390,"GenusAverage",5
"Salmo",12090,"GenusAverage",21
"Salmophasia",27,"GenusAverage",1
"Salmostoma",6.522,"GenusAverage",3
"Salomonelaps",324.5,"GenusAverage",3
"Saloptia",1691,"GenusAverage",1
"Salpa",6.776,"GenusAverage",2
"Salpinctes",16.46,"GenusAverage",3
"Salpingotulus",3.91,"GenusAverage",2
"Salpingotus",10.13,"GenusAverage",5
"Salpornis",15.13,"GenusAverage",4
"Saltator",49.71,"GenusAverage",32
"Saltatricula",22.28,"GenusAverage",2
"Saltuarius",33.67,"GenusAverage",15
"Salvadora",211.4,"GenusAverage",11
"Salvadorina",583,"GenusAverage",4
"Salvator",4323,"GenusAverage",8
"Salvelinus",8461,"GenusAverage",22
"Salvethymus",1462,"GenusAverage",1
"Samaris",56.97,"GenusAverage",2
"Samariscus",56.3,"GenusAverage",1
"Sandalodes",0.131,"GenusAverage",0
"Sander",7395,"GenusAverage",11
"Sangamona",157500,"GenusAverage",1
"Santamartamys",146.4,"GenusAverage",2
"Sanzinia",2913,"GenusAverage",2
"Sapajus",2977,"GenusAverage",19
"Sapayoa",20.8,"GenusAverage",3
"Saphenophis",63.58,"GenusAverage",5
"Sappho",5.342,"GenusAverage",3
"Saproscincus",2.792,"GenusAverage",24
"Sarada",12.55,"GenusAverage",3
"Sarcocheilichthys",114.6,"GenusAverage",8
"Sarcogyps",4510,"GenusAverage",2
"Sarcophanops",38.25,"GenusAverage",2
"Sarcophilus",10120,"GenusAverage",9
"Sarcops",142,"GenusAverage",2
"Sarcoramphus",3489,"GenusAverage",4
"Sarda",8163,"GenusAverage",5
"Sardina",127.6,"GenusAverage",3
"Sardinella",116.7,"GenusAverage",20
"Sardinops",185,"GenusAverage",5
"Sargassum",2.357,"GenusAverage",2
"Sargocentron",909.6,"GenusAverage",4
"Sargochromis",2033,"GenusAverage",0
"Sarinda",0.0046,"GenusAverage",0
"Sarkidiornis",2013,"GenusAverage",5
"Saroglossa",44,"GenusAverage",3
"Sarotherodon",354,"GenusAverage",6
"Sarothrura",34.09,"GenusAverage",22
"Sasia",9.544,"GenusAverage",7
"Sassacus",0.0057,"GenusAverage",0
"Satanoperca",263.1,"GenusAverage",3
"Satilatlas",0.000225,"GenusAverage",1
"Satrapa",22.06,"GenusAverage",2
"Satyrichthys",375,"GenusAverage",1
"Saurida",750,"GenusAverage",7
"Saurodactylus",1.038,"GenusAverage",5
"Saurogobio",76.53,"GenusAverage",7
"Sauromalus",795,"GenusAverage",16
"Sauromys",14.02,"GenusAverage",4
"Saurothera",81.9,"GenusAverage",1
"Saxatilomys",106,"GenusAverage",1
"Saxicola",15.98,"GenusAverage",28
"Saxicoloides",16.6,"GenusAverage",1
"Sayornis",17.67,"GenusAverage",14
"Scalicus",250.8,"GenusAverage",1
"Scalopus",72.7,"GenusAverage",9
"Scapanulus",33.06,"GenusAverage",4
"Scapanus",85.07,"GenusAverage",17
"Scaphiodonichthys",215.7,"GenusAverage",1
"Scaphiodontophis",89.7,"GenusAverage",2
"Scaphiophis",665,"GenusAverage",3
"Scaphiopus",18.21,"GenusAverage",10
"Scaphirhynchus",21980,"GenusAverage",4
"Scapteromys",138.7,"GenusAverage",6
"Scaptochirus",90.5,"GenusAverage",3
"Scaptonyx",15.7,"GenusAverage",2
"Scardinius",977.1,"GenusAverage",4
"Scartelaos",33.1,"GenusAverage",1
"Scarus",3047,"GenusAverage",13
"Scatophagus",1321,"GenusAverage",2
"Scelarcis",3.946,"GenusAverage",2
"Scelidodon",1373000,"GenusAverage",2
"Scelidotherium",1119000,"GenusAverage",2
"Sceloglaux",600,"GenusAverage",2
"Sceloperus",11.75,"GenusAverage",1
"Sceloporus",22.07,"GenusAverage",290
"Scelopterus",15,"GenusAverage",1
"Scelorchilus",49.23,"GenusAverage",4
"Scelotes",4.04,"GenusAverage",47
"Scenopoeetes",165.3,"GenusAverage",2
"Scepomycter",15.9,"GenusAverage",4
"Schedophilus",5999,"GenusAverage",5
"Schetba",37.29,"GenusAverage",2
"Schiffornis",30.68,"GenusAverage",10
"Schilbe",250,"GenusAverage",0
"Schismatogobius",0.1,"GenusAverage",1
"Schismatorhynchos",100,"GenusAverage",1
"Schistes",3.637,"GenusAverage",2
"Schistochlamys",32.38,"GenusAverage",4
"Schistocichla",27.68,"GenusAverage",13
"Schistolais",12.2,"GenusAverage",2
"Schistura",5.851,"GenusAverage",17
"Schizocosa",0.2721,"GenusAverage",1
"Schizodon",769.1,"GenusAverage",4
"Schizoeaca",17.06,"GenusAverage",8
"Schizopyge",485.2,"GenusAverage",1
"Schizopygopsis",288.4,"GenusAverage",9
"Schizothorax",1457,"GenusAverage",22
"Schoenicola",15.75,"GenusAverage",5
"Schoeniophylax",18.83,"GenusAverage",4
"Schoutedenapus",22.8,"GenusAverage",5
"Schroederia",6.37e-10,"GenusAverage",1
"Sciades",5694,"GenusAverage",2
"Sciaenops",45000,"GenusAverage",0
"Scinax",3.8,"GenusAverage",6
"Scincella",4.058,"GenusAverage",76
"Scincopus",193,"GenusAverage",3
"Scincus",53.45,"GenusAverage",12
"Sciocoris",0.006255,"GenusAverage",2
"Scissirostrum",65,"GenusAverage",1
"Sciurillus",38.31,"GenusAverage",5
"Sciurocheirus",279,"GenusAverage",5
"Sciurotamias",433.5,"GenusAverage",4
"Sciurus",604.1,"GenusAverage",171
"Sclateria",24.6,"GenusAverage",2
"Sclerocalyptus",280000,"GenusAverage",1
"Scleronycteris",49.18,"GenusAverage",4
"Scleropages",5633,"GenusAverage",5
"Sclerophrys",42.7,"GenusAverage",0
"Scleroptila",439.9,"GenusAverage",7
"Sclerurus",31.47,"GenusAverage",13
"Scobinichthys",444.5,"GenusAverage",1
"Scolecomorphus",45.6,"GenusAverage",1
"Scolecophis",15.4,"GenusAverage",1
"Scolecoseps",3.014,"GenusAverage",7
"Scolelepis",0.01439,"GenusAverage",2
"Scoliodon",220.9,"GenusAverage",1
"Scolomys",26.5,"GenusAverage",8
"Scolopax",253.5,"GenusAverage",23
"Scolopsis",247,"GenusAverage",4
"Scomber",1274,"GenusAverage",11
"Scomberoides",6573,"GenusAverage",3
"Scomberomorus",12330,"GenusAverage",19
"Scombrops",20390,"GenusAverage",1
"Scopelogadus",7.035,"GenusAverage",1
"Scopelosaurus",159.2,"GenusAverage",0
"Scophthalmus",4890,"GenusAverage",5
"Scopus",455.7,"GenusAverage",3
"Scorpaena",359.4,"GenusAverage",3
"Scorpaenichthys",6800,"GenusAverage",0
"Scorpaenodes",23.98,"GenusAverage",0
"Scorpis",327.2,"GenusAverage",1
"Scortum",913,"GenusAverage",1
"Scoteanax",26.47,"GenusAverage",4
"Scotinomys",13.31,"GenusAverage",11
"Scotobleps",9.178,"GenusAverage",1
"Scotocerca",8.15,"GenusAverage",2
"Scotoecus",8.03,"GenusAverage",14
"Scotomanes",23.01,"GenusAverage",4
"Scotonycteris",36.4,"GenusAverage",10
"Scotopelia",950.4,"GenusAverage",8
"Scotophilus",28.6,"GenusAverage",41
"Scotorepens",10.37,"GenusAverage",15
"Scotozous",6.852,"GenusAverage",4
"Scriptaphyosemion",0.6,"GenusAverage",4
"Scriptosaura",0.587,"GenusAverage",2
"Scuticaria",1206,"GenusAverage",1
"Scutiger",6.4,"GenusAverage",1
"Scutisorex",86.75,"GenusAverage",5
"Scyliorhinus",1403,"GenusAverage",1
"Scylla",2000,"GenusAverage",1
"Scyllarus",12.44,"GenusAverage",1
"Scyris",25000,"GenusAverage",1
"Scytalopus",18.89,"GenusAverage",76
"Scythrops",688,"GenusAverage",4
"Scytodes",0.082,"GenusAverage",0
"Searsia",33.4,"GenusAverage",1
"Sebastes",1757,"GenusAverage",90
"Sebastiscus",709,"GenusAverage",3
"Sebastolobus",1057,"GenusAverage",3
"Securicula",2.461,"GenusAverage",1
"Secutor",9.3,"GenusAverage",1
"Seicercus",6.668,"GenusAverage",20
"Seiurus",15.24,"GenusAverage",18
"Sekeetamys",57.8,"GenusAverage",7
"Selar",7367,"GenusAverage",1
"Selaroides",383.8,"GenusAverage",2
"Selasphorus",2.767,"GenusAverage",28
"Selenastrum",2.72e-10,"GenusAverage",1
"Selene",214.1,"GenusAverage",2
"Selenidera",171.3,"GenusAverage",12
"Selenotoca",1440,"GenusAverage",1
"Seleucidis",170.2,"GenusAverage",2
"Selevinia",24.37,"GenusAverage",4
"Semaprochilodus",4400,"GenusAverage",1
"Semicossyphus",9231,"GenusAverage",2
"Semilabeo",198.4,"GenusAverage",1
"Seminatrix",39,"GenusAverage",1
"Semioptera",141.7,"GenusAverage",2
"Semnopithecus",12910,"GenusAverage",28
"Semnornis",77.99,"GenusAverage",5
"Semotilus",938.4,"GenusAverage",1
"Senticolis",299.2,"GenusAverage",3
"Sepedon",0.003988,"GenusAverage",2
"Sephanoides",7.305,"GenusAverage",6
"Sepia",3048,"GenusAverage",5
"Sepioteuthis",200.9,"GenusAverage",2
"Sepsina",3.073,"GenusAverage",10
"Sepsophis",11.75,"GenusAverage",2
"Sericornis",12.15,"GenusAverage",37
"Sericossypha",114,"GenusAverage",2
"Sericostoma",0.007538,"GenusAverage",1
"Sericulus",153.6,"GenusAverage",9
"Serilophus",34,"GenusAverage",3
"Serinus",15.59,"GenusAverage",97
"Seriola",58750,"GenusAverage",9
"Seriolella",2200,"GenusAverage",1
"Seriolina",5440,"GenusAverage",1
"Serolis",1.15,"GenusAverage",1
"Serpenticobitis",0.8,"GenusAverage",1
"Serpophaga",7.027,"GenusAverage",10
"Serrabrycon",0.3433,"GenusAverage",0
"Serranochromis",2910,"GenusAverage",1
"Serranus",970.9,"GenusAverage",4
"Serrapinnus",0.123,"GenusAverage",0
"Serrasalmus",1095,"GenusAverage",4
"Serrivomer",604.7,"GenusAverage",1
"Servaea",0.03865,"GenusAverage",1
"Setifer",322.6,"GenusAverage",6
"Setipinna",43.51,"GenusAverage",4
"Setonix",2891,"GenusAverage",11
"Setopagis",37.33,"GenusAverage",3
"Setophaga",9.63,"GenusAverage",44
"Setornis",29.75,"GenusAverage",2
"Sewellia",1.1,"GenusAverage",1
"Sheppardia",16.95,"GenusAverage",28
"Shinisaurus",721.9,"GenusAverage",5
"Siagonodon",4.112,"GenusAverage",5
"Sialia",20.82,"GenusAverage",16
"Sialis",0.004593,"GenusAverage",2
"Sibirionetta",434,"GenusAverage",1
"Sibon",42.22,"GenusAverage",20
"Sibynomorphus",62.11,"GenusAverage",11
"Sibynophis",69.3,"GenusAverage",14
"Sicalis",20.12,"GenusAverage",25
"Sicista",8.831,"GenusAverage",29
"Sicydium",24.45,"GenusAverage",2
"Sicyopterus",20.59,"GenusAverage",16
"Sidymella",0.07,"GenusAverage",0
"Siebenrockiella",940,"GenusAverage",1
"Sieboldius",0.1934,"GenusAverage",0
"Sigaloseps",2.512,"GenusAverage",8
"Siganus",962.2,"GenusAverage",12
"Sigelus",25.65,"GenusAverage",2
"Sigmoceros",153000,"GenusAverage",1
"Sigmodon",137,"GenusAverage",55
"Sigmodontomys",60.5,"GenusAverage",4
"Sigmops",18.1,"GenusAverage",2
"Siliqua",16.59,"GenusAverage",1
"Sillaginodes",3720,"GenusAverage",2
"Sillaginopsis",556.7,"GenusAverage",1
"Sillago",241.1,"GenusAverage",11
"Silometopus",0.000225,"GenusAverage",1
"Silonia",11360,"GenusAverage",2
"Silurana",4.335,"GenusAverage",1
"Silurus",22760,"GenusAverage",13
"Silvascincus",26.01,"GenusAverage",4
"Silvicultrix",11.1,"GenusAverage",5
"Simalia",42310,"GenusAverage",9
"Simenchelys",372.5,"GenusAverage",1
"Simias",7650,"GenusAverage",7
"Simiscincus",12.72,"GenusAverage",2
"Simophis",112.3,"GenusAverage",1
"Simoselaps",19.4,"GenusAverage",6
"Simosthenurus",73170,"GenusAverage",9
"Simoxenops",45.88,"GenusAverage",4
"Simuliidae",0.0004138,"GenusAverage",1
"Simulium",4.74e-05,"GenusAverage",1
"Sineleotris",37.6,"GenusAverage",1
"Sinibotia",43.2,"GenusAverage",6
"Sinibrama",106.1,"GenusAverage",4
"Siniperca",1751,"GenusAverage",9
"Sinobdella",30.2,"GenusAverage",1
"Sinocrossocheilus",53.96,"GenusAverage",2
"Sinocyclocheilus",52.98,"GenusAverage",17
"Sinogastromyzon",5.54,"GenusAverage",7
"Sinomegaceros",222200,"GenusAverage",3
"Sinomicrurus",115.2,"GenusAverage",7
"Sinonatrix",388.2,"GenusAverage",4
"Sinosuthora",10.9,"GenusAverage",3
"Siphateles",712.9,"GenusAverage",2
"Siphlophis",159.5,"GenusAverage",9
"Siphonoperla",0.0003259,"GenusAverage",1
"Siphonops",53.7,"GenusAverage",1
"Siphonorhis",51,"GenusAverage",1
"Sipodotus",7.65,"GenusAverage",2
"Siptornis",13,"GenusAverage",2
"Siptornopsis",24.48,"GenusAverage",2
"Sirembo",46.2,"GenusAverage",1
"Siren",111.6,"GenusAverage",3
"Sirenoscincus",3.1,"GenusAverage",2
"Siriella",0.00525,"GenusAverage",1
"Sirystes",31.88,"GenusAverage",4
"Sistrurus",260.1,"GenusAverage",8
"Sitana",5.707,"GenusAverage",21
"Sitta",17.69,"GenusAverage",79
"Sittasomus",12.96,"GenusAverage",2
"Sitticus",0.0005698,"GenusAverage",2
"Sittiparus",17.42,"GenusAverage",2
"Sivacobus",78500,"GenusAverage",1
"Skate,",18,"GenusAverage",1
"Skutchia",50,"GenusAverage",1
"Slosarczykovia",3.458,"GenusAverage",1
"Smaug",125.2,"GenusAverage",18
"Smicrornis",5.591,"GenusAverage",5
"Smilisca",22,"GenusAverage",1
"Smilodon",342900,"GenusAverage",4
"Sminthopsis",20.92,"GenusAverage",103
"Smithornis",26.69,"GenusAverage",8
"Smutsia",20790,"GenusAverage",4
"Snowornis",77.44,"GenusAverage",4
"Soela",121,"GenusAverage",1
"Soergelia",225000,"GenusAverage",1
"Soestia",2.68,"GenusAverage",1
"Solaster",94.78,"GenusAverage",1
"Solea",853.3,"GenusAverage",2
"Solegnathus",66.85,"GenusAverage",2
"Solenocera",20.75,"GenusAverage",2
"Solenodon",657.3,"GenusAverage",15
"Solidago",0.1631,"GenusAverage",1
"Solisorex",66.6,"GenusAverage",1
"Solmissus",25.52,"GenusAverage",1
"Solomys",565.3,"GenusAverage",13
"Somateria",1596,"GenusAverage",20
"Somatochlora",0.07386,"GenusAverage",2
"Sommeromys",32.5,"GenusAverage",1
"Somniosus",1100000,"GenusAverage",0
"Sonneratia",0.8912,"GenusAverage",1
"Sonora",10.82,"GenusAverage",6
"Sooretamys",100.3,"GenusAverage",1
"Sordellina",48.3,"GenusAverage",1
"Sorex",6.663,"GenusAverage",323
"Soricomys",26,"GenusAverage",2
"Soriculus",14.7,"GenusAverage",5
"Sorubim",2224,"GenusAverage",4
"Sorubimichthys",14200,"GenusAverage",1
"Sotalia",64900,"GenusAverage",9
"Sousa",184100,"GenusAverage",15
"Spalacopus",112.1,"GenusAverage",9
"Spalax",343.6,"GenusAverage",28
"Spalerosophis",352.6,"GenusAverage",6
"Spanioconnus",8.54e-05,"GenusAverage",1
"Sparidentex",6100,"GenusAverage",1
"Sparisoma",803.3,"GenusAverage",1
"Sparodon",11000,"GenusAverage",1
"Spartina",0.308,"GenusAverage",1
"Spartonoica",11,"GenusAverage",2
"Sparus",6708,"GenusAverage",3
"Spatula",612.6,"GenusAverage",1
"Spatuloricaria",130,"GenusAverage",1
"Spea",21.05,"GenusAverage",2
"Spectracanthicus",220,"GenusAverage",1
"Speculanas",1514,"GenusAverage",2
"Speculipastor",64.75,"GenusAverage",4
"Speirops",14.15,"GenusAverage",4
"Spelaeomys",870,"GenusAverage",1
"Spelaeornis",10.3,"GenusAverage",15
"Speleomantes",3.535,"GenusAverage",4
"Speothos",7536,"GenusAverage",9
"Speotyto",146.3,"GenusAverage",1
"Sperata",12470,"GenusAverage",3
"Spermophaga",21.57,"GenusAverage",9
"Spermophilopsis",551,"GenusAverage",4
"Spermophilus",341.8,"GenusAverage",178
"Sphaerias",28.42,"GenusAverage",4
"Sphaerium",5,"GenusAverage",1
"Sphaerocystis",1.08e-08,"GenusAverage",1
"Sphaerodactylus",0.8057,"GenusAverage",230
"Sphaeronycteris",16.42,"GenusAverage",5
"Sphagnum",0.02239,"GenusAverage",1
"Sphecotheres",108.5,"GenusAverage",7
"Spheniscus",3387,"GenusAverage",24
"Sphenocichla",34.35,"GenusAverage",4
"Sphenodon",772.5,"GenusAverage",5
"Sphenoeacus",30.37,"GenusAverage",3
"Sphenomorphus",11.56,"GenusAverage",245
"Sphiggurus",1250,"GenusAverage",24
"Sphinx",1.449,"GenusAverage",1
"Sphoeroides",475.9,"GenusAverage",5
"Sphyraena",3391,"GenusAverage",8
"Sphyrapicus",50.48,"GenusAverage",21
"Sphyrna",207300,"GenusAverage",3
"Spicara",97.21,"GenusAverage",4
"Spilocuscus",4254,"GenusAverage",19
"Spilogale",464.2,"GenusAverage",19
"Spilopelia",130,"GenusAverage",3
"Spiloptila",6.75,"GenusAverage",3
"Spilornis",830.6,"GenusAverage",14
"Spilotes",2533,"GenusAverage",4
"Spinachia",56.39,"GenusAverage",0
"Spindalis",33.13,"GenusAverage",8
"Spinibarbus",931.3,"GenusAverage",6
"Spinus",12.81,"GenusAverage",21
"Spirocerus",790700,"GenusAverage",2
"Spirontocarus",1.2,"GenusAverage",1
"Spisula",181,"GenusAverage",1
"Spiza",24.21,"GenusAverage",6
"Spizaetus",1280,"GenusAverage",12
"Spizella",11.39,"GenusAverage",37
"Spiziapteryx",163,"GenusAverage",4
"Spizixos",41.33,"GenusAverage",5
"Spizocorys",17.25,"GenusAverage",17
"Spodiopsar",82.16,"GenusAverage",3
"Spondyliosoma",671,"GenusAverage",1
"Spondylurus",14.28,"GenusAverage",34
"Spongilla",20,"GenusAverage",1
"Spongiobranchaea",0.13,"GenusAverage",1
"Sporophila",11.29,"GenusAverage",62
"Sporopipes",14.42,"GenusAverage",6
"Spratelloides",4.348,"GenusAverage",3
"Sprattus",13.46,"GenusAverage",4
"Spreo",78.66,"GenusAverage",6
"Squalidus",28.09,"GenusAverage",11
"Squalinus",1.5,"GenusAverage",1
"Squaliobarbus",1594,"GenusAverage",2
"Squalius",1195,"GenusAverage",7
"Squalogadus",176.1,"GenusAverage",1
"Squalus",5723,"GenusAverage",5
"Squatina",24670,"GenusAverage",3
"Squilla",66.6,"GenusAverage",1
"Srilankamys",125.5,"GenusAverage",1
"Stachyridopsis",9.555,"GenusAverage",5
"Stachyris",17.64,"GenusAverage",35
"Stactolaema",51.39,"GenusAverage",11
"Stagnicola",0.01043,"GenusAverage",1
"Stagonopleura",15.48,"GenusAverage",10
"Stalia",0.0025,"GenusAverage",1
"Staphylinus",0.0476,"GenusAverage",1
"Starnoenas",219.5,"GenusAverage",2
"Staurotypus",566.7,"GenusAverage",3
"Stavsolus",0.01685,"GenusAverage",0
"Steatomys",29.6,"GenusAverage",25
"Steatornis",410.4,"GenusAverage",2
"Steganopus",56.86,"GenusAverage",3
"Stegastes",31.03,"GenusAverage",0
"Stegodon",1997000,"GenusAverage",4
"Stegomastodon",6591000,"GenusAverage",3
"Stegonotus",272.5,"GenusAverage",16
"Steindachneridion",5500,"GenusAverage",1
"Steindachnerina",79.28,"GenusAverage",5
"Stelgidillas",31.25,"GenusAverage",1
"Stelgidopteryx",14.24,"GenusAverage",8
"Stellagama",236.6,"GenusAverage",3
"Stellifer",136.4,"GenusAverage",6
"Stellula",2.364,"GenusAverage",5
"Stemonidium",13.1,"GenusAverage",1
"Stenella",99060,"GenusAverage",17
"Steno",123900,"GenusAverage",9
"Stenobrachius",9.25,"GenusAverage",0
"Stenocephalemys",83.52,"GenusAverage",17
"Stenocercus",26.17,"GenusAverage",138
"Stenodactylus",5.444,"GenusAverage",32
"Stenodema",0.0019,"GenusAverage",1
"Stenoderma",20.82,"GenusAverage",4
"Stenodus",26630,"GenusAverage",3
"Stenolepis",1.904,"GenusAverage",2
"Stenomys",71.8,"GenusAverage",1
"Stenopsyche",0.645,"GenusAverage",0
"Stenorrhina",56.95,"GenusAverage",2
"Stenostira",5.925,"GenusAverage",2
"Stenotomus",1133,"GenusAverage",1
"Stephanoaetus",3659,"GenusAverage",4
"Stephanolepis",392.5,"GenusAverage",3
"Stephanophorus",36.92,"GenusAverage",2
"Stephanopis",0.006928,"GenusAverage",0
"Stephanorhinus",2339000,"GenusAverage",5
"Stephanoxis",4,"GenusAverage",2
"Stercorarius",1034,"GenusAverage",26
"Sterechinus",13.1,"GenusAverage",1
"Stereochilus",11.45,"GenusAverage",2
"Stereolepis",173100,"GenusAverage",4
"Sterna",144.7,"GenusAverage",89
"Sternoclyta",8.025,"GenusAverage",2
"Sternoptyx",5.413,"GenusAverage",0
"Sternotherus",171.1,"GenusAverage",5
"Sternula",52.85,"GenusAverage",11
"Sterocaulon",40,"GenusAverage",1
"Sterrhoptilus",14.88,"GenusAverage",4
"Stethophyma",0.1036,"GenusAverage",1
"Sthenurus",117200,"GenusAverage",9
"Stichaeus",450.2,"GenusAverage",1
"Stichophanes",40,"GenusAverage",2
"Stichopus",1137,"GenusAverage",2
"Stictonetta",906.3,"GenusAverage",4
"Stigmatogobius",2.9,"GenusAverage",1
"Stigmatopelia",120.6,"GenusAverage",2
"Stigmatura",10.49,"GenusAverage",4
"Stigmochelys",20000,"GenusAverage",2
"Stilicus",1e-04,"GenusAverage",1
"Stiltia",65.58,"GenusAverage",4
"Stiphidion",0.017,"GenusAverage",0
"Stiphodon",0.7,"GenusAverage",3
"Stiphrornis",15.03,"GenusAverage",4
"Stipiturus",6.018,"GenusAverage",12
"Stizorhina",36.32,"GenusAverage",4
"Stizostedion",154,"GenusAverage",1
"Stochomys",72.18,"GenusAverage",6
"Stockoceros",53000,"GenusAverage",3
"Stolephorus",6.317,"GenusAverage",4
"Stoliczkia",82,"GenusAverage",2
"Stolothrissa",1.5,"GenusAverage",1
"Stomatepia",3.8,"GenusAverage",1
"Stomias",24.67,"GenusAverage",1
"Stomiopera",25.96,"GenusAverage",2
"Stomolophus",760.5,"GenusAverage",1
"Storena",0.162,"GenusAverage",0
"Storeria",21.82,"GenusAverage",10
"Stramonita",16.8,"GenusAverage",0
"Strauchbufo",30.3,"GenusAverage",1
"Strenelais",0.12,"GenusAverage",1
"Strepera",349.4,"GenusAverage",6
"Streptocitta",248,"GenusAverage",2
"Streptopelia",147.4,"GenusAverage",41
"Streptoprocne",80.95,"GenusAverage",10
"Stresemannia",36.2,"GenusAverage",1
"Strigocuscus",879.7,"GenusAverage",6
"Strigops",1979,"GenusAverage",7
"Strix",552.4,"GenusAverage",68
"Strobilurus",41.68,"GenusAverage",3
"Strongylocentr",3.601,"GenusAverage",1
"Strongylocentr.",254.8,"GenusAverage",2
"Strongylocentrotus",30.8,"GenusAverage",1
"Strongylura",549.6,"GenusAverage",1
"Strophidon",24130,"GenusAverage",1
"Strophocincla",62.07,"GenusAverage",2
"Strophurus",5.778,"GenusAverage",44
"Struthidea",128.6,"GenusAverage",5
"Struthio",104800,"GenusAverage",10
"Sturisoma",99.1,"GenusAverage",1
"Sturnella",71.04,"GenusAverage",23
"Sturnia",42.75,"GenusAverage",5
"Sturnira",22.4,"GenusAverage",50
"Sturnus",74.41,"GenusAverage",28
"Stylasterias",375,"GenusAverage",0
"Styloctenium",192.4,"GenusAverage",5
"Stylodipus",66.06,"GenusAverage",10
"Stymphalornis",10,"GenusAverage",2
"Sublegatus",14.05,"GenusAverage",6
"Subsessor",1410,"GenusAverage",1
"Succinea",0.01071,"GenusAverage",1
"Sufflamen",1396,"GenusAverage",1
"Sugomel",9.9,"GenusAverage",1
"Suiriri",18.61,"GenusAverage",4
"Sula",1238,"GenusAverage",36
"Sumatranus",140.4,"GenusAverage",1
"Suncus",10.72,"GenusAverage",66
"Sundamys",353.5,"GenusAverage",16
"Sundasciurus",196.6,"GenusAverage",56
"Sundatyphlops",24,"GenusAverage",1
"Surdisorex",11.03,"GenusAverage",9
"Suricata",748.8,"GenusAverage",9
"Surirella",1.03e-10,"GenusAverage",1
"Surnia",314,"GenusAverage",6
"Surniculus",31.31,"GenusAverage",6
"Sus",78650,"GenusAverage",51
"Suta",85.3,"GenusAverage",5
"Suthora",5.788,"GenusAverage",5
"Swammerdamella",5e-05,"GenusAverage",1
"Swynnertonia",16.04,"GenusAverage",3
"Syconycteris",25.32,"GenusAverage",13
"Sylvia",13.91,"GenusAverage",90
"Sylvicapra",18210,"GenusAverage",8
"Sylvietta",9.555,"GenusAverage",36
"Sylvilagus",1345,"GenusAverage",91
"Sylviorthorhynchus",10.9,"GenusAverage",2
"Sylviparus",7.455,"GenusAverage",3
"Sylvirana",48.8,"GenusAverage",1
"Sylvisorex",7.427,"GenusAverage",30
"Syma",63.07,"GenusAverage",5
"Symbolophorus",13.91,"GenusAverage",2
"Sympecma",0.0083,"GenusAverage",1
"Sympetrum",1.162,"GenusAverage",5
"Symphalangus",10670,"GenusAverage",7
"Symphimus",77.95,"GenusAverage",2
"Symphodus",281.5,"GenusAverage",2
"Sympholis",23.9,"GenusAverage",1
"Symphoricarpos",35,"GenusAverage",1
"Symphurus",66.55,"GenusAverage",3
"Symphysodon",66.15,"GenusAverage",2
"Symplocos",454100,"GenusAverage",3
"Symposiachrus",16.91,"GenusAverage",9
"Sympterygia",2401,"GenusAverage",1
"Synagrops",280.1,"GenusAverage",2
"Synallaxis",16.41,"GenusAverage",64
"Synanceia",2400,"GenusAverage",1
"Synaphobranchus",1416,"GenusAverage",1
"Synaptomys",32.35,"GenusAverage",16
"Synbranchus",175.6,"GenusAverage",0
"Syncerus",547800,"GenusAverage",12
"Synchaeta",5.808e-07,"GenusAverage",1
"Synchiropus",11.13,"GenusAverage",3
"Syndactyla",29.75,"GenusAverage",12
"Synechogobius",1052,"GenusAverage",1
"Synedra",5.765e-09,"GenusAverage",1
"Syngnathoides",16.5,"GenusAverage",1
"Syngnathus",10.55,"GenusAverage",2
"Synodontis",416.9,"GenusAverage",3
"Synodus",475.5,"GenusAverage",3
"Synophis",53.43,"GenusAverage",3
"Synorthocladius",1.19e-05,"GenusAverage",1
"Syntheosciurus",130.8,"GenusAverage",4
"Synthliboramphus",168,"GenusAverage",18
"Sypheotides",619.7,"GenusAverage",2
"Syrigma",462.9,"GenusAverage",2
"Syringodium",0.09839,"GenusAverage",2
"Syrmaticus",1092,"GenusAverage",14
"Syrrhaptes",302.9,"GenusAverage",6
"Syspira",0.0576,"GenusAverage",0
"Systellaspis",2.232,"GenusAverage",2
"Systellura",45.6,"GenusAverage",1
"Systomus",202.2,"GenusAverage",4
"Tabanus",0.05807,"GenusAverage",3
"Taccocua",211.5,"GenusAverage",1
"Tachornis",9.095,"GenusAverage",6
"Tachuris",7.833,"GenusAverage",3
"Tachybaptus",165.2,"GenusAverage",17
"Tachycineta",15.69,"GenusAverage",33
"Tachyeres",3644,"GenusAverage",12
"Tachyglossus",3721,"GenusAverage",9
"Tachygyia",136.1,"GenusAverage",2
"Tachymarptis",94.3,"GenusAverage",7
"Tachymenis",36.67,"GenusAverage",8
"Tachyoryctes",313.7,"GenusAverage",14
"Tachyphonus",21.81,"GenusAverage",16
"Tachypleus",0.4036,"GenusAverage",0
"Tachysurus",1248,"GenusAverage",5
"Tactostoma",46.4,"GenusAverage",0
"Tadarida",28.44,"GenusAverage",38
"Tadorna",1277,"GenusAverage",21
"Taenioides",100.8,"GenusAverage",1
"Taeniophallus",29.85,"GenusAverage",11
"Taeniopygia",10.77,"GenusAverage",9
"Taeniotriccus",9.5,"GenusAverage",2
"Taeromys",235.8,"GenusAverage",13
"Takifugu",525.7,"GenusAverage",16
"Takydromus",6.305,"GenusAverage",62
"Talegalla",1554,"GenusAverage",6
"Talismania",136.7,"GenusAverage",1
"Talpa",80.96,"GenusAverage",39
"Tamandua",4480,"GenusAverage",17
"Tamias",73.76,"GenusAverage",142
"Tamiasciurus",220.7,"GenusAverage",20
"Tamiops",58.54,"GenusAverage",15
"Tamopsis",0.0185,"GenusAverage",0
"Tamoya",350.6,"GenusAverage",1
"Tanakia",8.061,"GenusAverage",5
"Tandanus",2077,"GenusAverage",2
"Tangara",20.15,"GenusAverage",97
"Tanichthys",0.5,"GenusAverage",1
"Taningia",585.2,"GenusAverage",1
"Tantalophis",50.2,"GenusAverage",1
"Tantilla",11.43,"GenusAverage",78
"Tantillita",1.433,"GenusAverage",3
"Tanygnathus",260.9,"GenusAverage",10
"Tanysiptera",52.11,"GenusAverage",15
"Tanytarsus",0.0017,"GenusAverage",1
"Taoniscus",43,"GenusAverage",2
"Taonius",141.4,"GenusAverage",4
"Tapecomys",71.5,"GenusAverage",1
"Tapera",50.4,"GenusAverage",3
"Tapes",4.73,"GenusAverage",1
"Taphozous",27.31,"GenusAverage",53
"Taphrolesbia",8.94,"GenusAverage",1
"Taphrospilus",7.045,"GenusAverage",4
"Tapirella",3e+05,"GenusAverage",1
"Tapirus",295600,"GenusAverage",36
"Taraba",59.2,"GenusAverage",2
"Taractes",3848,"GenusAverage",2
"Taractichthys",11350,"GenusAverage",3
"Tarentola",20.06,"GenusAverage",74
"Taricha",39.3,"GenusAverage",7
"Tarletonbeania",0.5,"GenusAverage",0
"Tarphonomus",22.77,"GenusAverage",4
"Tarsiger",13.12,"GenusAverage",14
"Tarsipes",8.847,"GenusAverage",9
"Tarsius",123.4,"GenusAverage",57
"Tarsomys",90.83,"GenusAverage",3
"Tasmacetus",3698000,"GenusAverage",5
"Tateomys",62.95,"GenusAverage",6
"Tatera",105,"GenusAverage",19
"Taterillus",50.68,"GenusAverage",26
"Tauraco",250.3,"GenusAverage",41
"Taurongia",0.558,"GenusAverage",0
"Taurotragus",579300,"GenusAverage",15
"Tautoga",6677,"GenusAverage",2
"Tautogolabrus",550,"GenusAverage",1
"Taxidea",7111,"GenusAverage",10
"Tayassu",25870,"GenusAverage",11
"Tchagra",38.61,"GenusAverage",13
"Techmarscincus",8.858,"GenusAverage",3
"Teira",7.861,"GenusAverage",4
"Teius",62.08,"GenusAverage",8
"Telacanthura",42.11,"GenusAverage",5
"Teledromas",38.08,"GenusAverage",2
"Teleocichla",178,"GenusAverage",1
"Telescopium",69.91,"GenusAverage",1
"Telescopus",333.4,"GenusAverage",19
"Telespiza",28.93,"GenusAverage",9
"Telespyza",8.2,"GenusAverage",1
"Tellina",0.6785,"GenusAverage",2
"Telmatobius",92.13,"GenusAverage",3
"Telmatobufo",30.2,"GenusAverage",1
"Telophorus",40.05,"GenusAverage",31
"Temnurus",146,"GenusAverage",1
"Tenebrio",0.1,"GenusAverage",1
"Tenguella",0.8,"GenusAverage",0
"Tenodera",3,"GenusAverage",1
"Tenrec",1054,"GenusAverage",7
"Tenualosa",3345,"GenusAverage",1
"Tenuidactylus",6.919,"GenusAverage",21
"Tephrodornis",32.14,"GenusAverage",6
"Tephrozosterops",17.87,"GenusAverage",2
"Terapon",670.4,"GenusAverage",2
"Terathopius",2228,"GenusAverage",5
"Teratocephalus",1.09e-07,"GenusAverage",1
"Teratoscincus",21.79,"GenusAverage",17
"Terebellides",0.0625,"GenusAverage",1
"Terenotriccus",7.412,"GenusAverage",2
"Terenura",6.865,"GenusAverage",12
"Teretistris",10.58,"GenusAverage",4
"Teretrurus",6.7,"GenusAverage",1
"Terpsiphone",16.29,"GenusAverage",33
"Terrapene",443.5,"GenusAverage",9
"Tersina",29.25,"GenusAverage",4
"Tesia",7.068,"GenusAverage",7
"Tessarabrachion",0.0677,"GenusAverage",1
"Testudo",1714,"GenusAverage",11
"Tetanocera",0.0034,"GenusAverage",1
"Tetartopeus",9e-04,"GenusAverage",1
"Tetracerus",17160,"GenusAverage",9
"Tetracheilostoma",0.6333,"GenusAverage",3
"Tetradactylus",3.026,"GenusAverage",15
"Tetragastris",740000,"GenusAverage",1
"Tetragnatha",0.01436,"GenusAverage",4
"Tetragonopterus",44.77,"GenusAverage",3
"Tetragonurus",1215,"GenusAverage",2
"Tetrahymena",0.0025,"GenusAverage",2
"Tetralepis",20.2,"GenusAverage",1
"Tetrameryx",60000,"GenusAverage",2
"Tetramesa",0.000224,"GenusAverage",1
"Tetramorium",0.00105,"GenusAverage",1
"Tetranematichthys",35.8,"GenusAverage",1
"Tetrao",2085,"GenusAverage",15
"Tetraodon",889.7,"GenusAverage",8
"Tetraogallus",2248,"GenusAverage",14
"Tetraophasis",1002,"GenusAverage",6
"Tetrapturus",107500,"GenusAverage",3
"Tetrastes",344.5,"GenusAverage",5
"Tetrastichus",0.000318,"GenusAverage",1
"Tetrax",833.8,"GenusAverage",2
"Tetrix",0.005278,"GenusAverage",2
"Tetronarce",1644,"GenusAverage",0
"Teuchocercus",12.8,"GenusAverage",1
"Teuchophorus",1e-04,"GenusAverage",1
"Teuthowenia",170.6,"GenusAverage",2
"Thalamita",66.5,"GenusAverage",1
"Thalassarche",3191,"GenusAverage",28
"Thalasseus",273.8,"GenusAverage",10
"Thalassia",0.3734,"GenusAverage",2
"Thalassina",130,"GenusAverage",1
"Thalassodendron",0.51,"GenusAverage",2
"Thalassoica",696,"GenusAverage",0
"Thalassoma",481,"GenusAverage",2
"Thalassophis",152,"GenusAverage",1
"Thalassophryne",9.2,"GenusAverage",0
"Thalassornis",706.5,"GenusAverage",4
"Thalia",5.766,"GenusAverage",2
"Thallomys",103,"GenusAverage",16
"Thalpomys",24,"GenusAverage",8
"Thalurania",4.412,"GenusAverage",12
"Thamnaconus",405.8,"GenusAverage",4
"Thamnistes",20.85,"GenusAverage",2
"Thamnodynastes",42.85,"GenusAverage",20
"Thamnolaea",39.8,"GenusAverage",2
"Thamnomanes",17.77,"GenusAverage",8
"Thamnomys",65.92,"GenusAverage",13
"Thamnophilus",23.65,"GenusAverage",59
"Thamnophis",259,"GenusAverage",79
"Thamnornis",14.35,"GenusAverage",2
"Thamnosophis",78.23,"GenusAverage",9
"Thanatus",0.0004777,"GenusAverage",2
"Thapsinillas",40.25,"GenusAverage",2
"Thaptomys",19.9,"GenusAverage",3
"Tharpyna",0.005,"GenusAverage",0
"Thaumastura",1.925,"GenusAverage",3
"Thaumatibis",3515,"GenusAverage",1
"Thaumatichthys",6.7,"GenusAverage",1
"Thaumatorhynchus",6.821,"GenusAverage",2
"Thaumetopoea",0.69,"GenusAverage",1
"Thayeria",0.4,"GenusAverage",1
"Thecadactylus",39.58,"GenusAverage",7
"Thectocercus",171,"GenusAverage",2
"Thelenota",5230,"GenusAverage",2
"Theloderma",1.3,"GenusAverage",1
"Thelotornis",681.6,"GenusAverage",7
"Themisto",0.3401,"GenusAverage",4
"Theodoxus",0.01981,"GenusAverage",3
"Theora",0.0238,"GenusAverage",1
"Theragra",2061,"GenusAverage",3
"Theridion",0.0009554,"GenusAverage",3
"Theriodictis",27000,"GenusAverage",3
"Theristicus",1520,"GenusAverage",9
"Therlinya",0.045,"GenusAverage",0
"Thermophis",110.6,"GenusAverage",5
"Theropithecus",14690,"GenusAverage",10
"Thescelocichla",62.37,"GenusAverage",4
"Thetys",15.7,"GenusAverage",1
"Thinocorus",87.56,"GenusAverage",9
"Thinornis",83.46,"GenusAverage",4
"Thlypopsis",13.81,"GenusAverage",12
"Thomasomys",75.76,"GenusAverage",118
"Thomomys",133.8,"GenusAverage",51
"Thoopterus",62.31,"GenusAverage",4
"Thorichthys",114.9,"GenusAverage",2
"Thoropa",7,"GenusAverage",0
"Thrasops",2060,"GenusAverage",6
"Thraupis",36.63,"GenusAverage",27
"Threnetes",5.708,"GenusAverage",10
"Threskiornis",1517,"GenusAverage",19
"Thrichomys",345.6,"GenusAverage",11
"Thripadectes",53.77,"GenusAverage",14
"Thripias",77.19,"GenusAverage",3
"Thripomorpha",1e-04,"GenusAverage",2
"Thripophaga",21.68,"GenusAverage",5
"Thrips",1e-04,"GenusAverage",1
"Thryomanes",8.019,"GenusAverage",4
"Thryonomys",3404,"GenusAverage",14
"Thryophilus",18.48,"GenusAverage",3
"Thryorchilus",14,"GenusAverage",2
"Thryothorus",19.82,"GenusAverage",33
"Thryssa",60.84,"GenusAverage",10
"Thuja",170000,"GenusAverage",1
"Thunnus",91900,"GenusAverage",20
"Thylacinus",27980,"GenusAverage",6
"Thylacoleo",112500,"GenusAverage",2
"Thylamys",30.1,"GenusAverage",37
"Thylogale",4565,"GenusAverage",38
"Thymallus",1570,"GenusAverage",12
"Thymops",300,"GenusAverage",1
"Thynnichthys",471.5,"GenusAverage",2
"Thyroptera",4.615,"GenusAverage",13
"Thyrsites",3300,"GenusAverage",1
"Thyrsitoides",302300,"GenusAverage",1
"Thysanoessa",4.006,"GenusAverage",5
"Thysanopoda",0.0969,"GenusAverage",2
"Thysanoteuthis",24490,"GenusAverage",1
"Tiaris",9.97,"GenusAverage",12
"Tibellus",0.007863,"GenusAverage",2
"Tichodroma",16.53,"GenusAverage",5
"Tickellia",4.5,"GenusAverage",2
"Tigriopus",5e-04,"GenusAverage",1
"Tigriornis",846,"GenusAverage",1
"Tigrisoma",940.1,"GenusAverage",6
"Tijuca",80,"GenusAverage",3
"Tila",2e+06,"GenusAverage",1
"Tilapia",602.1,"GenusAverage",5
"Tiliqua",720.7,"GenusAverage",27
"Tillandsia",0.17,"GenusAverage",1
"Tilmatura",2.2,"GenusAverage",2
"Timalia",15.75,"GenusAverage",2
"Timeliopsis",24.76,"GenusAverage",5
"Timon",129.2,"GenusAverage",14
"Tinamotis",690,"GenusAverage",3
"Tinamus",1198,"GenusAverage",15
"Tinca",3978,"GenusAverage",3
"Tindaria",0.00144,"GenusAverage",1
"Tinodes",0.0001866,"GenusAverage",1
"Tipula",0.009675,"GenusAverage",2
"Tipulidae",9.49e-05,"GenusAverage",1
"Tityra",62.92,"GenusAverage",6
"Tlacuatzin",53.86,"GenusAverage",5
"Tmetothylacus",20.09,"GenusAverage",3
"Tockus",192.8,"GenusAverage",51
"Todarodes",844.8,"GenusAverage",3
"Todiramphus",62.21,"GenusAverage",40
"Todirhamphus",50.85,"GenusAverage",4
"Todirostrum",6.836,"GenusAverage",12
"Todus",6.931,"GenusAverage",13
"Toenayar",21.53,"GenusAverage",1
"Tokudaia",183.9,"GenusAverage",8
"Tolmomyias",13.34,"GenusAverage",14
"Tolypeutes",1345,"GenusAverage",14
"Tometes",1250,"GenusAverage",2
"Tomistoma",140200,"GenusAverage",3
"Tomodon",54.05,"GenusAverage",4
"Tomopeas",5.605,"GenusAverage",2
"Tomopteris",0.2007,"GenusAverage",2
"Tomopterna",4.6,"GenusAverage",0
"Tonatia",28.49,"GenusAverage",8
"Tonkinomys",172.5,"GenusAverage",1
"Topaza",11.68,"GenusAverage",4
"Tor",26790,"GenusAverage",12
"Torgos",6792,"GenusAverage",3
"Toromys",449.3,"GenusAverage",5
"Toropuku",11.51,"GenusAverage",3
"Torpedo",1647,"GenusAverage",1
"Torquigener",59.02,"GenusAverage",5
"Torreornis",25.25,"GenusAverage",2
"Tosia",99.79,"GenusAverage",0
"Touit",66.5,"GenusAverage",13
"Toxabramis",23.1,"GenusAverage",2
"Toxicocalamus",106.3,"GenusAverage",20
"Toxicodryas",2654,"GenusAverage",4
"Toxodon",1210000,"GenusAverage",5
"Toxopsoides",0.02,"GenusAverage",0
"Toxorhamphus",10.38,"GenusAverage",8
"Toxostoma",60.71,"GenusAverage",40
"Toxotes",705.9,"GenusAverage",2
"Traccatichthys",13.94,"GenusAverage",1
"Tracharus",298,"GenusAverage",1
"Trachelipus",0.00768,"GenusAverage",1
"Trachelomonas",1.75e-10,"GenusAverage",1
"Tracheloptychus",19.1,"GenusAverage",5
"Trachelyopterus",416,"GenusAverage",1
"Trachemys",1679,"GenusAverage",20
"Trachidermus",29.1,"GenusAverage",1
"Trachinops",25.1,"GenusAverage",1
"Trachinotus",7260,"GenusAverage",8
"Trachinus",426.9,"GenusAverage",3
"Trachipterus",38780,"GenusAverage",1
"Trachischium",48.32,"GenusAverage",5
"Trachops",37.42,"GenusAverage",4
"Trachurus",1537,"GenusAverage",7
"Trachyboa",17.35,"GenusAverage",2
"Trachycephalus",37.5,"GenusAverage",1
"Trachycorystes",501,"GenusAverage",1
"Trachydactylus",4.964,"GenusAverage",2
"Trachydoras",103.7,"GenusAverage",3
"Trachylepis",22.05,"GenusAverage",187
"Trachyphonus",57.13,"GenusAverage",15
"Trachypithecus",8953,"GenusAverage",98
"Trachyrhamphus",18.4,"GenusAverage",1
"Trachyrincus",64.2,"GenusAverage",1
"Trachystoma",2000,"GenusAverage",1
"Tragelaphus",252800,"GenusAverage",66
"Tragopan",1519,"GenusAverage",13
"Tragulus",2984,"GenusAverage",23
"Transandinomys",57.75,"GenusAverage",2
"Trapelus",52.59,"GenusAverage",34
"Travisiopsis",0.2535,"GenusAverage",1
"Tregellasia",14.65,"GenusAverage",10
"Tremarctos",136300,"GenusAverage",10
"Trematomus",211.8,"GenusAverage",18
"Treron",210.4,"GenusAverage",51
"Tresus",2268,"GenusAverage",1
"Tretanorhinus",101.1,"GenusAverage",4
"Tretioscincus",4.502,"GenusAverage",8
"Triacanthodes",20.4,"GenusAverage",1
"Triacanthus",214.9,"GenusAverage",2
"Triaenodon",15030,"GenusAverage",2
"Triaenops",8.548,"GenusAverage",10
"Triakis",7200,"GenusAverage",2
"Tribolodon",1528,"GenusAverage",4
"Tribolonotus",11.29,"GenusAverage",20
"Tribonyx",850.1,"GenusAverage",2
"Trichastoma",21.01,"GenusAverage",8
"Trichechus",378000,"GenusAverage",25
"Tricheilostoma",1.24,"GenusAverage",5
"Trichia",0.008835,"GenusAverage",1
"Trichilia",410000,"GenusAverage",1
"Trichiurus",146.5,"GenusAverage",0
"Trichixos",40.9,"GenusAverage",1
"Trichobatrachus",141,"GenusAverage",1
"Trichocerca",3.029e-07,"GenusAverage",2
"Trichocichla",26,"GenusAverage",1
"Trichodere",15.09,"GenusAverage",4
"Trichogaster",27.43,"GenusAverage",3
"Trichoglossus",106.9,"GenusAverage",25
"Tricholaema",31.11,"GenusAverage",19
"Tricholestes",17.2,"GenusAverage",2
"Trichomycterus",30.26,"GenusAverage",4
"Trichonephila",0.3409,"GenusAverage",0
"Trichopodus",160.6,"GenusAverage",3
"Trichopsetta",59.6,"GenusAverage",1
"Trichopterna",3e-04,"GenusAverage",1
"Trichosurus",2474,"GenusAverage",30
"Trichothraupis",24.09,"GenusAverage",2
"Trichys",1785,"GenusAverage",7
"Triclaria",90,"GenusAverage",3
"Tridacna",350000,"GenusAverage",2
"Tridentiger",33.5,"GenusAverage",4
"Trifolium",0.1905,"GenusAverage",1
"Trigla",655,"GenusAverage",2
"Triglops",55.93,"GenusAverage",4
"Trigonoceps",3848,"GenusAverage",3
"Trigonodops",2295000,"GenusAverage",1
"Trigonognathus",568.7,"GenusAverage",1
"Trigonometopus",0.00058,"GenusAverage",1
"Trigonopoma",1.9,"GenusAverage",1
"Trigonostigma",1.3,"GenusAverage",2
"Trilepida",4.993,"GenusAverage",15
"Trimeresurus",458.2,"GenusAverage",71
"Trimetopon",5.683,"GenusAverage",6
"Trimma",0.1075,"GenusAverage",3
"Trimorphodon",353,"GenusAverage",16
"Trinectes",57.55,"GenusAverage",3
"Tringa",110.5,"GenusAverage",70
"Trinomys",223.4,"GenusAverage",32
"Trinycteris",8.226,"GenusAverage",4
"Trioceros",36.54,"GenusAverage",92
"Triodon",3269,"GenusAverage",1
"Trionyx",10820,"GenusAverage",2
"Triphoturus",0.45,"GenusAverage",0
"Triplophysa",62.75,"GenusAverage",41
"Triportheus",166.8,"GenusAverage",2
"Trisetum",20,"GenusAverage",1
"Triso",4357,"GenusAverage",1
"Trisopterus",98.8,"GenusAverage",6
"Trissopelopia",3.55e-05,"GenusAverage",1
"Tritogonia",1120,"GenusAverage",1
"Triturus",10.12,"GenusAverage",9
"Trixiphichthys",321.9,"GenusAverage",1
"Trochalopteron",64.79,"GenusAverage",19
"Trochia",0.6,"GenusAverage",0
"Trochilus",4.586,"GenusAverage",7
"Trochocercus",9.753,"GenusAverage",8
"Trochosa",0.008125,"GenusAverage",2
"Troglodytes",10.81,"GenusAverage",29
"Trogon",81.58,"GenusAverage",44
"Trogonophis",10.78,"GenusAverage",3
"Trogontherium",39990,"GenusAverage",1
"Trogophloeus",1e-04,"GenusAverage",1
"Trogopterus",744.9,"GenusAverage",2
"Tropheus",38.2,"GenusAverage",2
"Tropical",1.9e-11,"GenusAverage",1
"Tropicranus",289.5,"GenusAverage",2
"Tropidechis",318.2,"GenusAverage",2
"Tropidoclonion",33.57,"GenusAverage",3
"Tropidodipsas",53.29,"GenusAverage",7
"Tropidodryas",144.1,"GenusAverage",2
"Tropidolaemus",521,"GenusAverage",9
"Tropidonophis",267.6,"GenusAverage",32
"Tropidophis",38.22,"GenusAverage",33
"Tropidophorus",18.92,"GenusAverage",60
"Tropidophoxinellus",16.4,"GenusAverage",1
"Tropidosaura",5.834,"GenusAverage",8
"Tropidoscincus",25.01,"GenusAverage",6
"Tropidurus",37.95,"GenusAverage",66
"Tropiocolotes",0.7852,"GenusAverage",24
"Tropocyclops",7.731e-06,"GenusAverage",1
"Troposodon",40000,"GenusAverage",2
"Trugon",400,"GenusAverage",3
"Trygonoptera",4944,"GenusAverage",1
"Trygonorrhina",6700,"GenusAverage",0
"Tryngites",63.3,"GenusAverage",4
"Trypauchen",43.9,"GenusAverage",1
"Tryphomys",117.2,"GenusAverage",2
"Trypoxylon",0.0008479,"GenusAverage",2
"Tscherskia",124.3,"GenusAverage",6
"Tsuga",2500000,"GenusAverage",1
"Tubificidae",5.43e-05,"GenusAverage",1
"Tukutuku",7.183,"GenusAverage",2
"Tumbezia",12.21,"GenusAverage",2
"Tumbunascincus",31.02,"GenusAverage",2
"Tupaia",164.4,"GenusAverage",70
"Tupinambis",1250,"GenusAverage",16
"Turacoena",275.3,"GenusAverage",3
"Turbo",163,"GenusAverage",1
"Turcinoemacheilus",2.036,"GenusAverage",2
"Turdinus",40.93,"GenusAverage",4
"Turdoides",60.52,"GenusAverage",86
"Turdus",75.59,"GenusAverage",181
"Turnagra",95.18,"GenusAverage",3
"Turnix",59.11,"GenusAverage",46
"Turrum",16250,"GenusAverage",2
"Tursiops",252600,"GenusAverage",2
"Turtur",75.61,"GenusAverage",15
"Tylas",46.29,"GenusAverage",2
"Tylerius",66.1,"GenusAverage",1
"Tylocephalus",6.9e-08,"GenusAverage",1
"Tylochromis",1667,"GenusAverage",1
"Tylomys",232.8,"GenusAverage",22
"Tylonycteris",5.764,"GenusAverage",9
"Tylosurus",1576,"GenusAverage",4
"Tylototriton",99.54,"GenusAverage",5
"Tympanocryptis",7.77,"GenusAverage",31
"Tympanoctomys",105.3,"GenusAverage",9
"Tympanopleura",60.23,"GenusAverage",2
"Tympanuchus",698.4,"GenusAverage",16
"Typha",31,"GenusAverage",1
"Typhlacontias",2.219,"GenusAverage",15
"Typhlomys",27.85,"GenusAverage",2
"Typhlonectes",600,"GenusAverage",1
"Typhlophis",4.2,"GenusAverage",1
"Typhlops",12.09,"GenusAverage",51
"Typhlosaurus",13.23,"GenusAverage",10
"Tyranneutes",7.151,"GenusAverage",4
"Tyrannopsis",54.05,"GenusAverage",2
"Tyrannulus",7.025,"GenusAverage",2
"Tyrannus",44.14,"GenusAverage",51
"Tyroglyphus",1e-06,"GenusAverage",1
"Tysanoessa",0.0015,"GenusAverage",1
"Tyto",474.1,"GenusAverage",34
"Tytthoscincus",1.305,"GenusAverage",26
"Uaru",460.2,"GenusAverage",2
"Uca",18.4,"GenusAverage",5
"Ulcina",5,"GenusAverage",1
"Ulva",15,"GenusAverage",1
"Ulvaria",5,"GenusAverage",0
"Uma",35.68,"GenusAverage",21
"Umbra",26.55,"GenusAverage",4
"Umbrina",5939,"GenusAverage",1
"Uncia",43150,"GenusAverage",7
"Unclassified",2.24e-10,"GenusAverage",2
"Underwoodisaurus",18.36,"GenusAverage",5
"Ungaliophis",187.2,"GenusAverage",2
"Unio",5.35,"GenusAverage",1
"Upeneus",146.7,"GenusAverage",4
"Upucerthia",43.39,"GenusAverage",10
"Upupa",67.06,"GenusAverage",7
"Uracentron",42.22,"GenusAverage",5
"Uraeginthus",11.24,"GenusAverage",15
"Uraeotyphlus",46.6,"GenusAverage",1
"Uragus",17.43,"GenusAverage",1
"Uranomys",40.6,"GenusAverage",5
"Uranoscodon",111.3,"GenusAverage",3
"Uranoscopus",247.3,"GenusAverage",7
"Uraspis",1942,"GenusAverage",1
"Uratelornis",226,"GenusAverage",1
"Uria",857.9,"GenusAverage",13
"Urochroa",11.39,"GenusAverage",2
"Urocissa",182.5,"GenusAverage",11
"Urocitellus",377.4,"GenusAverage",16
"Urocolius",50.9,"GenusAverage",8
"Urocotyledon",2.451,"GenusAverage",10
"Urocynchramus",28.62,"GenusAverage",1
"Urocyon",3344,"GenusAverage",20
"Uroderma",16.78,"GenusAverage",8
"Urodynamis",117,"GenusAverage",2
"Urogale",328.7,"GenusAverage",7
"Uroglaux",281,"GenusAverage",1
"Urogymnus",90000,"GenusAverage",1
"Urolais",11.55,"GenusAverage",3
"Urolestes",82.2,"GenusAverage",2
"Urolophus",2673,"GenusAverage",3
"Uromacer",257.3,"GenusAverage",6
"Uromacerina",65.6,"GenusAverage",1
"Uromastyx",554.9,"GenusAverage",36
"Uromyias",9.712,"GenusAverage",2
"Uromys",551.6,"GenusAverage",32
"Uropelia",35.2,"GenusAverage",2
"Uropeltis",31.93,"GenusAverage",27
"Urophycis",5225,"GenusAverage",2
"Uroplatus",33.21,"GenusAverage",34
"Uropsalis",56.57,"GenusAverage",6
"Uropsila",9.052,"GenusAverage",2
"Uropsilus",21.4,"GenusAverage",14
"Uropterygius",41.5,"GenusAverage",1
"Urorhipis",6.475,"GenusAverage",1
"Urosalpinx",1.61,"GenusAverage",0
"Urosaurus",9.255,"GenusAverage",32
"Urosphena",10.38,"GenusAverage",5
"Urosticte",4.037,"GenusAverage",4
"Urostrophus",22.09,"GenusAverage",4
"Uroteuthis",302.5,"GenusAverage",2
"Urotheca",40.39,"GenusAverage",9
"Urothraupis",23.08,"GenusAverage",2
"Urotrichus",29.05,"GenusAverage",7
"Urotriorchis",491.7,"GenusAverage",4
"Urotrygon",177.5,"GenusAverage",2
"Urozelotes",0.0525,"GenusAverage",0
"Ursus",342700,"GenusAverage",45
"Urtica",3,"GenusAverage",1
"Uta",10.92,"GenusAverage",20
"Uvidicolus",7.89,"GenusAverage",2
"Valencia",3.281,"GenusAverage",0
"Valgipes",2e+05,"GenusAverage",2
"Vallonia",0.000405,"GenusAverage",2
"Valvata",0.0002622,"GenusAverage",2
"Vampyressa",19.07,"GenusAverage",20
"Vampyriscus",11.13,"GenusAverage",3
"Vampyrodes",34.15,"GenusAverage",5
"Vampyroteuthis",77,"GenusAverage",1
"Vampyrum",170.7,"GenusAverage",6
"Vandeleuria",28.83,"GenusAverage",7
"Vanellus",195.3,"GenusAverage",60
"Vanga",63.89,"GenusAverage",2
"Vanmanenia",10.95,"GenusAverage",4
"Vanzosaura",1.147,"GenusAverage",7
"Varacosa",0.4051,"GenusAverage",1
"Varanus",5171,"GenusAverage",243
"Varecia",3620,"GenusAverage",15
"Variola",7532,"GenusAverage",2
"Varzea",22.27,"GenusAverage",5
"Vasula",9.9,"GenusAverage",0
"Vauriella",27.62,"GenusAverage",4
"Velella",2.88,"GenusAverage",1
"Venerupis",5.324,"GenusAverage",1
"Veniliornis",34.34,"GenusAverage",27
"Ventrifossa",69.3,"GenusAverage",2
"Venus",40.5,"GenusAverage",1
"Verasper",4000,"GenusAverage",2
"Verilus",181.4,"GenusAverage",1
"Vermicella",116.5,"GenusAverage",8
"Vermivora",7.697,"GenusAverage",37
"Vernaya",24.88,"GenusAverage",2
"Vertigo",0.0006134,"GenusAverage",3
"Vesicomyid",21,"GenusAverage",1
"Vespadelus",5.086,"GenusAverage",26
"Vespertilio",20.9,"GenusAverage",11
"Vestiaria",18.37,"GenusAverage",5
"Vhembelacerta",3.213,"GenusAverage",2
"Vibilia",0.117,"GenusAverage",1
"Vicugna",52780,"GenusAverage",11
"Vidua",14.78,"GenusAverage",70
"Vietnascincus",11.32,"GenusAverage",2
"Vijayachelys",230,"GenusAverage",1
"Vimba",1188,"GenusAverage",2
"Vinciguerria",2.1,"GenusAverage",1
"Vini",46.38,"GenusAverage",8
"Viola",0.76,"GenusAverage",1
"Vipera",153.3,"GenusAverage",38
"Vireo",12.52,"GenusAverage",109
"Vireolanius",27.71,"GenusAverage",8
"Virginia",11.67,"GenusAverage",4
"Viridonia",10.08,"GenusAverage",2
"Viverra",9507,"GenusAverage",21
"Viverricula",2969,"GenusAverage",9
"Voalavo",21.8,"GenusAverage",2
"Voeltzkowia",2.09,"GenusAverage",8
"Volatinia",9.895,"GenusAverage",2
"Volemys",45.2,"GenusAverage",3
"Volucella",0.17,"GenusAverage",1
"Vombatus",27010,"GenusAverage",13
"Vormela",500.6,"GenusAverage",6
"Vulpes",2837,"GenusAverage",102
"Vultur",10760,"GenusAverage",4
"Waglerophis",508.5,"GenusAverage",2
"Walckenaeria",3e-04,"GenusAverage",1
"Wallabia",21880,"GenusAverage",12
"Wallago",22410,"GenusAverage",2
"Walterinnesia",467.7,"GenusAverage",2
"Warendja",10000,"GenusAverage",1
"Warenja",10000,"GenusAverage",1
"Wetmorethraupis",50.2,"GenusAverage",2
"Wiedomys",48.06,"GenusAverage",8
"Wilfredomys",46.8,"GenusAverage",4
"Willisornis",18.31,"GenusAverage",3
"Wilsonema",2.6e-08,"GenusAverage",1
"Wilsonia",8.122,"GenusAverage",15
"Windhausenia",7e+05,"GenusAverage",1
"Woodfordia",28,"GenusAverage",2
"Woodruffia",1.18e-07,"GenusAverage",1
"Woodworthia",10.38,"GenusAverage",8
"Wugigarra",0.003,"GenusAverage",0
"Wyulda",1689,"GenusAverage",8
"Xanthichthys",565.8,"GenusAverage",1
"Xanthocephalus",61.4,"GenusAverage",7
"Xanthomixis",17.42,"GenusAverage",4
"Xanthomyza",41.84,"GenusAverage",2
"Xanthopsar",43,"GenusAverage",3
"Xanthotis",31.22,"GenusAverage",9
"Xantusia",4.917,"GenusAverage",39
"Xaymaca",160,"GenusAverage",1
"Xema",196.2,"GenusAverage",3
"Xenagama",26.26,"GenusAverage",9
"Xenagoniates",2.32,"GenusAverage",0
"Xenelaphis",947.1,"GenusAverage",2
"Xenerpestes",11.29,"GenusAverage",4
"Xenicus",16.65,"GenusAverage",5
"Xenocalamus",44.26,"GenusAverage",5
"Xenochrophis",322.7,"GenusAverage",19
"Xenocopsychus",35.07,"GenusAverage",1
"Xenocypris",682.1,"GenusAverage",4
"Xenodacnis",11.5,"GenusAverage",2
"Xenodermus",78.8,"GenusAverage",1
"Xenodon",186.5,"GenusAverage",17
"Xenoglaux",48.12,"GenusAverage",2
"Xenoligea",23.28,"GenusAverage",1
"Xenomys",130,"GenusAverage",4
"Xenomystus",217.1,"GenusAverage",1
"Xenopeltis",452.2,"GenusAverage",5
"Xenoperdix",228.7,"GenusAverage",3
"Xenophidion",9.6,"GenusAverage",2
"Xenopholis",18,"GenusAverage",3
"Xenophysogobio",24.93,"GenusAverage",4
"Xenopipo",16.26,"GenusAverage",10
"Xenopirostris",61.83,"GenusAverage",5
"Xenops",11.05,"GenusAverage",8
"Xenopsaris",10,"GenusAverage",2
"Xenopus",61.31,"GenusAverage",9
"Xenorhinotherium",940800,"GenusAverage",1
"Xenornis",24.6,"GenusAverage",2
"Xenosaurus",36.72,"GenusAverage",28
"Xenospingus",21,"GenusAverage",2
"Xenospiza",17.4,"GenusAverage",2
"Xenothrix",5680,"GenusAverage",1
"Xenotoca",4.4,"GenusAverage",1
"Xenotriccus",12.48,"GenusAverage",4
"Xenotyphlops",8.5,"GenusAverage",1
"Xenuromys",947.6,"GenusAverage",4
"Xenus",78.8,"GenusAverage",4
"Xeromys",44.3,"GenusAverage",5
"Xeronycteris",13.3,"GenusAverage",1
"Xerospermophilus",146.2,"GenusAverage",6
"Xerotyphlops",16.51,"GenusAverage",6
"Xerus",508.8,"GenusAverage",24
"Xiphias",24680,"GenusAverage",0
"Xiphidiopicus",63.93,"GenusAverage",2
"Xiphirhynchus",28,"GenusAverage",1
"Xiphister",166.3,"GenusAverage",1
"Xiphocolaptes",121.6,"GenusAverage",8
"Xipholena",52.82,"GenusAverage",5
"Xiphophorus",14.23,"GenusAverage",4
"Xiphorhynchus",41.6,"GenusAverage",27
"Xolmis",43.1,"GenusAverage",13
"Xyelodontophis",457.7,"GenusAverage",1
"Xylophis",22.93,"GenusAverage",3
"Xyrauchen",5058,"GenusAverage",2
"Xyrias",722,"GenusAverage",1
"Xyrichtys",296.1,"GenusAverage",1
"Xysticus",0.0004364,"GenusAverage",1
"Yaoshanicus",3.6,"GenusAverage",1
"Yasuhikotakia",78.7,"GenusAverage",2
"Yoldia",5.134,"GenusAverage",2
"Yongeichthys",34,"GenusAverage",1
"Yuhina",13.92,"GenusAverage",22
"Yungipicus",25.8,"GenusAverage",1
"Yunnanilus",1.525,"GenusAverage",4
"Zacco",45.19,"GenusAverage",4
"Zachaenus",1.546,"GenusAverage",0
"Zaedyus",1488,"GenusAverage",8
"Zaglossus",11960,"GenusAverage",16
"Zalieutes",10.5,"GenusAverage",1
"Zalophus",213400,"GenusAverage",17
"Zamenis",580.3,"GenusAverage",8
"Zanclorhynchus",132,"GenusAverage",1
"Zanclostomus",112.3,"GenusAverage",1
"Zanclus",451.7,"GenusAverage",1
"Zanda",620,"GenusAverage",1
"Zanobatus",1400,"GenusAverage",1
"Zaphotias",2.7,"GenusAverage",1
"Zapornia",70.27,"GenusAverage",4
"Zapteryx",1426,"GenusAverage",0
"Zapus",22.93,"GenusAverage",22
"Zaratornis",52.1,"GenusAverage",2
"Zavattariornis",119,"GenusAverage",2
"Zavrelimyia",8.63e-06,"GenusAverage",1
"Zebrasoma",199.6,"GenusAverage",1
"Zebrias",66.18,"GenusAverage",4
"Zebrilus",123,"GenusAverage",2
"Zeiraphera",0.0215,"GenusAverage",1
"Zeledonia",21,"GenusAverage",2
"Zelotes",0.001082,"GenusAverage",1
"Zelotomys",56.33,"GenusAverage",10
"Zenaida",143,"GenusAverage",25
"Zenarchopterus",43.2,"GenusAverage",2
"Zenion",12,"GenusAverage",1
"Zenkerella",200,"GenusAverage",5
"Zenopsis",4142,"GenusAverage",2
"Zeugopterus",347.5,"GenusAverage",1
"Zeus",4750,"GenusAverage",4
"Zhangixalus",76.85,"GenusAverage",2
"Zimmerius",9.399,"GenusAverage",25
"Zingel",669.3,"GenusAverage",1
"Ziphius",3e+06,"GenusAverage",0
"Zoarces",1641,"GenusAverage",3
"Zodarion",0.002238,"GenusAverage",0
"Zonerodius",802,"GenusAverage",1
"Zonitoides",0.00905,"GenusAverage",1
"Zonosagitta",0.0115,"GenusAverage",1
"Zonosaurus",67.03,"GenusAverage",39
"Zonotrichia",23.67,"GenusAverage",32
"Zoonavena",10.5,"GenusAverage",4
"Zoothera",81.42,"GenusAverage",67
"Zootoca",6.721,"GenusAverage",5
"Zora",0.0007908,"GenusAverage",2
"Zosis",0.0337,"GenusAverage",0
"Zosterops",11.13,"GenusAverage",143
"Zosterornis",21.92,"GenusAverage",4
"Zu",11330,"GenusAverage",1
"Zungaro",68520,"GenusAverage",2
"Zygaspis",6.608,"GenusAverage",15
"Zygiella",0.03363,"GenusAverage",0
"Zygoballus",0.003,"GenusAverage",0
"Zygochlamys",75.3,"GenusAverage",1
"Zygodontomys",66.17,"GenusAverage",10
"Zygogeomys",491.2,"GenusAverage",4
"Zygomaturus",625000,"GenusAverage",2
"Zyzomys",102.2,"GenusAverage",27
NA,NA,"GenusAverage",0
