"Citation","Diet.richness.minimum","Ecosystem","EndoEcto","Feeding.data.type","First.entry.Name","Latitude","mass_g","Month","Space.averaging","Taxon.group","Time.averaging","Total.stomachs.count.given","Year"
"Behn_2019",12,"Lotic","Ectotherm","Gut content (lethal)","Ben",36.21,NA,1,"1000m","Fish","Days",10,2013
"Behn_2019",11,"Lotic","Ectotherm","Gut content (lethal)","Ben",36.21,NA,7,"1000m","Fish","Days",16,2012
"Behn_2019",2,"Lotic","Ectotherm","Gut content (lethal)","Ben",36.21,NA,9,"1000m","Fish","Days",4,2012
"Behn_2019",2,"Lotic","Ectotherm","Gut content (lethal)","Ben",36.21,NA,6,"1000m","Fish","Days",28,2014
"Behn_2019",13,"Lotic","Ectotherm","Gut content (lethal)","Ben",36.21,NA,3,"1000m","Fish","Days",23,2013
"Burbank_2022",14,"Lotic","Ectotherm","Gut content (lethal)","Ben",43.46,NA,8,"10km","Fish","Months",165,2017
"Eriksen_2021",4,"Marine","Ectotherm","Gut content (lethal)","Ben",75,NA,2,"100km","Fish","Months",11,2015
"Eriksen_2021",1,"Marine","Ectotherm","Gut content (lethal)","Ben",75,NA,11,"100km","Fish","Months",5,2015
"Eriksen_2021",5,"Marine","Ectotherm","Gut content (lethal)","Ben",75,NA,8,"100km","Fish","Months",16,2015
"Eriksen_2021",1,"Marine","Ectotherm","Gut content (lethal)","Ben",75,NA,11,"100km","Fish","Months",2,2015
"Eriksen_2021",2,"Marine","Ectotherm","Gut content (lethal)","Ben",75,NA,8,"100km","Fish","Months",3,2015
"Eriksen_2021",2,"Marine","Ectotherm","Gut content (lethal)","Ben",75,NA,5,"100km","Fish","Months",4,2015
"Eriksen_2021",2,"Marine","Ectotherm","Gut content (lethal)","Ben",75,NA,11,"100km","Fish","Months",48,2015
"Eriksen_2021",1,"Marine","Ectotherm","Gut content (lethal)","Ben",75,NA,8,"100km","Fish","Months",57,2015
"Eriksen_2021",6,"Marine","Ectotherm","Gut content (lethal)","Ben",75,NA,2,"100km","Fish","Months",57,2015
"Eriksen_2021",5,"Marine","Ectotherm","Gut content (lethal)","Ben",75,NA,5,"100km","Fish","Months",31,2015
"Eriksen_2021",8,"Marine","Ectotherm","Gut content (lethal)","Ben",75,NA,8,"100km","Fish","Months",353,2015
"Eriksen_2021",3,"Marine","Ectotherm","Gut content (lethal)","Ben",75,NA,11,"100km","Fish","Months",16,2015
"Eriksen_2021",1,"Marine","Ectotherm","Gut content (lethal)","Ben",75,NA,2,"100km","Fish","Months",2,2015
"Eriksen_2021",1,"Marine","Ectotherm","Gut content (lethal)","Ben",75,NA,11,"100km","Fish","Months",8,2015
"Eriksen_2021",6,"Marine","Ectotherm","Gut content (lethal)","Ben",75,NA,11,"100km","Fish","Months",20,2015
"Eriksen_2021",3,"Marine","Ectotherm","Gut content (lethal)","Ben",75,NA,2,"100km","Fish","Months",3,2015
"Eriksen_2021",6,"Marine","Ectotherm","Gut content (lethal)","Ben",75,NA,8,"100km","Fish","Months",10,2015
"Eriksen_2021",2,"Marine","Ectotherm","Gut content (lethal)","Ben",75,NA,5,"100km","Fish","Months",2,2015
"Eriksen_2021",7,"Marine","Ectotherm","Gut content (lethal)","Ben",75,NA,8,"100km","Fish","Months",175,2015
"Eriksen_2021",6,"Marine","Ectotherm","Gut content (lethal)","Ben",75,NA,11,"100km","Fish","Months",91,2015
"Eriksen_2021",3,"Marine","Ectotherm","Gut content (lethal)","Ben",75,NA,8,"100km","Fish","Months",24,2015
"Eriksen_2021",2,"Marine","Ectotherm","Gut content (lethal)","Ben",75,NA,11,"100km","Fish","Months",10,2015
"Eriksen_2021",2,"Marine","Ectotherm","Gut content (lethal)","Ben",75,NA,8,"100km","Fish","Months",22,2015
"Eriksen_2021",4,"Marine","Ectotherm","Gut content (lethal)","Ben",75,NA,2,"100km","Fish","Months",24,2015
"Eriksen_2021",2,"Marine","Ectotherm","Gut content (lethal)","Ben",75,NA,8,"100km","Fish","Months",4,2015
"Eriksen_2021",2,"Marine","Ectotherm","Gut content (lethal)","Ben",75,NA,11,"100km","Fish","Months",2,2015
"Eriksen_2021",6,"Marine","Ectotherm","Gut content (lethal)","Ben",75,NA,8,"100km","Fish","Months",14,2015
"Eriksen_2021",1,"Marine","Ectotherm","Gut content (lethal)","Ben",75,NA,8,"100km","Fish","Months",22,2015
"Eriksen_2021",5,"Marine","Ectotherm","Gut content (lethal)","Ben",75,NA,8,"100km","Fish","Months",5,2015
"Eriksen_2021",3,"Marine","Ectotherm","Gut content (lethal)","Ben",75,NA,11,"100km","Fish","Months",9,2015
"Eriksen_2021",1,"Marine","Ectotherm","Gut content (lethal)","Ben",75,NA,11,"100km","Fish","Months",13,2015
"Eriksen_2021",3,"Marine","Ectotherm","Gut content (lethal)","Ben",75,NA,2,"100km","Fish","Months",5,2015
"Eriksen_2021",4,"Marine","Ectotherm","Gut content (lethal)","Ben",75,NA,8,"100km","Fish","Months",12,2015
"Eriksen_2021",1,"Marine","Ectotherm","Gut content (lethal)","Ben",75,NA,5,"100km","Fish","Months",2,2015
"Eriksen_2021",1,"Marine","Ectotherm","Gut content (lethal)","Ben",75,NA,11,"100km","Fish","Months",7,2015
"Eriksen_2021",4,"Marine","Ectotherm","Gut content (lethal)","Ben",75,NA,8,"100km","Fish","Months",34,2015
"Eriksen_2021",5,"Marine","Ectotherm","Gut content (lethal)","Ben",75,NA,8,"100km","Fish","Months",42,2015
"Eriksen_2021",3,"Marine","Ectotherm","Gut content (lethal)","Ben",75,NA,8,"100km","Fish","Months",5,2015
"Eriksen_2021",0,"Marine","Ectotherm","Gut content (lethal)","Ben",75,NA,11,"100km","Fish","Months",18,2015
"Eriksen_2021",4,"Marine","Ectotherm","Gut content (lethal)","Ben",75,NA,5,"100km","Fish","Months",14,2015
"Eriksen_2021",8,"Marine","Ectotherm","Gut content (lethal)","Ben",75,NA,2,"100km","Fish","Months",61,2015
"Eriksen_2021",8,"Marine","Ectotherm","Gut content (lethal)","Ben",75,NA,8,"100km","Fish","Months",148,2015
"Eriksen_2021",1,"Marine","Ectotherm","Gut content (lethal)","Ben",75,NA,8,"100km","Fish","Months",12,2015
"Eriksen_2021",3,"Marine","Ectotherm","Gut content (lethal)","Ben",75,NA,8,"100km","Fish","Months",77,2015
"Eriksen_2021",4,"Marine","Ectotherm","Gut content (lethal)","Ben",75,NA,8,"100km","Fish","Months",6,2015
"Eriksen_2021",2,"Marine","Ectotherm","Gut content (lethal)","Ben",75,NA,11,"100km","Fish","Months",4,2015
"Eriksen_2021",6,"Marine","Ectotherm","Gut content (lethal)","Ben",75,NA,2,"100km","Fish","Months",5,2015
"Eriksen_2021",8,"Marine","Ectotherm","Gut content (lethal)","Ben",75,NA,5,"100km","Fish","Months",20,2015
"Eriksen_2021",3,"Marine","Ectotherm","Gut content (lethal)","Ben",75,NA,2,"100km","Fish","Months",6,2015
"Eriksen_2021",1,"Marine","Ectotherm","Gut content (lethal)","Ben",75,NA,11,"100km","Fish","Months",8,2015
"Eriksen_2021",7,"Marine","Ectotherm","Gut content (lethal)","Ben",75,NA,8,"100km","Fish","Months",79,2015
"Eriksen_2021",7,"Marine","Ectotherm","Gut content (lethal)","Ben",75,NA,8,"100km","Fish","Months",130,2015
"Eriksen_2021",3,"Marine","Ectotherm","Gut content (lethal)","Ben",75,NA,11,"100km","Fish","Months",7,2015
"Eriksen_2021",6,"Marine","Ectotherm","Gut content (lethal)","Ben",75,NA,8,"100km","Fish","Months",36,2015
"Eriksen_2021",5,"Marine","Ectotherm","Gut content (lethal)","Ben",75,NA,11,"100km","Fish","Months",18,2015
"Agapov_1938",1,"Marine","Ectotherm","Gut content (lethal)","Colin",45.75,NA,6,"10km","Fish","Months",8,1935
"Agapov_1938",2,"Marine","Ectotherm","Gut content (lethal)","Colin",45.75,NA,6,"10km","Fish","Months",39,1935
"Agapov_1938",1,"Marine","Ectotherm","Gut content (lethal)","Colin",45.75,NA,6,"10km","Fish","Months",28,1935
"Agapov_1938",2,"Marine","Ectotherm","Gut content (lethal)","Colin",45.75,NA,6,"10km","Fish","Months",29,1935
"Agapov_1938",1,"Marine","Ectotherm","Gut content (lethal)","Colin",45.75,NA,6,"10km","Fish","Months",2,1935
"Agapov_1938",1,"Marine","Ectotherm","Gut content (lethal)","Colin",45.75,NA,6,"10km","Fish","Months",13,1935
"Agapov_1938",2,"Marine","Ectotherm","Gut content (lethal)","Colin",45.75,NA,6,"10km","Fish","Months",6,1935
"Agapov_1938",1,"Marine","Ectotherm","Gut content (lethal)","Colin",45.75,NA,6,"10km","Fish","Months",7,1935
"McDermott_1987",3,"Marine","Ectotherm","Gut content (lethal)","Colin",39.04,NA,10,"10m","Annelids","Hours",3,1978
"McDermott_1987",3,"Marine","Ectotherm","Gut content (lethal)","Colin",39.04,NA,6,"10m","Annelids","Hours",33,1935
"McDermott_1987",2,"Marine","Ectotherm","Gut content (lethal)","Colin",39.04,NA,9,"10m","Annelids","Hours",5,1983
"McDermott_1987",1,"Marine","Ectotherm","Gut content (lethal)","Colin",39.04,NA,7,"10m","Annelids","Hours",3,1979
"McDermott_1987",3,"Marine","Ectotherm","Gut content (lethal)","Colin",39.04,NA,10,"10m","Annelids","Hours",5,1978
"McDermott_1987",1,"Marine","Ectotherm","Gut content (lethal)","Colin",39.04,NA,10,"10m","Annelids","Hours",3,1979
"McDermott_1987",2,"Marine","Ectotherm","Gut content (lethal)","Colin",39.04,NA,10,"10m","Annelids","Hours",7,1980
"McDermott_1987",3,"Marine","Ectotherm","Gut content (lethal)","Colin",39.04,NA,11,"10m","Annelids","Hours",24,1983
"McDermott_1987",4,"Marine","Ectotherm","Gut content (lethal)","Colin",39.04,NA,11,"10m","Annelids","Hours",19,1980
"McDermott_1987",1,"Marine","Ectotherm","Gut content (lethal)","Colin",39.04,NA,3,"10m","Annelids","Hours",7,1980
"Nakano_2016",1,"Marine","Ectotherm","Gut content (lethal)","Colin",23.56,NA,11,"10km","Molluscs","Hours",4,2009
"Nakano_2016",1,"Marine","Ectotherm","Gut content (lethal)","Colin",32.65,NA,11,"10km","Molluscs","Hours",10,2009
"Nakano_2016",2,"Marine","Ectotherm","Gut content (lethal)","Colin",32.65,NA,4,"10km","Molluscs","Hours",7,2012
"Nakano_2016",3,"Marine","Ectotherm","Gut content (lethal)","Colin",35.15,NA,8,"10m","Molluscs","Hours",4,2011
"Nakano_2016",1,"Marine","Ectotherm","Gut content (lethal)","Colin",32.65,NA,4,"10km","Molluscs","Hours",11,2013
"Nakano_2016",1,"Marine","Ectotherm","Gut content (lethal)","Colin",35.16,NA,9,"10m","Molluscs","Hours",6,2011
"Pierre_2024",11,"Marine","Ectotherm","Gut content (lethal)","Colin",47.71,NA,6,"10km","Fish","Years",171,1985
"Pierre_2024",11,"Marine","Ectotherm","Gut content (lethal)","Colin",47.71,NA,6,"10km","Fish","Years",190,1985
"Pierre_2024",11,"Marine","Ectotherm","Gut content (lethal)","Colin",47.71,NA,5,"10km","Fish","Years",92,1985
"Pierre_2024",11,"Marine","Ectotherm","Gut content (lethal)","Colin",47.71,NA,6,"10km","Fish","Years",154,1985
"Santic_2021",62,"Marine","Ectotherm","Gut content (lethal)","Colin",43.6,NA,5,"100km","Fish","Months",200,2013
"Santic_2021",62,"Marine","Ectotherm","Gut content (lethal)","Colin",43.6,NA,8,"100km","Fish","Months",202,2013
"Santic_2021",62,"Marine","Ectotherm","Gut content (lethal)","Colin",43.6,NA,10,"100km","Fish","Months",205,2013
"Santic_2021",62,"Marine","Ectotherm","Gut content (lethal)","Colin",43.75,NA,1,"100km","Fish","Months",191,2013
"Sole_2018",20,"Terrestrial","Ectotherm","Gut content (non-lethal)","Colin",-14.8,NA,5,"100m","Amphibians","Months",109,2007
"Carpenter_1952",13,"Terrestrial","Ectotherm","Gut content (non-lethal)","Dan",42.3,NA,6,"1000m","Reptiles","Years",430,1949
"White_1992",5,"Lotic","Ectotherm","Gut content (lethal)","Dan",37.78,NA,6,"1000m","Reptiles","Months",32,1988
"Cressey_1970",2,"Marine","Ectotherm","Gut content (lethal)","Daniel",30.85,NA,7,"1000km","Fish","Years",9,1970
"Cressey_1970",2,"Marine","Ectotherm","Gut content (lethal)","Daniel",30.85,NA,7,"1000km","Fish","Years",74,1970
"Cressey_1970",2,"Marine","Ectotherm","Gut content (lethal)","Daniel",30.85,NA,7,"1000km","Fish","Years",168,1970
"Cressey_1970",2,"Marine","Ectotherm","Gut content (lethal)","Daniel",30.85,NA,7,"1000km","Fish","Years",17,1970
"Wen_2012",19,"Marine","Ectotherm","Gut content (lethal)","Dylan",-23.15,NA,3,"10km","Fish","Years",527,2008
"Anderson_1999b",11,"Lentic","Ectotherm","Gut content (lethal)","Gray",34.1,NA,5,"10km","Amphibians","Years",116,1995
"Baeck_2014",15,"Marine","Endotherm","Gut content (lethal)","Gray",10.7,NA,2,"1000m","Fish","Months",200,2014
"Bojsen_2005",2,"Lotic","Ectotherm","Gut content (lethal)","Gray",1.04,NA,8,"10km","Fish","Months",131,1999
"Bojsen_2005",2,"Lotic","Ectotherm","Gut content (lethal)","Gray",1.04,NA,8,"10km","Fish","Months",52,1999
"Bojsen_2005",5,"Lotic","Ectotherm","Gut content (lethal)","Gray",1.04,NA,8,"10km","Fish","Months",313,1999
"Bojsen_2005",5,"Lotic","Ectotherm","Gut content (lethal)","Gray",1.04,NA,8,"10km","Fish","Months",98,1999
"Bojsen_2005",5,"Lotic","Ectotherm","Gut content (lethal)","Gray",1.04,NA,8,"10km","Fish","Months",229,1999
"Bojsen_2005",5,"Lotic","Ectotherm","Gut content (lethal)","Gray",1.04,NA,8,"10km","Fish","Months",84,1999
"Contente_2010",27,"Lotic","Ectotherm","Gut content (lethal)","Gray",-23.76,NA,12,"10km","Fish","Months",41,2005
"Contente_2010",27,"Lotic","Ectotherm","Gut content (lethal)","Gray",-23.76,NA,12,"10km","Fish","Months",23,2005
"Contente_2010",27,"Lotic","Ectotherm","Gut content (lethal)","Gray",-23.76,NA,12,"10km","Fish","Months",55,2005
"DeRyke_1922",2,"Lentic","Ectotherm","Gut content (lethal)","Gray",41.23,NA,8,"100m","Fish","Hours",2,1920
"DeRyke_1922",1,"Lentic","Ectotherm","Gut content (lethal)","Gray",41.23,NA,6,"100m","Fish","Hours",2,1920
"Hogue_1982",5,"Marine","Ectotherm","Gut content (lethal)","Gray",44.71,NA,5,"100m","Fish","Hours",6,1977
"Hogue_1982",4,"Marine","Ectotherm","Gut content (lethal)","Gray",44.71,NA,5,"100m","Fish","Hours",4,1979
"Hogue_1982",7,"Marine","Ectotherm","Gut content (lethal)","Gray",44.71,NA,7,"100m","Fish","Hours",7,1979
"Hogue_1982",7,"Marine","Ectotherm","Gut content (lethal)","Gray",44.71,NA,8,"100m","Fish","Hours",9,1979
"Hogue_1982",8,"Marine","Ectotherm","Gut content (lethal)","Gray",44.71,NA,5,"100m","Fish","Hours",16,1978
"Hogue_1982",9,"Marine","Ectotherm","Gut content (lethal)","Gray",44.71,NA,5,"100m","Fish","Hours",14,1979
"Hogue_1982",8,"Marine","Ectotherm","Gut content (lethal)","Gray",44.71,NA,6,"100m","Fish","Hours",16,1978
"Keast_1968",8,"Lentic","Ectotherm","Gut content (lethal)","Gray",45.46,NA,2,"100m","Fish","Years",145,1966
"Kutkuhn_1958",20,"Lentic","Ectotherm","Gut content (lethal)","Gray",42.49,NA,8,"100m","Fish","Months",139,1955
"Kutrup_2005",28,"Lentic","Ectotherm","Gut content (non-lethal)","Gray",45.6,NA,6,"10m","Amphibians","Months",180,2003
"Minello_1989",2,"Marine","Ectotherm","Gut content (lethal)","Gray",28.69,NA,8,"1000m","Fish","Days",7,1986
"Minello_1989",3,"Marine","Ectotherm","Gut content (lethal)","Gray",28.6,NA,8,"1000m","Fish","Days",15,1986
"Mitchell_1953",18,"Marine","Ectotherm","Gut content (lethal)","Gray",33.73,NA,3,"10m","Fish","Minutes",43,1949
"Mitchell_1953",19,"Marine","Ectotherm","Gut content (lethal)","Gray",33.73,NA,3,"10m","Fish","Minutes",72,1949
"Mitchell_1953",3,"Marine","Ectotherm","Gut content (lethal)","Gray",33.73,NA,3,"10m","Fish","Minutes",5,1949
"Pasch_1972",6,"Lotic","Ectotherm","Gut content (lethal)","Gray",45.55,NA,6,"10m","Fish","Days",16,1970
"Pasch_1972",5,"Lotic","Ectotherm","Gut content (lethal)","Gray",45.55,NA,5,"10m","Fish","Days",10,1970
"Pasch_1972",4,"Lotic","Ectotherm","Gut content (lethal)","Gray",45.55,NA,7,"10m","Fish","Days",12,1970
"Pasch_1972",7,"Lotic","Ectotherm","Gut content (lethal)","Gray",45.55,NA,6,"10m","Fish","Days",20,1970
"Pasch_1972",6,"Lotic","Ectotherm","Gut content (lethal)","Gray",45.55,NA,7,"10m","Fish","Days",31,1970
"Pasch_1972",5,"Lotic","Ectotherm","Gut content (lethal)","Gray",45.55,NA,5,"10m","Fish","Days",14,1970
"Reid_1956",4,"Marine","Ectotherm","Gut content (lethal)","Gray",29.52,NA,7,"1000m","Fish","Years",129,1955
"Reid_1956",4,"Marine","Ectotherm","Gut content (lethal)","Gray",29.52,NA,7,"1000m","Fish","Years",28,1955
"Reid_1956",4,"Marine","Ectotherm","Gut content (lethal)","Gray",29.52,NA,7,"1000m","Fish","Years",61,1955
"Reid_1956",4,"Marine","Ectotherm","Gut content (lethal)","Gray",29.52,NA,7,"1000m","Fish","Years",10,1955
"Reid_1956",4,"Marine","Ectotherm","Gut content (lethal)","Gray",29.52,NA,7,"1000m","Fish","Years",42,1955
"Rodger_2021",5,"Lotic","Ectotherm","Gut content (non-lethal)","Gray",36.35,NA,3,"10km","Fish","Months",42,2018
"Rodger_2021",10,"Lotic","Ectotherm","Gut content (non-lethal)","Gray",36.35,NA,7,"10km","Fish","Months",83,2018
"Rodger_2021",5,"Lotic","Ectotherm","Gut content (non-lethal)","Gray",36.35,NA,1,"10km","Fish","Months",32,2018
"Rodger_2021",2,"Lotic","Ectotherm","Gut content (non-lethal)","Gray",36.35,NA,1,"10km","Fish","Months",21,2018
"Rodger_2021",4,"Lotic","Ectotherm","Gut content (non-lethal)","Gray",36.35,NA,3,"10km","Fish","Months",32,2018
"Rodger_2021",2,"Lotic","Ectotherm","Gut content (non-lethal)","Gray",36.35,NA,10,"10km","Fish","Months",46,2018
"Rodger_2021",9,"Lotic","Ectotherm","Gut content (non-lethal)","Gray",36.35,NA,7,"10km","Fish","Months",83,2018
"Rodger_2021",3,"Lotic","Ectotherm","Gut content (non-lethal)","Gray",36.35,NA,10,"10km","Fish","Months",20,2018
"Roman_2020",62,"Marine","Ectotherm","Gut content (lethal)","Gray",-38,NA,9,"100km","Fish","Years",30,2012
"Roman_2020",62,"Marine","Ectotherm","Gut content (lethal)","Gray",-38,NA,9,"100km","Fish","Years",180,2012
"Scott_1903",3,"Marine","Ectotherm","Gut content (lethal)","Gray",60.34,NA,12,"10km","Fish","Days",13,1902
"Scott_1903",3,"Marine","Ectotherm","Gut content (lethal)","Gray",56,NA,12,"10km","Fish","Days",8,1902
"Usman_2018",3,"Marine","Ectotherm","Gut content (lethal)","Gray",2.56,NA,10,"10km","Fish","Days",20,2012
"Usman_2018",3,"Marine","Ectotherm","Gut content (lethal)","Gray",2.56,NA,1,"10km","Fish","Days",20,2012
"Usman_2018",2,"Marine","Ectotherm","Gut content (lethal)","Gray",2.56,NA,7,"10km","Fish","Days",20,2012
"Usman_2018",3,"Marine","Ectotherm","Gut content (lethal)","Gray",2.56,NA,11,"10km","Fish","Days",20,2012
"Usman_2018",3,"Marine","Ectotherm","Gut content (lethal)","Gray",2.56,NA,2,"10km","Fish","Days",19,2012
"Usman_2018",2,"Marine","Ectotherm","Gut content (lethal)","Gray",2.56,NA,3,"10km","Fish","Days",20,2012
"Usman_2018",3,"Marine","Ectotherm","Gut content (lethal)","Gray",2.56,NA,4,"10km","Fish","Days",20,2012
"Usman_2018",2,"Marine","Ectotherm","Gut content (lethal)","Gray",2.56,NA,12,"10km","Fish","Days",20,2012
"Usman_2018",3,"Marine","Ectotherm","Gut content (lethal)","Gray",2.56,NA,9,"10km","Fish","Days",20,2012
"Usman_2018",2,"Marine","Ectotherm","Gut content (lethal)","Gray",2.56,NA,6,"10km","Fish","Days",20,2012
"Usman_2018",3,"Marine","Ectotherm","Gut content (lethal)","Gray",2.56,NA,8,"10km","Fish","Days",20,2012
"Usman_2018",3,"Marine","Ectotherm","Gut content (lethal)","Gray",2.56,NA,5,"10km","Fish","Days",15,2012
"Valentim_2008",40,"Marine","Ectotherm","Gut content (lethal)","Gray",-22.92,NA,8,"10km","Fish","Months",38,2005
"Valentim_2008",40,"Marine","Ectotherm","Gut content (lethal)","Gray",-22.92,NA,11,"10km","Fish","Months",61,2005
"Valentim_2008",40,"Marine","Ectotherm","Gut content (lethal)","Gray",-22.92,NA,11,"10km","Fish","Months",37,2004
"Valentim_2008",40,"Marine","Ectotherm","Gut content (lethal)","Gray",-22.92,NA,2,"10km","Fish","Months",88,2006
"Valentim_2008",40,"Marine","Ectotherm","Gut content (lethal)","Gray",-22.92,NA,8,"10km","Fish","Months",94,2004
"Valentim_2008",40,"Marine","Ectotherm","Gut content (lethal)","Gray",-22.92,NA,5,"10km","Fish","Months",69,2004
"Valentim_2008",40,"Marine","Ectotherm","Gut content (lethal)","Gray",-22.92,NA,2,"10km","Fish","Months",37,2005
"Valentim_2008",40,"Marine","Ectotherm","Gut content (lethal)","Gray",-22.92,NA,5,"10km","Fish","Months",30,2005
"Wang_2017",13,"Marine","Ectotherm","Gut content (lethal)","Gray",23.55,NA,9,"1000m","Fish","Hours",18,2015
"Wang_2017",11,"Marine","Ectotherm","Gut content (lethal)","Gray",23.55,NA,10,"1000m","Fish","Hours",10,2015
"Wang_2017",15,"Marine","Ectotherm","Gut content (lethal)","Gray",23.55,NA,8,"1000m","Fish","Hours",25,2015
"Wang_2025",23,"Marine","Ectotherm","Gut content (lethal)","Gray",23.08,NA,2,"1000m","Fish","Days",133,2023
"Wang_2025",23,"Marine","Ectotherm","Gut content (lethal)","Gray",23.08,NA,4,"1000m","Fish","Days",156,2023
"Wang_2025",23,"Marine","Ectotherm","Gut content (lethal)","Gray",22.59,NA,10,"1000m","Fish","Days",62,2023
"Wang_2025",23,"Marine","Ectotherm","Gut content (lethal)","Gray",22.59,NA,6,"1000m","Fish","Days",133,2023
"Wang_2025",23,"Marine","Ectotherm","Gut content (lethal)","Gray",23.08,NA,1,"1000m","Fish","Days",159,2023
"Wang_2025",23,"Marine","Ectotherm","Gut content (lethal)","Gray",23.08,NA,11,"1000m","Fish","Days",160,2023
"Wang_2025",23,"Marine","Ectotherm","Gut content (lethal)","Gray",22.59,NA,9,"1000m","Fish","Days",77,2023
"Wang_2025",23,"Marine","Ectotherm","Gut content (lethal)","Gray",23.08,NA,5,"1000m","Fish","Days",81,2023
"Wang_2025",23,"Marine","Ectotherm","Gut content (lethal)","Gray",23.08,NA,3,"1000m","Fish","Days",130,2023
"Wang_2025",23,"Marine","Ectotherm","Gut content (lethal)","Gray",22.59,NA,5,"1000m","Fish","Days",77,2023
"Wang_2025",23,"Marine","Ectotherm","Gut content (lethal)","Gray",23.08,NA,8,"1000m","Fish","Days",159,2023
"Wang_2025",23,"Marine","Ectotherm","Gut content (lethal)","Gray",22.59,NA,4,"1000m","Fish","Days",70,2023
"Wang_2025",23,"Marine","Ectotherm","Gut content (lethal)","Gray",22.59,NA,7,"1000m","Fish","Days",70,2023
"Yang_1986",23,"Marine","Ectotherm","Gut content (lethal)","Gray",57.01,NA,7,"100m","Fish","Hours",9,1983
"Yang_1986",23,"Marine","Ectotherm","Gut content (lethal)","Gray",57.33,NA,7,"100m","Fish","Hours",3,1983
"Yang_1986",23,"Marine","Ectotherm","Gut content (lethal)","Gray",58.66,NA,7,"100m","Fish","Hours",3,1983
"Yang_1986",23,"Marine","Ectotherm","Gut content (lethal)","Gray",56.72,NA,7,"100m","Fish","Hours",7,1983
"Yang_1986",23,"Marine","Ectotherm","Gut content (lethal)","Gray",57.16,NA,7,"100m","Fish","Hours",13,1983
"Yang_1986",23,"Marine","Ectotherm","Gut content (lethal)","Gray",56.66,NA,7,"100m","Fish","Hours",4,1983
"Yang_1986",23,"Marine","Ectotherm","Gut content (lethal)","Gray",58.66,NA,7,"100m","Fish","Hours",9,1983
"Yang_1986",23,"Marine","Ectotherm","Gut content (lethal)","Gray",58.33,NA,7,"100m","Fish","Hours",13,1983
"Yang_1986",23,"Marine","Ectotherm","Gut content (lethal)","Gray",56.33,NA,7,"100m","Fish","Hours",13,1983
"Yang_1986",23,"Marine","Ectotherm","Gut content (lethal)","Gray",58.66,NA,7,"100m","Fish","Hours",2,1983
"Yang_1986",23,"Marine","Ectotherm","Gut content (lethal)","Gray",56.7,NA,7,"100m","Fish","Hours",7,1983
"Yang_1986",23,"Marine","Ectotherm","Gut content (lethal)","Gray",56.5,NA,7,"100m","Fish","Hours",36,1983
"Yang_1986",23,"Marine","Ectotherm","Gut content (lethal)","Gray",57.66,NA,7,"100m","Fish","Hours",9,1983
"Yang_1986",23,"Marine","Ectotherm","Gut content (lethal)","Gray",58.33,NA,7,"100m","Fish","Hours",9,1983
"Yang_1986",23,"Marine","Ectotherm","Gut content (lethal)","Gray",57.66,NA,7,"100m","Fish","Hours",2,1983
"Yang_1986",23,"Marine","Ectotherm","Gut content (lethal)","Gray",56.66,NA,7,"100m","Fish","Hours",11,1983
"Yang_1986",20,"Marine","Ectotherm","Gut content (lethal)","Gray",57.66,NA,7,"100m","Fish","Hours",6,1983
"Yang_1986",20,"Marine","Ectotherm","Gut content (lethal)","Gray",57.67,NA,7,"100m","Fish","Hours",5,1983
"Yang_1986",20,"Marine","Ectotherm","Gut content (lethal)","Gray",58.37,NA,7,"100m","Fish","Hours",14,1983
"Yang_1986",20,"Marine","Ectotherm","Gut content (lethal)","Gray",58.33,NA,7,"100m","Fish","Hours",8,1983
"Yang_1986",20,"Marine","Ectotherm","Gut content (lethal)","Gray",57.66,NA,7,"100m","Fish","Hours",6,1983
"Yang_1986",20,"Marine","Ectotherm","Gut content (lethal)","Gray",58.66,NA,7,"100m","Fish","Hours",11,1983
"Yang_1986",20,"Marine","Ectotherm","Gut content (lethal)","Gray",57.03,NA,7,"100m","Fish","Hours",11,1983
"Yang_1986",20,"Marine","Ectotherm","Gut content (lethal)","Gray",58.02,NA,7,"100m","Fish","Hours",7,1983
"Yang_1986",20,"Marine","Ectotherm","Gut content (lethal)","Gray",58.33,NA,7,"100m","Fish","Hours",13,1983
"Yang_1986",20,"Marine","Ectotherm","Gut content (lethal)","Gray",58.66,NA,7,"100m","Fish","Hours",3,1983
"Yang_1986",20,"Marine","Ectotherm","Gut content (lethal)","Gray",58.66,NA,7,"100m","Fish","Hours",4,1983
"Yang_1986",20,"Marine","Ectotherm","Gut content (lethal)","Gray",56.72,NA,7,"100m","Fish","Hours",11,1983
"Yang_1986",20,"Marine","Ectotherm","Gut content (lethal)","Gray",56.5,NA,7,"100m","Fish","Hours",20,1983
"Yang_1986",20,"Marine","Ectotherm","Gut content (lethal)","Gray",56.66,NA,7,"100m","Fish","Hours",20,1983
"Yang_1986",20,"Marine","Ectotherm","Gut content (lethal)","Gray",57.35,NA,7,"100m","Fish","Hours",7,1983
"Yang_1986",20,"Marine","Ectotherm","Gut content (lethal)","Gray",56.33,NA,7,"100m","Fish","Hours",27,1983
"Yang_1986",20,"Marine","Ectotherm","Gut content (lethal)","Gray",57.16,NA,7,"100m","Fish","Hours",9,1983
"Yang_1986",20,"Marine","Ectotherm","Gut content (lethal)","Gray",58.66,NA,7,"100m","Fish","Hours",4,1983
"Yang_1986",20,"Marine","Ectotherm","Gut content (lethal)","Gray",56.66,NA,7,"100m","Fish","Hours",12,1983
"Yang_1996",34,"Marine","Ectotherm","Gut content (lethal)","Gray",53,NA,8,"100km","Fish","Months",339,1991
"Yang_1996",22,"Marine","Ectotherm","Gut content (lethal)","Gray",53,NA,8,"100km","Fish","Months",119,1991
"Yang_1996",24,"Marine","Ectotherm","Gut content (lethal)","Gray",53,NA,8,"100km","Fish","Months",119,1991
"Chintiroglou_1992",12,"Marine","Ectotherm","Gut content (lethal)","Jeremy",40.26,NA,6,"1000m","Cnidarians","Months",61,1981
"Gorbatenko_2009",29,"Marine","Ectotherm","Gut content (lethal)","Jeremy",54.28,NA,7,"100km","Cnidarians","Months",331,2005
"Gorbatenko_2009",23,"Marine","Ectotherm","Gut content (lethal)","Jeremy",54.28,NA,7,"100km","Cnidarians","Months",77,2005
"Holohan_1998",3,"Marine","Ectotherm","Gut content (lethal)","Jeremy",41.6,NA,10,"10m","Cnidarians","Hours",30,1992
"Holohan_1998",3,"Marine","Ectotherm","Gut content (lethal)","Jeremy",41.6,NA,4,"10m","Cnidarians","Hours",50,1992
"Marques_2015",13,"Marine","Ectotherm","Gut content (lethal)","Jeremy",37.67,NA,6,"10m","Cnidarians","Months",5958,2013
"Mercier_2011",7,"Marine","Ectotherm","Gut content (lethal)","Jeremy",49.13,NA,12,"100m","Cnidarians","Months",68,2007
"Mercier_2011",4,"Marine","Ectotherm","Gut content (lethal)","Jeremy",54.9,NA,12,"100m","Cnidarians","Months",33,2007
"Mercier_2011",3,"Marine","Ectotherm","Gut content (lethal)","Jeremy",49.13,NA,12,"100m","Cnidarians","Months",17,2007
"Mercier_2011",4,"Marine","Ectotherm","Gut content (lethal)","Jeremy",49.13,NA,12,"100m","Cnidarians","Months",43,2007
"Moreno-Leon_2009",4,"Lentic","Ectotherm","Gut content (lethal)","Jeremy",25.17,NA,10,"100m","Cnidarians","Days",50,2006
"Nogueira-Junior_2008",1,"Marine","Ectotherm","Gut content (lethal)","Jeremy",-25.63,NA,2,"100km","Cnidarians","Years",29,2001
"Nogueira-Junior_2009",9,"Marine","Ectotherm","Gut content (lethal)","Jeremy",-25.63,NA,2,"100km","Cnidarians","Years",726,2001
"Orejas_2001",5,"Marine","Ectotherm","Gut content (lethal)","Jeremy",-71.12,NA,2,"10m","Cnidarians","Days",148,1998
"Orejas_2013",10,"Marine","Ectotherm","Gut content (lethal)","Jeremy",78.93,NA,8,"10m","Cnidarians","Hours",300,1998
"Orejas_2013",11,"Marine","Ectotherm","Gut content (lethal)","Jeremy",78.93,NA,8,"10m","Cnidarians","Hours",300,1997
"Pereze-Bote_2006",19,"Lentic","Ectotherm","Gut content (lethal)","Jeremy",38.97,NA,10,"100m","Cnidarians","Hours",41,2004
"Quesada_2014",19,"Marine","Ectotherm","Gut content (lethal)","Jeremy",9.25,NA,4,"10m","Cnidarians","Days",44,2012
"Quesada_2014",12,"Marine","Ectotherm","Gut content (lethal)","Jeremy",9.92,NA,4,"10m","Cnidarians","Days",35,2013
"Quesada_2014",19,"Marine","Ectotherm","Gut content (lethal)","Jeremy",9.25,NA,4,"10m","Cnidarians","Days",44,2012
"Quesada_2014",12,"Marine","Ectotherm","Gut content (lethal)","Jeremy",9.92,NA,4,"10m","Cnidarians","Days",35,2013
"Spadinger_1999",19,"Lentic","Ectotherm","Gut content (lethal)","Jeremy",48.3,NA,9,"100m","Cnidarians","Days",161,1997
"Garrido_2021",7,"Marine","Ectotherm","Direct observation","Kira",-41.67,NA,6,"100m","Echinoderms","Months",20,2010
"Garrido_2021",7,"Marine","Ectotherm","Direct observation","Kira",-41.67,NA,6,"100m","Echinoderms","Months",20,2010
"Garrido_2021",7,"Marine","Ectotherm","Direct observation","Kira",-41.67,NA,6,"100m","Echinoderms","Months",20,2010
"Garrido_2021",7,"Marine","Ectotherm","Direct observation","Kira",-41.67,NA,6,"100m","Echinoderms","Months",20,2010
"Reis_2020",6,"Marine","Ectotherm","Gut content (lethal)","Kira",-32.81,NA,10,"100km","Fish","Months",55,2019
"Reis_2020",6,"Marine","Ectotherm","Gut content (lethal)","Kira",-32.81,NA,10,"100km","Fish","Months",155,2019
"Moku_2000",14,"Marine","Ectotherm","Gut content (lethal)","Kurt",40,NA,7,"10km","Fish","Years",28,1995
"Moku_2000",14,"Marine","Ectotherm","Gut content (lethal)","Kurt",40,NA,7,"10km","Fish","Years",50,1995
"Moku_2000",14,"Marine","Ectotherm","Gut content (lethal)","Kurt",40,NA,7,"10km","Fish","Years",68,1995
"Moku_2000",14,"Marine","Ectotherm","Gut content (lethal)","Kurt",40,NA,7,"10km","Fish","Years",50,1995
"Moku_2000",14,"Marine","Ectotherm","Gut content (lethal)","Kurt",40,NA,7,"10km","Fish","Years",50,1995
"Moku_2000",14,"Marine","Ectotherm","Gut content (lethal)","Kurt",40,NA,7,"10km","Fish","Years",50,1995
"Moku_2000",14,"Marine","Ectotherm","Gut content (lethal)","Kurt",40,NA,7,"10km","Fish","Years",50,1995
"Noda_1992",21,"Marine","Ectotherm","Gut content (lethal)","Kurt",30.47,NA,9,"100m","Fish","Days",13,1986
"Noda_1992",21,"Marine","Ectotherm","Gut content (lethal)","Kurt",30.47,NA,10,"100m","Fish","Days",45,1986
"Noda_1992",21,"Marine","Ectotherm","Gut content (lethal)","Kurt",30.47,NA,7,"100m","Fish","Days",13,1986
"Noda_1992",21,"Marine","Ectotherm","Gut content (lethal)","Kurt",30.47,NA,8,"100m","Fish","Days",32,1986
"Noda_1992",21,"Marine","Ectotherm","Gut content (lethal)","Kurt",30.47,NA,6,"100m","Fish","Days",29,1986
"Young_1986",39,"Marine","Ectotherm","Gut content (lethal)","Kurt",-42.65,NA,10,"1000m","Fish","Months",538,1984
"Young_1986",40,"Marine","Ectotherm","Gut content (lethal)","Kurt",-42.65,NA,10,"1000m","Fish","Months",975,1984
"Carss_1993",23,"Marine","Endotherm","Gut content (lethal)","Kyle",56.33,NA,3,"10km","Birds","Years",38,1986
"Cherel_2003",29,"Marine","Ectotherm","Gut content (lethal)","Kyle",-45,NA,1,"100km","Molluscs","Years",18,1996
"Cherel_2003",29,"Marine","Ectotherm","Gut content (lethal)","Kyle",-45,NA,1,"100km","Molluscs","Years",25,1996
"Cherel_2003",29,"Marine","Ectotherm","Gut content (lethal)","Kyle",-45,NA,1,"100km","Molluscs","Years",27,1996
"Cherel_2003",29,"Marine","Ectotherm","Gut content (lethal)","Kyle",-45,NA,1,"100km","Molluscs","Years",17,1996
"Drits_1988",3,"Marine","Ectotherm","Gut content (lethal)","Kyle",43.27,NA,4,"10m","Chaetognaths","Hours",340,1988
"Drits_1988",5,"Marine","Ectotherm","Gut content (lethal)","Kyle",41.8,NA,4,"10m","Chaetognaths","Hours",536,1988
"Drits_1988",1,"Marine","Ectotherm","Gut content (lethal)","Kyle",43,NA,4,"10m","Chaetognaths","Hours",393,1988
"Drits_1988",3,"Marine","Ectotherm","Gut content (lethal)","Kyle",43.41,NA,4,"10m","Chaetognaths","Hours",242,1988
"Drits_1988",2,"Marine","Ectotherm","Gut content (lethal)","Kyle",44.43,NA,4,"10m","Chaetognaths","Hours",197,1988
"Drits_1988",2,"Marine","Ectotherm","Gut content (lethal)","Kyle",43.09,NA,4,"10m","Chaetognaths","Hours",631,1988
"Drits_1988",2,"Marine","Ectotherm","Gut content (lethal)","Kyle",43.5,NA,4,"10m","Chaetognaths","Hours",214,1988
"Drits_1988",2,"Marine","Ectotherm","Gut content (lethal)","Kyle",43.09,NA,4,"10m","Chaetognaths","Hours",739,1988
"Drits_1988",3,"Marine","Ectotherm","Gut content (lethal)","Kyle",42.4,NA,4,"10m","Chaetognaths","Hours",483,1988
"Drits_1988",2,"Marine","Ectotherm","Gut content (lethal)","Kyle",43.5,NA,4,"10m","Chaetognaths","Hours",216,1988
"Drits_1988",3,"Marine","Ectotherm","Gut content (lethal)","Kyle",42.4,NA,4,"10m","Chaetognaths","Hours",497,1988
"Drits_1988",1,"Marine","Ectotherm","Gut content (lethal)","Kyle",43.09,NA,4,"10m","Chaetognaths","Hours",62,1988
"Drits_1988",4,"Marine","Ectotherm","Gut content (lethal)","Kyle",42.47,NA,4,"10m","Chaetognaths","Hours",238,1988
"Drits_1988",3,"Marine","Ectotherm","Gut content (lethal)","Kyle",42.14,NA,4,"10m","Chaetognaths","Hours",309,1988
"Drits_1988",2,"Marine","Ectotherm","Gut content (lethal)","Kyle",43.33,NA,4,"10m","Chaetognaths","Hours",289,1988
"Drits_1988",3,"Marine","Ectotherm","Gut content (lethal)","Kyle",42.14,NA,4,"10m","Chaetognaths","Hours",408,1988
"Drits_1988",2,"Marine","Ectotherm","Gut content (lethal)","Kyle",44.43,NA,4,"10m","Chaetognaths","Hours",326,1988
"Feigenbaum_1979",3,"Marine","Ectotherm","Gut content (lethal)","Kyle",25.73,NA,2,"10km","Chaetognaths","Months",3088,1977
"Gale_2011",18,"Lotic","Ectotherm","Gut content (lethal)","Kyle",51.79,NA,7,"10m","Annelids","Hours",29,2008
"Gale_2011",7,"Lotic","Ectotherm","Gut content (lethal)","Kyle",50.8,NA,7,"10m","Annelids","Hours",15,2008
"Gale_2011",22,"Lotic","Ectotherm","Gut content (lethal)","Kyle",51.79,NA,7,"10m","Annelids","Hours",77,2008
"Gale_2011",14,"Lotic","Ectotherm","Gut content (lethal)","Kyle",50.8,NA,7,"10m","Annelids","Hours",96,2008
"Gale_2011",21,"Lotic","Ectotherm","Gut content (lethal)","Kyle",51.79,NA,7,"10m","Annelids","Hours",96,2008
"Gale_2011",10,"Lotic","Ectotherm","Gut content (lethal)","Kyle",50.8,NA,7,"10m","Annelids","Hours",100,2008
"Gale_2011",17,"Lotic","Ectotherm","Gut content (lethal)","Kyle",51.79,NA,7,"10m","Annelids","Hours",31,2008
"Gale_2011",23,"Lotic","Ectotherm","Gut content (lethal)","Kyle",53.5,NA,10,"10m","Annelids","Hours",149,2009
"Humphries_1992",8,"Marine","Endotherm","Gut content (lethal)","Kyle",-34.83,NA,12,"10km","Birds","Months",30,1989
"Humphries_1992",12,"Marine","Ectotherm","Gut content (lethal)","Kyle",-34.83,NA,12,"10km","Fish","Months",512,1989
"Kehayias_1996",15,"Marine","Ectotherm","Gut content (lethal)","Kyle",35.58,NA,2,"10km","Chaetognaths","Hours",411,1989
"Kehayias_1996",14,"Marine","Ectotherm","Gut content (lethal)","Kyle",35.58,NA,4,"10km","Chaetognaths","Hours",529,1989
"Kehayias_1996",10,"Marine","Ectotherm","Gut content (lethal)","Kyle",35.57,NA,9,"1000m","Chaetognaths","Hours",1087,1988
"Kehayias_1996",13,"Marine","Ectotherm","Gut content (lethal)","Kyle",35.58,NA,11,"10km","Chaetognaths","Hours",2453,1988
"Kehayias_1996",20,"Marine","Ectotherm","Gut content (lethal)","Kyle",35.58,NA,2,"10km","Chaetognaths","Hours",577,1989
"Kehayias_1996",12,"Marine","Ectotherm","Gut content (lethal)","Kyle",35.57,NA,4,"1000m","Chaetognaths","Hours",529,1989
"Kehayias_1996",13,"Marine","Ectotherm","Gut content (lethal)","Kyle",35.57,NA,2,"1000m","Chaetognaths","Hours",411,1988
"Kehayias_1996",10,"Marine","Ectotherm","Gut content (lethal)","Kyle",35.57,NA,9,"1000m","Chaetognaths","Hours",391,1988
"Kehayias_1996",11,"Marine","Ectotherm","Gut content (lethal)","Kyle",35.58,NA,9,"10km","Chaetognaths","Hours",1087,1988
"Kehayias_1996",9,"Marine","Ectotherm","Gut content (lethal)","Kyle",35.58,NA,7,"10km","Chaetognaths","Hours",244,1989
"Kehayias_1996",14,"Marine","Ectotherm","Gut content (lethal)","Kyle",35.57,NA,11,"1000m","Chaetognaths","Hours",406,1988
"Kehayias_1996",12,"Marine","Ectotherm","Gut content (lethal)","Kyle",35.58,NA,9,"10km","Chaetognaths","Hours",328,1988
"Kehayias_1996",18,"Marine","Ectotherm","Gut content (lethal)","Kyle",35.57,NA,2,"1000m","Chaetognaths","Hours",577,1989
"Kehayias_1996",16,"Marine","Ectotherm","Gut content (lethal)","Kyle",35.58,NA,11,"10km","Chaetognaths","Hours",406,1988
"Kehayias_1996",7,"Marine","Ectotherm","Gut content (lethal)","Kyle",35.57,NA,7,"1000m","Chaetognaths","Hours",244,1989
"Kehayias_1996",11,"Marine","Ectotherm","Gut content (lethal)","Kyle",35.57,NA,11,"1000m","Chaetognaths","Hours",2453,1988
"Kehayias_1996",13,"Marine","Ectotherm","Gut content (lethal)","Kyle",35.58,NA,5,"10km","Chaetognaths","Hours",396,1989
"Kehayias_1996",11,"Marine","Ectotherm","Gut content (lethal)","Kyle",35.57,NA,5,"1000m","Chaetognaths","Hours",396,1989
"Kehayias_1996",0,"Marine","Ectotherm","Gut content (lethal)","Kyle",35.57,NA,7,"1000m","Chaetognaths","Hours",2,1989
"Kehayias_1996",12,"Marine","Ectotherm","Gut content (lethal)","Kyle",35.58,NA,2,"10km","Chaetognaths","Hours",487,1989
"Kehayias_1996",4,"Marine","Ectotherm","Gut content (lethal)","Kyle",35.58,NA,9,"10km","Chaetognaths","Hours",83,1988
"Kehayias_1996",5,"Marine","Ectotherm","Gut content (lethal)","Kyle",35.57,NA,4,"1000m","Chaetognaths","Hours",366,1989
"Kehayias_1996",9,"Marine","Ectotherm","Gut content (lethal)","Kyle",35.57,NA,2,"1000m","Chaetognaths","Hours",487,1989
"Kehayias_1996",6,"Marine","Ectotherm","Gut content (lethal)","Kyle",35.58,NA,4,"10km","Chaetognaths","Hours",366,1989
"Kehayias_1996",1,"Marine","Ectotherm","Gut content (lethal)","Kyle",35.58,NA,11,"10km","Chaetognaths","Hours",7,1988
"Kehayias_1996",5,"Marine","Ectotherm","Gut content (lethal)","Kyle",35.57,NA,9,"1000m","Chaetognaths","Hours",263,1988
"Kehayias_1996",6,"Marine","Ectotherm","Gut content (lethal)","Kyle",35.58,NA,5,"10km","Chaetognaths","Hours",146,1989
"Kehayias_1996",0,"Marine","Ectotherm","Gut content (lethal)","Kyle",35.57,NA,11,"1000m","Chaetognaths","Hours",7,1988
"Kehayias_1996",7,"Marine","Ectotherm","Gut content (lethal)","Kyle",35.58,NA,9,"10km","Chaetognaths","Hours",263,1988
"Kehayias_1996",2,"Marine","Ectotherm","Gut content (lethal)","Kyle",35.57,NA,9,"1000m","Chaetognaths","Hours",83,1988
"Kehayias_1996",6,"Marine","Ectotherm","Gut content (lethal)","Kyle",35.58,NA,2,"10km","Chaetognaths","Hours",182,1989
"Kehayias_1996",0,"Marine","Ectotherm","Gut content (lethal)","Kyle",35.57,NA,11,"1000m","Chaetognaths","Hours",69,1988
"Kehayias_1996",4,"Marine","Ectotherm","Gut content (lethal)","Kyle",35.57,NA,5,"1000m","Chaetognaths","Hours",146,1989
"Kehayias_1996",4,"Marine","Ectotherm","Gut content (lethal)","Kyle",35.57,NA,2,"1000m","Chaetognaths","Hours",182,1988
"Kehayias_1996",1,"Marine","Ectotherm","Gut content (lethal)","Kyle",35.58,NA,7,"10km","Chaetognaths","Hours",2,1989
"Kehayias_1996",1,"Marine","Ectotherm","Gut content (lethal)","Kyle",35.58,NA,11,"10km","Chaetognaths","Hours",69,1988
"Kehayias_1996",1,"Marine","Ectotherm","Gut content (lethal)","Kyle",35.58,NA,11,"10km","Chaetognaths","Hours",59,1988
"Kehayias_1996",1,"Marine","Ectotherm","Gut content (lethal)","Kyle",35.58,NA,9,"10km","Chaetognaths","Hours",31,1988
"Kehayias_1996",1,"Marine","Ectotherm","Gut content (lethal)","Kyle",35.57,NA,9,"1000m","Chaetognaths","Hours",21,1988
"Kehayias_1996",1,"Marine","Ectotherm","Gut content (lethal)","Kyle",35.57,NA,9,"1000m","Chaetognaths","Hours",31,1988
"Kehayias_1996",5,"Marine","Ectotherm","Gut content (lethal)","Kyle",35.57,NA,4,"1000m","Chaetognaths","Hours",644,1989
"Kehayias_1996",7,"Marine","Ectotherm","Gut content (lethal)","Kyle",35.57,NA,2,"1000m","Chaetognaths","Hours",543,1989
"Kehayias_1996",1,"Marine","Ectotherm","Gut content (lethal)","Kyle",35.58,NA,7,"10km","Chaetognaths","Hours",6,1989
"Kehayias_1996",5,"Marine","Ectotherm","Gut content (lethal)","Kyle",35.58,NA,5,"10km","Chaetognaths","Hours",81,1989
"Kehayias_1996",1,"Marine","Ectotherm","Gut content (lethal)","Kyle",35.58,NA,9,"10km","Chaetognaths","Hours",21,1988
"Kehayias_1996",2,"Marine","Ectotherm","Gut content (lethal)","Kyle",35.57,NA,2,"1000m","Chaetognaths","Hours",951,1988
"Kehayias_1996",5,"Marine","Ectotherm","Gut content (lethal)","Kyle",35.58,NA,2,"10km","Chaetognaths","Hours",951,1989
"Kehayias_1996",9,"Marine","Ectotherm","Gut content (lethal)","Kyle",35.57,NA,11,"1000m","Chaetognaths","Hours",604,1988
"Kehayias_1996",0,"Marine","Ectotherm","Gut content (lethal)","Kyle",35.57,NA,7,"1000m","Chaetognaths","Hours",6,1989
"Kehayias_1996",7,"Marine","Ectotherm","Gut content (lethal)","Kyle",35.58,NA,4,"10km","Chaetognaths","Hours",644,1989
"Kehayias_1996",4,"Marine","Ectotherm","Gut content (lethal)","Kyle",35.57,NA,5,"1000m","Chaetognaths","Hours",81,1989
"Kehayias_1996",1,"Marine","Ectotherm","Gut content (lethal)","Kyle",35.57,NA,11,"1000m","Chaetognaths","Hours",59,1988
"Kehayias_1996",11,"Marine","Ectotherm","Gut content (lethal)","Kyle",35.58,NA,11,"10km","Chaetognaths","Hours",604,1988
"Oresland_2000",5,"Marine","Ectotherm","Gut content (lethal)","Kyle",-6,NA,10,"1000m","Chaetognaths","Days",2829,1995
"Phillips_2003",8,"Marine","Ectotherm","Gut content (lethal)","Kyle",-51.09,NA,10,"100km","Molluscs","Days",66,2001
"Rocha_1994",27,"Marine","Ectotherm","Gut content (lethal)","Kyle",42.7,NA,6,"100km","Molluscs","Months",107,1991
"Rocha_1994",27,"Marine","Ectotherm","Gut content (lethal)","Kyle",42.7,NA,6,"100km","Molluscs","Months",29,1991
"Rocha_1994",27,"Marine","Ectotherm","Gut content (lethal)","Kyle",42.7,NA,6,"100km","Molluscs","Months",53,1991
"Rosas-Luis_2015",23,"Marine","Ectotherm","Gut content (lethal)","Kyle",41.01,NA,7,"10km","Molluscs","Months",124,2013
"Stuart_1991",5,"Marine","Ectotherm","Gut content (lethal)","Kyle",-32.14,NA,5,"10km","Chaetognaths","Days",3805,1984
"Tonnesson_2005",7,"Marine","Ectotherm","Gut content (lethal)","Kyle",58.32,NA,10,"100m","Chaetognaths","Months",7825,1998
"Valls_2015",7,"Marine","Ectotherm","Gut content (lethal)","Kyle",39.5,NA,10,"100km","Molluscs","Years",35,2009
"Valls_2015",13,"Marine","Ectotherm","Gut content (lethal)","Kyle",39.5,NA,4,"100km","Molluscs","Years",204,2009
"Valls_2015",9,"Marine","Ectotherm","Gut content (lethal)","Kyle",39.5,NA,1,"100km","Molluscs","Years",102,2009
"Valls_2015",12,"Marine","Ectotherm","Gut content (lethal)","Kyle",39.5,NA,7,"100km","Molluscs","Years",131,2009
"Valls_2015",12,"Marine","Ectotherm","Gut content (lethal)","Kyle",39.5,NA,10,"100km","Molluscs","Years",134,2009
"Valls_2015",9,"Marine","Ectotherm","Gut content (lethal)","Kyle",39.5,NA,4,"100km","Molluscs","Years",193,2009
"Valls_2015",4,"Marine","Ectotherm","Gut content (lethal)","Kyle",39.5,NA,1,"100km","Molluscs","Years",42,2009
"Valls_2015",5,"Marine","Ectotherm","Gut content (lethal)","Kyle",39.5,NA,7,"100km","Molluscs","Years",59,2009
"Watanabe_2004",27,"Marine","Ectotherm","Gut content (lethal)","Kyle",38.93,NA,5,"1000km","Molluscs","Years",397,2000
"Alcaraz_2015",14,"Lotic","Ectotherm","Gut content (lethal)","Landon",29.46,NA,1,"1000m","Fish","Years",357,2007
"Ali_2016",15,"Marine","Ectotherm","Gut content (lethal)","Landon",12.7,NA,3,"1000m","Fish","Months",58,2005
"Ali_2016",35,"Marine","Ectotherm","Gut content (lethal)","Landon",12.7,NA,3,"1000m","Fish","Months",75,2005
"Ali_2016",51,"Marine","Ectotherm","Gut content (lethal)","Landon",12.7,NA,3,"1000m","Fish","Months",94,2005
"Ali_2016",42,"Marine","Ectotherm","Gut content (lethal)","Landon",12.7,NA,3,"1000m","Fish","Months",203,2005
"Ali_2016",60,"Marine","Ectotherm","Gut content (lethal)","Landon",12.7,NA,3,"1000m","Fish","Months",88,2005
"Ali_2016",11,"Marine","Ectotherm","Gut content (lethal)","Landon",12.7,NA,3,"1000m","Fish","Months",204,2005
"Ali_2016",32,"Marine","Ectotherm","Gut content (lethal)","Landon",12.7,NA,3,"1000m","Fish","Months",62,2005
"Ballesteros_2009",11,"Lotic","Ectotherm","Gut content (lethal)","Landon",6.47,NA,5,"1000m","Fish","Years",215,2004
"Barbosa_2015",28,"Lotic","Ectotherm","Gut content (lethal)","Landon",-1.69,NA,1,"1000m","Fish","Years",371,2011
"Burghart_2010",8,"Marine","Ectotherm","Gut content (lethal)","Landon",27,NA,7,"10km","Arthropods","Years",59,1998
"Burghart_2010",6,"Marine","Ectotherm","Gut content (lethal)","Landon",27,NA,7,"10km","Arthropods","Years",55,1998
"Burghart_2010",6,"Marine","Ectotherm","Gut content (lethal)","Landon",27,NA,7,"10km","Fish","Years",127,1998
"Burghart_2010",5,"Marine","Ectotherm","Gut content (lethal)","Landon",27,NA,7,"10km","Fish","Years",97,1998
"Burghart_2010",3,"Marine","Ectotherm","Gut content (lethal)","Landon",27,NA,7,"10km","Arthropods","Years",71,1998
"Burghart_2010",2,"Marine","Ectotherm","Gut content (lethal)","Landon",27,NA,7,"10km","Arthropods","Years",57,1998
"Burghart_2010",7,"Marine","Ectotherm","Gut content (lethal)","Landon",27,NA,7,"10km","Arthropods","Years",83,1998
"Burghart_2010",10,"Marine","Ectotherm","Gut content (lethal)","Landon",27,NA,7,"10km","Fish","Years",35,1998
"Cabeceira_2015",27,"Lotic","Ectotherm","Gut content (non-lethal)","Landon",-11.59,NA,7,"100m","Fish","Months",38,2011
"Espinoza_2015",18,"Marine","Ectotherm","Gut content (lethal)","Landon",9.29,NA,2,"100km","Fish","Months",341,2011
"Espinoza_2015",21,"Marine","Ectotherm","Gut content (lethal)","Landon",9.29,NA,2,"100km","Fish","Months",517,2011
"Espinoza_2015",9,"Marine","Ectotherm","Gut content (lethal)","Landon",9.29,NA,2,"100km","Fish","Months",105,2011
"Espinoza_2015",20,"Marine","Ectotherm","Gut content (lethal)","Landon",9.29,NA,2,"100km","Fish","Months",235,2011
"Kadri_2012",54,"Marine","Ectotherm","Gut content (lethal)","Landon",33.95,NA,7,"10km","Fish","Years",400,2007
"Kadri_2012",54,"Marine","Ectotherm","Gut content (lethal)","Landon",33.95,NA,7,"10km","Fish","Years",550,2007
"Kalogianni_2010",55,"Lotic","Ectotherm","Gut content (lethal)","Landon",38.41,NA,12,"1000m","Fish","Months",118,2006
"Keppeler_2013",52,"Lentic","Ectotherm","Gut content (lethal)","Landon",-31.41,NA,12,"10km","Fish","Years",293,2008
"Kerle_2000",7,"Lotic","Ectotherm","Gut content (lethal)","Landon",3.33,NA,12,"1000m","Fish","Months",88,1997
"Khan_2013",32,"Lotic","Ectotherm","Gut content (lethal)","Landon",34.04,NA,10,"100km","Fish","Months",216,2011
"Khan_2014",26,"Lotic","Ectotherm","Gut content (lethal)","Landon",34.03,NA,10,"100km","Fish","Months",216,2011
"King_2005",10,"Lotic","Ectotherm","Gut content (lethal)","Landon",-36.42,NA,12,"1000m","Fish","Months",127,1998
"King_2005",10,"Lotic","Ectotherm","Gut content (lethal)","Landon",-36.42,NA,12,"1000m","Fish","Months",95,1998
"King_2005",9,"Lotic","Ectotherm","Gut content (lethal)","Landon",-36.42,NA,12,"1000m","Fish","Months",83,1998
"King_2005",10,"Lotic","Ectotherm","Gut content (lethal)","Landon",-36.42,NA,12,"1000m","Fish","Months",142,1998
"Mesa_2015",18,"Marine","Ectotherm","Gut content (lethal)","Landon",-74.66,NA,2,"10km","Fish","Days",38,2004
"Moreira_2014",37,"Marine","Ectotherm","Gut content (lethal)","Landon",-62.24,NA,1,"100m","Fish","Months",82,2010
"Quirino_2015",14,"Lentic","Ectotherm","Gut content (lethal)","Landon",-22.74,NA,11,"100m","Fish","Months",29,2010
"Quirino_2015",14,"Lentic","Ectotherm","Gut content (lethal)","Landon",-22.74,NA,11,"100m","Fish","Months",38,2010
"Quirino_2015",14,"Lentic","Ectotherm","Gut content (lethal)","Landon",-22.74,NA,11,"100m","Fish","Months",33,2010
"Quirino_2015",14,"Lentic","Ectotherm","Gut content (lethal)","Landon",-22.74,NA,11,"100m","Fish","Months",31,2010
"Sapounidis_2015",12,"Lotic","Ectotherm","Gut content (lethal)","Landon",41.12,NA,7,"10km","Fish","Months",200,2007
"Shaiek_2015",14,"Lentic","Ectotherm","Gut content (lethal)","Landon",38.35,NA,9,"10km","Fish","Years",70,2011
"Shaiek_2015",19,"Lentic","Ectotherm","Gut content (lethal)","Landon",38.35,NA,9,"10km","Fish","Years",46,2011
"Shaiek_2015",18,"Lentic","Ectotherm","Gut content (lethal)","Landon",38.35,NA,9,"10km","Fish","Years",23,2011
"Shaiek_2015",21,"Lentic","Ectotherm","Gut content (lethal)","Landon",38.35,NA,9,"10km","Fish","Years",23,2011
"Shaiek_2015",22,"Lentic","Ectotherm","Gut content (lethal)","Landon",38.35,NA,9,"10km","Fish","Years",37,2011
"Shaiek_2015",13,"Lentic","Ectotherm","Gut content (lethal)","Landon",38.35,NA,9,"10km","Fish","Years",12,2011
"Anderson_1999",13,"Terrestrial","Ectotherm","Gut content (non-lethal)","Leah",18.5,NA,6,"1000m","Amphibians","Days",8,1996
"Anderson_1999",16,"Terrestrial","Ectotherm","Gut content (non-lethal)","Leah",18.5,NA,6,"1000m","Amphibians","Days",36,1996
"Blackburn_2006",12,"Terrestrial","Ectotherm","Gut content (lethal)","Leah",-16.08,NA,1,"1000m","Amphibians","Hours",10,2005
"Blackburn_2006",8,"Terrestrial","Ectotherm","Gut content (lethal)","Leah",-16.08,NA,1,"1000m","Amphibians","Hours",6,2005
"Blackburn_2006",8,"Terrestrial","Ectotherm","Gut content (lethal)","Leah",-16.08,NA,1,"1000m","Amphibians","Hours",10,2005
"Bwong_2012",19,"Terrestrial","Ectotherm","Gut content (lethal)","Leah",-3.33,NA,11,"1000m","Amphibians","Days",77,2007
"Castañeda_2006",24,"Terrestrial","Ectotherm","Gut content (lethal)","Leah",25.34,NA,11,"1000m","Amphibians","Days",43,2003
"Castro_2016",10,"Terrestrial","Ectotherm","Gut content (non-lethal)","Leah",-14.8,NA,8,"100m","Amphibians","Years",170,2010
"Crawford_2009",13,"Terrestrial","Ectotherm","Gut content (lethal)","Leah",35.75,NA,7,"100m","Amphibians","Days",71,2003
"Crawford_2009",13,"Terrestrial","Ectotherm","Gut content (lethal)","Leah",35.75,NA,7,"100m","Amphibians","Days",69,2003
"Duré_2001",13,"Lentic","Ectotherm","Gut content (lethal)","Leah",-27.5,NA,2,"10m","Amphibians","Months",75,1996
"Ferreira_2015",26,"Terrestrial","Ectotherm","Gut content (lethal)","Leah",20.8,NA,11,"1000m","Amphibians","Days",397,2010
"Lewis_2014",38,"Terrestrial","Ectotherm","Gut content (non-lethal)","Leah",35.06,NA,8,"1000m","Amphibians","Months",70,2010
"Lima_2010",9,"Terrestrial","Ectotherm","Gut content (non-lethal)","Leah",-14.8,NA,8,"1000m","Amphibians","Months",99,2008
"Lima_2010",11,"Terrestrial","Ectotherm","Gut content (non-lethal)","Leah",-14.8,NA,8,"1000m","Amphibians","Months",76,2008
"Mahan_2007",22,"Terrestrial","Ectotherm","Gut content (non-lethal)","Leah",39,NA,7,"100m","Amphibians","Days",107,2004
"Olson_2012",32,"Terrestrial","Ectotherm","Gut content (lethal)","Leah",19.55,NA,6,"1000m","Amphibians","Days",427,2009
"Río-García_2014",20,"Terrestrial","Ectotherm","Gut content (non-lethal)","Leah",5.03,NA,6,"100m","Amphibians","Days",5,2011
"Río-García_2014",20,"Terrestrial","Ectotherm","Gut content (non-lethal)","Leah",5.03,NA,3,"100m","Amphibians","Days",20,2011
"Río-García_2014",20,"Terrestrial","Ectotherm","Gut content (non-lethal)","Leah",5.03,NA,5,"100m","Amphibians","Days",20,2011
"Río-García_2014",20,"Terrestrial","Ectotherm","Gut content (non-lethal)","Leah",5.03,NA,4,"100m","Amphibians","Days",21,2011
"Río-García_2014",20,"Terrestrial","Ectotherm","Gut content (non-lethal)","Leah",5.03,NA,2,"100m","Amphibians","Days",77,2011
"Sousa_2015",4,"Terrestrial","Ectotherm","Gut content (lethal)","Leah",-8.12,NA,2,"100m","Amphibians","Days",2,2012
"Sousa_2015",11,"Terrestrial","Ectotherm","Gut content (lethal)","Leah",-8.12,NA,2,"100m","Amphibians","Days",28,2012
"Sousa_2015",11,"Terrestrial","Ectotherm","Gut content (lethal)","Leah",-8.12,NA,2,"100m","Amphibians","Days",37,2012
"Vrcibradic_2009",10,"Terrestrial","Ectotherm","Gut content (lethal)","Leah",-19.97,NA,11,"10m","Amphibians","Years",37,2002
"Abe_1989",16,"Marine","Ectotherm","Direct observation","Mark",33.4,NA,7,"10m","Molluscs","Hours",50,1983
"Abe_1989",16,"Marine","Ectotherm","Direct observation","Mark",33.4,NA,7,"10m","Molluscs","Hours",50,1983
"Abe_1989",7,"Marine","Ectotherm","Direct observation","Mark",33.4,NA,7,"10m","Molluscs","Hours",50,1983
"Abe_1989",16,"Marine","Ectotherm","Direct observation","Mark",33.4,NA,7,"10m","Molluscs","Hours",50,1983
"Abe_1989",7,"Marine","Ectotherm","Direct observation","Mark",33.4,NA,7,"10m","Molluscs","Hours",50,1983
"Abe_1989",16,"Marine","Ectotherm","Direct observation","Mark",33.4,NA,7,"10m","Molluscs","Hours",50,1983
"Abe_1989",7,"Marine","Ectotherm","Direct observation","Mark",33.4,NA,7,"10m","Molluscs","Hours",50,1983
"Abe_1989",16,"Marine","Ectotherm","Direct observation","Mark",33.4,NA,7,"10m","Molluscs","Hours",50,1983
"Abe_1989",7,"Marine","Ectotherm","Direct observation","Mark",33.4,NA,7,"10m","Molluscs","Hours",50,1983
"Abe_1989",7,"Marine","Ectotherm","Direct observation","Mark",33.4,NA,7,"10m","Molluscs","Hours",50,1983
"Abe_1989",9,"Marine","Ectotherm","Direct observation","Mark",33.4,NA,7,"10m","Molluscs","Hours",50,1983
"Abe_1989",9,"Marine","Ectotherm","Direct observation","Mark",33.4,NA,7,"10m","Molluscs","Hours",50,1983
"Abe_1989",9,"Marine","Ectotherm","Direct observation","Mark",33.4,NA,7,"10m","Molluscs","Hours",50,1983
"Abe_1989",9,"Marine","Ectotherm","Direct observation","Mark",33.4,NA,7,"10m","Molluscs","Hours",50,1983
"Abe_1989",9,"Marine","Ectotherm","Direct observation","Mark",33.4,NA,7,"10m","Molluscs","Hours",50,1983
"Annett_1984",7,"Marine","Ectotherm","Gut content (non-lethal)","Mark",-36.56,NA,10,"100m","Echinoderms","Hours",109,1981
"Annett_1984",6,"Marine","Ectotherm","Gut content (non-lethal)","Mark",-36.6,NA,5,"100m","Echinoderms","Hours",134,1980
"Bisa_2007",17,"Lotic","Ectotherm","Gut content (non-lethal)","Mark",21.02,NA,7,"100m","Amphibians","Months",16,2004
"Bisa_2007",17,"Lotic","Ectotherm","Gut content (non-lethal)","Mark",21.02,NA,7,"100m","Amphibians","Months",21,2004
"Bisa_2007",16,"Lotic","Ectotherm","Gut content (non-lethal)","Mark",21.12,NA,7,"100m","Amphibians","Months",17,2004
"Bisa_2007",16,"Lotic","Ectotherm","Gut content (non-lethal)","Mark",21.12,NA,7,"100m","Amphibians","Months",20,2004
"Brewer_1989",20,"Marine","Ectotherm","Gut content (lethal)","Mark",41.34,NA,4,"10m","Cnidarians","Years",3220,1983
"Caron_2004",8,"Marine","Ectotherm","Gut content (lethal)","Mark",48.37,NA,8,"1m","Annelids","Minutes",10,1993
"Caron_2004",8,"Marine","Ectotherm","Gut content (lethal)","Mark",48.37,NA,8,"1m","Annelids","Minutes",10,1993
"Caron_2004",8,"Marine","Ectotherm","Gut content (lethal)","Mark",48.37,NA,8,"1m","Annelids","Minutes",10,1993
"Caron_2004",8,"Marine","Ectotherm","Gut content (lethal)","Mark",48.37,NA,8,"1m","Annelids","Minutes",10,1993
"Caron_2004",8,"Marine","Ectotherm","Gut content (lethal)","Mark",48.37,NA,8,"1m","Annelids","Minutes",10,1993
"Caron_2004",8,"Marine","Ectotherm","Gut content (lethal)","Mark",48.37,NA,8,"1m","Annelids","Minutes",10,1993
"Caron_2004",8,"Marine","Ectotherm","Gut content (lethal)","Mark",48.37,NA,8,"1m","Annelids","Minutes",10,1993
"Caron_2004",8,"Marine","Ectotherm","Gut content (lethal)","Mark",48.37,NA,8,"1m","Annelids","Minutes",10,1993
"Caron_2004",8,"Marine","Ectotherm","Gut content (lethal)","Mark",48.37,NA,8,"1m","Annelids","Minutes",10,1993
"Caron_2004",8,"Marine","Ectotherm","Gut content (lethal)","Mark",48.37,NA,8,"1m","Annelids","Minutes",10,1993
"Caron_2004",8,"Marine","Ectotherm","Gut content (lethal)","Mark",48.37,NA,8,"1m","Annelids","Minutes",10,1993
"Caron_2004",8,"Marine","Ectotherm","Gut content (lethal)","Mark",48.37,NA,8,"1m","Annelids","Minutes",10,1993
"Caron_2004",8,"Marine","Ectotherm","Gut content (lethal)","Mark",48.37,NA,8,"1m","Annelids","Minutes",10,1993
"Caron_2004",8,"Marine","Ectotherm","Gut content (lethal)","Mark",48.37,NA,8,"1m","Annelids","Minutes",10,1993
"Caron_2004",8,"Marine","Ectotherm","Gut content (lethal)","Mark",48.37,NA,8,"1m","Annelids","Minutes",10,1993
"Caron_2004",8,"Marine","Ectotherm","Gut content (lethal)","Mark",48.37,NA,8,"1m","Annelids","Minutes",10,1993
"Caron_2004",8,"Marine","Ectotherm","Gut content (lethal)","Mark",48.37,NA,8,"1m","Annelids","Minutes",10,1993
"Caron_2004",8,"Marine","Ectotherm","Gut content (lethal)","Mark",48.37,NA,8,"1m","Annelids","Minutes",10,1993
"Caron_2004",8,"Marine","Ectotherm","Gut content (lethal)","Mark",48.37,NA,8,"1m","Annelids","Minutes",10,1993
"Caron_2004",8,"Marine","Ectotherm","Gut content (lethal)","Mark",48.37,NA,8,"1m","Annelids","Minutes",10,1993
"Caron_2004",8,"Marine","Ectotherm","Gut content (lethal)","Mark",48.37,NA,8,"1m","Annelids","Minutes",10,1993
"Caron_2004",8,"Marine","Ectotherm","Gut content (lethal)","Mark",48.37,NA,8,"1m","Annelids","Minutes",10,1993
"Caron_2004",8,"Marine","Ectotherm","Gut content (lethal)","Mark",48.37,NA,8,"1m","Annelids","Minutes",10,1993
"Caron_2004",8,"Marine","Ectotherm","Gut content (lethal)","Mark",48.37,NA,8,"1m","Annelids","Minutes",10,1993
"Caron_2004",8,"Marine","Ectotherm","Gut content (lethal)","Mark",48.37,NA,8,"1m","Annelids","Minutes",10,1993
"Caron_2004",8,"Marine","Ectotherm","Gut content (lethal)","Mark",48.37,NA,8,"1m","Annelids","Minutes",10,1993
"Caron_2004",8,"Marine","Ectotherm","Gut content (lethal)","Mark",48.37,NA,8,"1m","Annelids","Minutes",10,1993
"Caron_2004",10,"Marine","Ectotherm","Gut content (lethal)","Mark",48.37,NA,8,"100m","Annelids","Months",353,1993
"Caron_2004",8,"Marine","Ectotherm","Gut content (lethal)","Mark",48.37,NA,8,"1m","Annelids","Minutes",10,1993
"Caron_2004",8,"Marine","Ectotherm","Gut content (lethal)","Mark",48.37,NA,8,"1m","Annelids","Minutes",10,1993
"Caron_2004",8,"Marine","Ectotherm","Gut content (lethal)","Mark",48.37,NA,8,"1m","Annelids","Minutes",10,1993
"Caron_2004",8,"Marine","Ectotherm","Gut content (lethal)","Mark",48.37,NA,8,"1m","Annelids","Minutes",10,1993
"Caron_2004",8,"Marine","Ectotherm","Gut content (lethal)","Mark",48.37,NA,8,"1m","Annelids","Minutes",10,1993
"Caron_2004",8,"Marine","Ectotherm","Gut content (lethal)","Mark",48.37,NA,8,"1m","Annelids","Minutes",10,1993
"Caron_2004",8,"Marine","Ectotherm","Gut content (lethal)","Mark",48.37,NA,8,"1m","Annelids","Minutes",10,1993
"Caron_2004",8,"Marine","Ectotherm","Gut content (lethal)","Mark",48.37,NA,8,"1m","Annelids","Minutes",10,1993
"Caron_2004",8,"Marine","Ectotherm","Gut content (lethal)","Mark",48.37,NA,8,"1m","Annelids","Minutes",10,1993
"Caron_2004",8,"Marine","Ectotherm","Gut content (lethal)","Mark",48.37,NA,8,"1m","Annelids","Minutes",10,1993
"Caron_2004",8,"Marine","Ectotherm","Gut content (lethal)","Mark",48.37,NA,8,"1m","Annelids","Minutes",10,1993
"Caron_2004",8,"Marine","Ectotherm","Gut content (lethal)","Mark",48.37,NA,8,"1m","Annelids","Minutes",10,1993
"Caron_2004",8,"Marine","Ectotherm","Gut content (lethal)","Mark",48.37,NA,8,"1m","Annelids","Minutes",10,1993
"Caron_2004",8,"Marine","Ectotherm","Gut content (lethal)","Mark",48.37,NA,8,"1m","Annelids","Minutes",10,1993
"Caron_2004",8,"Marine","Ectotherm","Gut content (lethal)","Mark",48.37,NA,8,"1m","Annelids","Minutes",10,1993
"Caron_2004",8,"Marine","Ectotherm","Gut content (lethal)","Mark",48.37,NA,8,"1m","Annelids","Minutes",10,1993
"Caron_2004",8,"Marine","Ectotherm","Gut content (lethal)","Mark",48.37,NA,8,"1m","Annelids","Minutes",10,1993
"Caron_2004",8,"Marine","Ectotherm","Gut content (lethal)","Mark",48.37,NA,8,"1m","Annelids","Minutes",10,1993
"Caron_2004",8,"Marine","Ectotherm","Gut content (lethal)","Mark",48.37,NA,8,"1m","Annelids","Minutes",10,1993
"Caron_2004",8,"Marine","Ectotherm","Gut content (lethal)","Mark",48.37,NA,8,"1m","Annelids","Minutes",10,1993
"Caron_2004",8,"Marine","Ectotherm","Gut content (lethal)","Mark",48.37,NA,8,"1m","Annelids","Minutes",10,1993
"Caron_2004",8,"Marine","Ectotherm","Gut content (lethal)","Mark",48.37,NA,8,"1m","Annelids","Minutes",10,1993
"Caron_2004",8,"Marine","Ectotherm","Gut content (lethal)","Mark",48.37,NA,8,"1m","Annelids","Minutes",10,1993
"Caron_2004",8,"Marine","Ectotherm","Gut content (lethal)","Mark",48.37,NA,8,"1m","Annelids","Minutes",10,1993
"Caron_2004",8,"Marine","Ectotherm","Gut content (lethal)","Mark",48.37,NA,8,"1m","Annelids","Minutes",10,1993
"Caron_2004",8,"Marine","Ectotherm","Gut content (lethal)","Mark",48.37,NA,8,"100m","Annelids","Months",261,1991
"Connell_1970",1,"Marine","Ectotherm","Direct observation","Mark",48.5,NA,8,"1m","Molluscs","Days",99,1961
"Connell_1970",1,"Marine","Ectotherm","Direct observation","Mark",48.5,NA,8,"1m","Molluscs","Days",99,1961
"Connell_1970",1,"Marine","Ectotherm","Direct observation","Mark",48.5,NA,8,"1m","Molluscs","Days",89,1960
"Connell_1970",1,"Marine","Ectotherm","Direct observation","Mark",48.5,NA,7,"1m","Molluscs","Days",35,1960
"Connell_1970",1,"Marine","Ectotherm","Direct observation","Mark",48.5,NA,7,"1m","Molluscs","Hours",1045,1960
"Connell_1970",1,"Marine","Ectotherm","Direct observation","Mark",48.5,NA,8,"1m","Molluscs","Days",89,1960
"Costa_2014",24,"Terrestrial","Ectotherm","Gut content (non-lethal)","Mark",41.76,NA,10,"1000m","Amphibians","Hours",60,2012
"Dayton_1977",9,"Marine","Ectotherm","Direct observation","Mark",-32.93,NA,11,"1000m","Echinoderms","Hours",57,1972
"Dayton_1977",14,"Marine","Ectotherm","Direct observation","Mark",-36.68,NA,11,"1000m","Echinoderms","Hours",138,1972
"Dayton_1977",10,"Marine","Ectotherm","Direct observation","Mark",-47.36,NA,5,"1000m","Echinoderms","Hours",148,1972
"Dayton_1977",4,"Marine","Ectotherm","Direct observation","Mark",-42.85,NA,5,"100m","Echinoderms","Hours",52,1972
"Dayton_1977",17,"Marine","Ectotherm","Direct observation","Mark",-46.58,NA,5,"100m","Echinoderms","Hours",328,1972
"Dayton_1977",11,"Marine","Ectotherm","Direct observation","Mark",-45.28,NA,5,"1000m","Echinoderms","Hours",86,1972
"Eichelbaum_1909",5,"Marine","Ectotherm","Gut content (lethal)","Mark",56.85,NA,2,"10km","Echinoderms","Years",14,1906
"Eichelbaum_1909",5,"Marine","Ectotherm","Gut content (lethal)","Mark",56.85,NA,2,"10km","Echinoderms","Years",33,1906
"Eichelbaum_1909",5,"Marine","Ectotherm","Gut content (lethal)","Mark",54.5,NA,2,"100m","Echinoderms","Days",27,1906
"Eichelbaum_1909",0,"Marine","Ectotherm","Gut content (lethal)","Mark",59,NA,2,"1000m","Echinoderms","Days",11,1906
"Eichelbaum_1909",16,"Marine","Ectotherm","Gut content (lethal)","Mark",59,NA,2,"1000m","Echinoderms","Days",11,1906
"Fairweather_1985",1,"Marine","Ectotherm","Direct observation","Mark",-34,NA,6,"1m","Molluscs","Hours",86,1981
"Fairweather_1985",2,"Marine","Ectotherm","Direct observation","Mark",-34,NA,4,"1m","Molluscs","Hours",566,1981
"Fairweather_1985",1,"Marine","Ectotherm","Direct observation","Mark",-34,NA,8,"1m","Molluscs","Hours",66,1981
"Fairweather_1985",2,"Marine","Ectotherm","Direct observation","Mark",-34,NA,4,"1m","Molluscs","Hours",582,1981
"Fairweather_1985",1,"Marine","Ectotherm","Direct observation","Mark",-34,NA,4,"1m","Molluscs","Hours",561,1981
"Fairweather_1985",1,"Marine","Ectotherm","Direct observation","Mark",-34,NA,9,"1m","Molluscs","Hours",53,1981
"Fairweather_1985",1,"Marine","Ectotherm","Direct observation","Mark",-34,NA,7,"1m","Molluscs","Hours",78,1981
"Fairweather_1985",1,"Marine","Ectotherm","Direct observation","Mark",-34,NA,7,"1m","Molluscs","Hours",83,1981
"Fairweather_1985",1,"Marine","Ectotherm","Direct observation","Mark",-34,NA,10,"1m","Molluscs","Hours",47,1981
"Fairweather_1985",1,"Marine","Ectotherm","Direct observation","Mark",-34,NA,8,"1m","Molluscs","Hours",83,1981
"Fairweather_1985",2,"Marine","Ectotherm","Direct observation","Mark",-34,NA,6,"1m","Molluscs","Hours",432,1981
"Fairweather_1985",1,"Marine","Ectotherm","Direct observation","Mark",-34,NA,4,"1m","Molluscs","Hours",549,1981
"Fairweather_1985",2,"Marine","Ectotherm","Direct observation","Mark",-34,NA,5,"1m","Molluscs","Hours",531,1981
"Fairweather_1985",1,"Marine","Ectotherm","Direct observation","Mark",-34,NA,7,"1m","Molluscs","Hours",382,1981
"Fairweather_1985",1,"Marine","Ectotherm","Direct observation","Mark",-34,NA,5,"1m","Molluscs","Hours",478,1981
"Fairweather_1985",2,"Marine","Ectotherm","Direct observation","Mark",-34,NA,6,"1m","Molluscs","Hours",499,1981
"Fairweather_1985",1,"Marine","Ectotherm","Direct observation","Mark",-34,NA,6,"1m","Molluscs","Hours",430,1981
"Fairweather_1985",1,"Marine","Ectotherm","Direct observation","Mark",-34,NA,10,"1m","Molluscs","Hours",28,1981
"Fairweather_1985",1,"Marine","Ectotherm","Direct observation","Mark",-34,NA,6,"1m","Molluscs","Hours",89,1981
"Fairweather_1985",1,"Marine","Ectotherm","Direct observation","Mark",-34,NA,5,"1m","Molluscs","Hours",532,1981
"Fairweather_1985",1,"Marine","Ectotherm","Direct observation","Mark",-34,NA,9,"1m","Molluscs","Hours",70,1981
"Fairweather_1985",2,"Marine","Ectotherm","Direct observation","Mark",-34,NA,5,"1m","Molluscs","Hours",565,1981
"Fairweather_1985",2,"Marine","Ectotherm","Direct observation","Mark",-34,NA,7,"1m","Molluscs","Hours",419,1981
"Fairweather_1985",1,"Marine","Ectotherm","Direct observation","Mark",-34,NA,6,"1m","Molluscs","Hours",406,1981
"Froneman_1999",9,"Marine","Ectotherm","Gut content (lethal)","Mark",-46.75,NA,5,"100km","Chaetognaths","Months",1479,1996
"Gil_2007",3,"Marine","Ectotherm","Direct observation","Mark",-47.4,NA,1,"10m","Echinoderms","Hours",331,2001
"Gil_2007",3,"Marine","Ectotherm","Direct observation","Mark",-47.4,NA,8,"10m","Echinoderms","Hours",331,2001
"Gil_2007",3,"Marine","Ectotherm","Direct observation","Mark",-47.4,NA,3,"10m","Echinoderms","Hours",331,2001
"Gil_2007",3,"Marine","Ectotherm","Direct observation","Mark",-47.4,NA,5,"10m","Echinoderms","Hours",331,2001
"Gil_2007",3,"Marine","Ectotherm","Direct observation","Mark",-47.4,NA,2,"10m","Echinoderms","Hours",331,2001
"Gil_2007",3,"Marine","Ectotherm","Direct observation","Mark",-47.4,NA,6,"10m","Echinoderms","Hours",331,2001
"Gil_2007",3,"Marine","Ectotherm","Direct observation","Mark",-47.4,NA,4,"10m","Echinoderms","Hours",331,2001
"Gil_2007",3,"Marine","Ectotherm","Direct observation","Mark",-47.4,NA,7,"10m","Echinoderms","Hours",331,2001
"Gil_2007",3,"Marine","Ectotherm","Direct observation","Mark",-47.4,NA,9,"10m","Echinoderms","Hours",331,2001
"Gil_2007",3,"Marine","Ectotherm","Direct observation","Mark",-47.4,NA,10,"10m","Echinoderms","Hours",331,2001
"Gil_2007",3,"Marine","Ectotherm","Direct observation","Mark",-47.4,NA,11,"10m","Echinoderms","Hours",331,2000
"Gil_2007",3,"Marine","Ectotherm","Direct observation","Mark",-47.4,NA,12,"10m","Echinoderms","Hours",331,2000
"Gong_2023",60,"Marine","Ectotherm","Gut content (lethal)","Mark",14.51,NA,4,"100m","Fish","Hours",20,2016
"Gong_2023",60,"Marine","Ectotherm","Gut content (lethal)","Mark",13.21,NA,4,"100m","Fish","Hours",49,2016
"Gong_2023",60,"Marine","Ectotherm","Gut content (lethal)","Mark",11.09,NA,4,"100m","Fish","Hours",50,2016
"Gong_2023",60,"Marine","Ectotherm","Gut content (lethal)","Mark",11.72,NA,4,"100m","Fish","Hours",29,2016
"Gong_2023",60,"Marine","Ectotherm","Gut content (lethal)","Mark",10.65,NA,4,"100m","Fish","Hours",50,2016
"Gong_2023",60,"Marine","Ectotherm","Gut content (lethal)","Mark",13.63,NA,11,"100m","Fish","Hours",25,2017
"Gong_2023",60,"Marine","Ectotherm","Gut content (lethal)","Mark",14.52,NA,4,"100m","Fish","Hours",20,2016
"Gong_2023",60,"Marine","Ectotherm","Gut content (lethal)","Mark",14.79,NA,10,"100m","Fish","Hours",37,2016
"Gong_2023",60,"Marine","Ectotherm","Gut content (lethal)","Mark",10.73,NA,4,"100m","Fish","Hours",30,2016
"Gong_2023",60,"Marine","Ectotherm","Gut content (lethal)","Mark",8.28,NA,11,"100m","Fish","Hours",48,2016
"Gong_2023",118,"Marine","Ectotherm","Gut content (lethal)","Mark",18.97,NA,3,"100m","Fish","Hours",17,2017
"Gong_2023",118,"Marine","Ectotherm","Gut content (lethal)","Mark",11.83,NA,3,"100m","Fish","Hours",19,2016
"Gong_2023",118,"Marine","Ectotherm","Gut content (lethal)","Mark",13.32,NA,11,"100m","Fish","Hours",23,2016
"Gong_2023",118,"Marine","Ectotherm","Gut content (lethal)","Mark",18.75,NA,8,"100m","Fish","Hours",51,2015
"Gong_2023",118,"Marine","Ectotherm","Gut content (lethal)","Mark",11.09,NA,4,"100m","Fish","Hours",47,2016
"Gong_2023",118,"Marine","Ectotherm","Gut content (lethal)","Mark",14.79,NA,10,"100m","Fish","Hours",9,2016
"Gong_2023",118,"Marine","Ectotherm","Gut content (lethal)","Mark",13.63,NA,11,"100m","Fish","Hours",6,2017
"Gong_2023",118,"Marine","Ectotherm","Gut content (lethal)","Mark",8.28,NA,11,"100m","Fish","Hours",42,2016
"Gong_2023",118,"Marine","Ectotherm","Gut content (lethal)","Mark",18.61,NA,8,"100m","Fish","Hours",50,2015
"Gong_2023",118,"Marine","Ectotherm","Gut content (lethal)","Mark",12.43,NA,10,"100m","Fish","Hours",49,2016
"Gregory_2014",9,"Marine","Ectotherm","Gut content (lethal)","Mark",54.37,NA,1,"100km","Fish","Years",970,2009
"Gregory_2014",10,"Marine","Ectotherm","Gut content (lethal)","Mark",54.37,NA,9,"100km","Fish","Years",321,2009
"Hardy_2006",1,"Terrestrial","Ectotherm","Gut content (lethal)","Mark",0.36,NA,7,"10km","Amphibians","Months",3,1987
"Hardy_2006",10,"Terrestrial","Ectotherm","Gut content (lethal)","Mark",0.36,NA,7,"10km","Amphibians","Months",7,1987
"Hardy_2006",12,"Terrestrial","Ectotherm","Gut content (lethal)","Mark",0.36,NA,7,"10km","Amphibians","Months",35,1987
"Hardy_2006",3,"Terrestrial","Ectotherm","Gut content (lethal)","Mark",0.36,NA,7,"10km","Amphibians","Months",2,1987
"Hirai_2000",17,"Terrestrial","Ectotherm","Gut content (lethal)","Mark",35.18,NA,7,"1000m","Amphibians","Years",85,1995
"Hirai_2000",11,"Terrestrial","Ectotherm","Gut content (lethal)","Mark",35.18,NA,5,"1000m","Amphibians","Years",11,1995
"Hirai_2000",11,"Terrestrial","Ectotherm","Gut content (lethal)","Mark",35.18,NA,7,"1000m","Amphibians","Years",4,1995
"Hirai_2000",11,"Terrestrial","Ectotherm","Gut content (lethal)","Mark",35.18,NA,6,"1000m","Amphibians","Years",7,1995
"Hirai_2000",17,"Terrestrial","Ectotherm","Gut content (lethal)","Mark",35.18,NA,5,"1000m","Amphibians","Years",144,1995
"Hirai_2000",17,"Terrestrial","Ectotherm","Gut content (lethal)","Mark",35.18,NA,6,"1000m","Amphibians","Years",103,1995
"Ito_2009",13,"Terrestrial","Ectotherm","Gut content (lethal)","Mark",34.35,NA,7,"100m","Amphibians","Days",42,2001
"Keough_1979",11,"Marine","Ectotherm","Direct observation","Mark",-35.52,NA,1,"10m","Echinoderms","Months",173,1976
"Keough_1979",10,"Marine","Ectotherm","Direct observation","Mark",-35.52,NA,7,"10m","Echinoderms","Months",233,1976
"Laptikhovsky_2015",24,"Marine","Ectotherm","Direct observation","Mark",-51.7,NA,2,"100m","Echinoderms","Years",34,2011
"Laptikhovsky_2015",24,"Marine","Ectotherm","Direct observation","Mark",-51.7,NA,7,"100m","Echinoderms","Years",101,2011
"Laptikhovsky_2015",24,"Marine","Ectotherm","Direct observation","Mark",-51.7,NA,10,"100m","Echinoderms","Years",150,2011
"Laptikhovsky_2015",24,"Marine","Ectotherm","Direct observation","Mark",-51.7,NA,12,"100m","Echinoderms","Years",181,2011
"Laptikhovsky_2015",24,"Marine","Ectotherm","Direct observation","Mark",-51.7,NA,6,"100m","Echinoderms","Years",27,2011
"Laptikhovsky_2015",24,"Marine","Ectotherm","Direct observation","Mark",-51.7,NA,8,"100m","Echinoderms","Years",136,2011
"Laptikhovsky_2015",24,"Marine","Ectotherm","Direct observation","Mark",-52.08,NA,12,"1000m","Echinoderms","Years",91,2011
"Laptikhovsky_2015",24,"Marine","Ectotherm","Direct observation","Mark",-52.08,NA,10,"1000m","Echinoderms","Years",122,2011
"Laptikhovsky_2015",24,"Marine","Ectotherm","Direct observation","Mark",-52.08,NA,9,"1000m","Echinoderms","Years",11,2011
"Laptikhovsky_2015",24,"Marine","Ectotherm","Direct observation","Mark",-51.7,NA,11,"100m","Echinoderms","Years",123,2011
"Laptikhovsky_2015",24,"Marine","Ectotherm","Direct observation","Mark",-51.7,NA,4,"100m","Echinoderms","Years",131,2011
"Laptikhovsky_2015",24,"Marine","Ectotherm","Direct observation","Mark",-51.7,NA,1,"100m","Echinoderms","Years",201,2011
"Laptikhovsky_2015",24,"Marine","Ectotherm","Direct observation","Mark",-52.08,NA,5,"1000m","Echinoderms","Years",48,2011
"Laptikhovsky_2015",24,"Marine","Ectotherm","Direct observation","Mark",-52.08,NA,7,"1000m","Echinoderms","Years",44,2011
"Laptikhovsky_2015",24,"Marine","Ectotherm","Direct observation","Mark",-51.7,NA,3,"100m","Echinoderms","Years",61,2011
"Laptikhovsky_2015",24,"Marine","Ectotherm","Direct observation","Mark",-52.08,NA,1,"1000m","Echinoderms","Years",45,2011
"Laptikhovsky_2015",24,"Marine","Ectotherm","Direct observation","Mark",-51.7,NA,9,"100m","Echinoderms","Years",220,2011
"Laptikhovsky_2015",24,"Marine","Ectotherm","Direct observation","Mark",-52.08,NA,4,"1000m","Echinoderms","Years",20,2011
"Laptikhovsky_2015",24,"Marine","Ectotherm","Direct observation","Mark",-52.08,NA,3,"1000m","Echinoderms","Years",65,2011
"Laptikhovsky_2015",24,"Marine","Ectotherm","Direct observation","Mark",-52.08,NA,2,"1000m","Echinoderms","Years",6,2011
"Laptikhovsky_2015",24,"Marine","Ectotherm","Direct observation","Mark",-51.7,NA,5,"100m","Echinoderms","Years",110,2011
"Laptikhovsky_2015",24,"Marine","Ectotherm","Direct observation","Mark",-52.08,NA,8,"1000m","Echinoderms","Years",23,2011
"Laptikhovsky_2015",24,"Marine","Ectotherm","Direct observation","Mark",-52.08,NA,6,"1000m","Echinoderms","Years",3,2011
"Louda_1979",6,"Marine","Ectotherm","Direct observation","Mark",48.5,NA,7,"10m","Molluscs","Hours",72,1969
"Louda_1979",10,"Marine","Ectotherm","Direct observation","Mark",48.5,NA,5,"10m","Molluscs","Years",1151,1969
"Louda_1979",10,"Marine","Ectotherm","Direct observation","Mark",48.5,NA,5,"10m","Molluscs","Years",485,1969
"Louda_1979",3,"Marine","Ectotherm","Direct observation","Mark",48.5,NA,7,"10m","Molluscs","Hours",52,1969
"Louda_1979",7,"Marine","Ectotherm","Direct observation","Mark",48.6,NA,7,"10m","Molluscs","Hours",71,1969
"Louda_1979",10,"Marine","Ectotherm","Direct observation","Mark",48.5,NA,5,"10m","Molluscs","Years",575,1969
"Louda_1979",5,"Marine","Ectotherm","Direct observation","Mark",48.5,NA,7,"10m","Molluscs","Hours",41,1969
"Louda_1979",2,"Marine","Ectotherm","Direct observation","Mark",48.5,NA,7,"10m","Molluscs","Hours",76,1969
"Louda_1979",7,"Marine","Ectotherm","Direct observation","Mark",48.6,NA,7,"10m","Molluscs","Hours",30,1969
"Louda_1979",6,"Marine","Ectotherm","Direct observation","Mark",48.5,NA,7,"10m","Molluscs","Hours",35,1969
"Louda_1979",5,"Marine","Ectotherm","Direct observation","Mark",48.5,NA,7,"10m","Molluscs","Hours",59,1969
"Louda_1979",7,"Marine","Ectotherm","Direct observation","Mark",48.6,NA,7,"10m","Molluscs","Hours",15,1969
"Louda_1979",7,"Marine","Ectotherm","Direct observation","Mark",48.6,NA,7,"10m","Molluscs","Hours",93,1969
"Louda_1979",6,"Marine","Ectotherm","Direct observation","Mark",48.5,NA,7,"10m","Molluscs","Hours",43,1969
"Louda_1979",5,"Marine","Ectotherm","Direct observation","Mark",48.5,NA,7,"10m","Molluscs","Hours",75,1969
"Louda_1979",6,"Marine","Ectotherm","Direct observation","Mark",48.5,NA,7,"10m","Molluscs","Years",56,1969
"Louda_1979",10,"Marine","Ectotherm","Direct observation","Mark",48.5,NA,5,"10m","Molluscs","Years",362,1969
"Louda_1979",4,"Marine","Ectotherm","Direct observation","Mark",48.5,NA,7,"10m","Molluscs","Hours",67,1969
"Louda_1979",5,"Marine","Ectotherm","Direct observation","Mark",48.6,NA,7,"10m","Molluscs","Hours",49,1969
"Luiselli_2004",11,"Terrestrial","Ectotherm","Gut content (non-lethal)","Mark",4.83,NA,7,"100m","Amphibians","Months",48,2003
"Luiselli_2004",9,"Terrestrial","Ectotherm","Gut content (non-lethal)","Mark",4.83,NA,2,"100m","Amphibians","Months",27,2003
"Luiselli_2004",10,"Terrestrial","Ectotherm","Gut content (non-lethal)","Mark",4.83,NA,2,"100m","Amphibians","Months",49,2003
"Luiselli_2004",8,"Terrestrial","Ectotherm","Gut content (non-lethal)","Mark",4.83,NA,7,"100m","Amphibians","Months",45,2003
"Luiselli_2004",10,"Terrestrial","Ectotherm","Gut content (non-lethal)","Mark",4.83,NA,2,"100m","Amphibians","Months",38,2003
"Luiselli_2004",9,"Terrestrial","Ectotherm","Gut content (non-lethal)","Mark",4.83,NA,7,"100m","Amphibians","Months",31,2003
"Luiselli_2004",10,"Terrestrial","Ectotherm","Gut content (non-lethal)","Mark",4.83,NA,2,"100m","Amphibians","Months",24,2003
"Luiselli_2004",9,"Terrestrial","Ectotherm","Gut content (non-lethal)","Mark",4.83,NA,7,"100m","Amphibians","Months",48,2003
"Macale_2008",32,"Lentic","Ectotherm","Gut content (lethal)","Mark",-28.5,NA,1,"10km","Amphibians","Months",76,2001
"Macale_2008",21,"Lentic","Ectotherm","Gut content (lethal)","Mark",-28.5,NA,1,"10km","Amphibians","Months",22,2001
"Main_2011",37,"Marine","Ectotherm","Gut content (lethal)","Mark",-53.96,NA,9,"100m","Fish","Hours",84,2007
"Main_2011",15,"Marine","Ectotherm","Gut content (lethal)","Mark",-53.96,NA,1,"100m","Fish","Hours",33,2009
"Main_2011",45,"Marine","Ectotherm","Gut content (lethal)","Mark",-53.96,NA,4,"100m","Fish","Hours",89,2008
"Menge_1974a",6,"Marine","Ectotherm","Direct observation","Mark",34,NA,3,"10m","Molluscs","Hours",60,1971
"Menge_1974a",6,"Marine","Ectotherm","Direct observation","Mark",34,NA,3,"10m","Molluscs","Hours",152,1971
"Menge_1974a",6,"Marine","Ectotherm","Direct observation","Mark",34,NA,3,"10m","Molluscs","Hours",60,1971
"Menge_1974a",6,"Marine","Ectotherm","Direct observation","Mark",34,NA,11,"10m","Molluscs","Hours",41,1970
"Menge_1974a",6,"Marine","Ectotherm","Direct observation","Mark",34,NA,2,"10m","Molluscs","Hours",61,1971
"Menge_1974a",6,"Marine","Ectotherm","Direct observation","Mark",34,NA,1,"10m","Molluscs","Hours",49,1971
"Menge_1974a",6,"Marine","Ectotherm","Direct observation","Mark",34,NA,1,"10m","Molluscs","Hours",25,1971
"Menge_1974a",6,"Marine","Ectotherm","Direct observation","Mark",34,NA,3,"10m","Molluscs","Hours",97,1971
"Menge_1974b",10,"Marine","Ectotherm","Direct observation","Mark",48.56,NA,8,"10m","Echinoderms","Hours",200,1970
"Menge_1974b",10,"Marine","Ectotherm","Direct observation","Mark",48.56,NA,11,"10m","Echinoderms","Hours",200,1970
"Menge_1974b",10,"Marine","Ectotherm","Direct observation","Mark",48.56,NA,4,"10m","Echinoderms","Hours",200,1971
"Menge_1974b",10,"Marine","Ectotherm","Direct observation","Mark",48.56,NA,6,"10m","Echinoderms","Hours",200,1971
"Menge_1974b",13,"Marine","Ectotherm","Direct observation","Mark",48.56,NA,8,"10m","Echinoderms","Hours",100,1970
"Menge_1974b",13,"Marine","Ectotherm","Direct observation","Mark",48.56,NA,11,"10m","Echinoderms","Hours",100,1970
"Menge_1974b",13,"Marine","Ectotherm","Direct observation","Mark",48.56,NA,4,"10m","Echinoderms","Hours",100,1971
"Menge_1974b",13,"Marine","Ectotherm","Direct observation","Mark",48.56,NA,6,"10m","Echinoderms","Hours",100,1971
"Novak_2017",5,"Marine","Ectotherm","Direct observation","Mark",44.3,NA,7,"10m","Molluscs","Months",900,2014
"Novak_2017",11,"Marine","Ectotherm","Direct observation","Mark",44.3,NA,7,"10m","Molluscs","Months",13131,2014
"Pages_1997",5,"Marine","Ectotherm","Gut content (lethal)","Mark",60.12,NA,5,"1000m","Cnidarians","Days",543,1992
"Pages_1997",3,"Marine","Ectotherm","Gut content (lethal)","Mark",60.12,NA,5,"1000m","Cnidarians","Days",314,1992
"Palmer_1988",11,"Marine","Ectotherm","Direct observation","Mark",48.54,NA,4,"10m","Molluscs","Months",379,1978
"Pueta_2013",15,"Terrestrial","Ectotherm","Gut content (lethal)","Mark",-29.73,NA,2,"1000m","Amphibians","Days",75,1999
"Purcell_1981a",1,"Marine","Ectotherm","Direct observation","Mark",30,NA,6,"100km","Cnidarians","Years",10,1979
"Purcell_1981a",1,"Marine","Ectotherm","Direct observation","Mark",25.56,NA,7,"100m","Cnidarians","Months",41,1978
"Purcell_1981a",3,"Marine","Ectotherm","Direct observation","Mark",30,NA,6,"100km","Cnidarians","Years",107,1979
"Purcell_1981a",2,"Marine","Ectotherm","Direct observation","Mark",25.56,NA,7,"100m","Cnidarians","Months",54,1978
"Purcell_1981a",1,"Marine","Ectotherm","Direct observation","Mark",30,NA,6,"100km","Cnidarians","Years",6,1979
"Purcell_1981a",7,"Marine","Ectotherm","Direct observation","Mark",32.75,NA,5,"100km","Cnidarians","Years",98,1979
"Purcell_1981a",3,"Marine","Ectotherm","Direct observation","Mark",25.56,NA,7,"100m","Cnidarians","Months",100,1978
"Purcell_1981a",2,"Marine","Ectotherm","Direct observation","Mark",30,NA,6,"100km","Cnidarians","Years",8,1979
"Purcell_1981a",3,"Marine","Ectotherm","Direct observation","Mark",25.56,NA,7,"100m","Cnidarians","Months",6,1978
"Purcell_1981a",1,"Marine","Ectotherm","Direct observation","Mark",25.56,NA,7,"100m","Cnidarians","Months",630,1978
"Purcell_1981a",2,"Marine","Ectotherm","Direct observation","Mark",30,NA,6,"100km","Cnidarians","Years",114,1979
"Purcell_1981a",1,"Marine","Ectotherm","Direct observation","Mark",30,NA,6,"100km","Cnidarians","Years",84,1979
"Purcell_1981a",2,"Marine","Ectotherm","Direct observation","Mark",30,NA,6,"100km","Cnidarians","Years",271,1979
"Purcell_1981a",2,"Marine","Ectotherm","Direct observation","Mark",32.75,NA,5,"100km","Cnidarians","Years",183,1979
"Purcell_1981a",4,"Marine","Ectotherm","Direct observation","Mark",25.56,NA,7,"100m","Cnidarians","Months",205,1978
"Purcell_1981a",1,"Marine","Ectotherm","Direct observation","Mark",32.75,NA,5,"100km","Cnidarians","Years",211,1979
"Purcell_1981a",2,"Marine","Ectotherm","Direct observation","Mark",30,NA,6,"100km","Cnidarians","Years",27,1979
"Purcell_1981a",2,"Marine","Ectotherm","Direct observation","Mark",30,NA,6,"100km","Cnidarians","Years",108,1979
"Purcell_1981a",4,"Marine","Ectotherm","Direct observation","Mark",25.56,NA,7,"100m","Cnidarians","Months",81,1978
"Purcell_1981a",3,"Marine","Ectotherm","Direct observation","Mark",30,NA,6,"100km","Cnidarians","Years",84,1979
"Purcell_1981a",1,"Marine","Ectotherm","Direct observation","Mark",30,NA,6,"100km","Cnidarians","Years",100,1979
"Purcell_1981a",4,"Marine","Ectotherm","Direct observation","Mark",25.56,NA,7,"100m","Cnidarians","Months",405,1978
"Purcell_1981a",1,"Marine","Ectotherm","Direct observation","Mark",25.56,NA,7,"100m","Cnidarians","Months",1512,1978
"Purcell_1981a",1,"Marine","Ectotherm","Direct observation","Mark",32.75,NA,5,"100km","Cnidarians","Years",1614,1979
"Purcell_1981a",1,"Marine","Ectotherm","Direct observation","Mark",30,NA,6,"100km","Cnidarians","Years",113,1979
"Purcell_1981a",1,"Marine","Ectotherm","Direct observation","Mark",25.56,NA,7,"100m","Cnidarians","Months",196,1978
"Purcell_1981a",1,"Marine","Ectotherm","Direct observation","Mark",25.56,NA,7,"100m","Cnidarians","Months",33,1978
"Purcell_1981a",1,"Marine","Ectotherm","Direct observation","Mark",30,NA,6,"100km","Cnidarians","Years",36,1979
"Purcell_1981a",6,"Marine","Ectotherm","Direct observation","Mark",30,NA,6,"100km","Cnidarians","Years",161,1979
"Purcell_1981a",2,"Marine","Ectotherm","Direct observation","Mark",32.75,NA,5,"100km","Cnidarians","Years",781,1979
"Purcell_1981a",1,"Marine","Ectotherm","Direct observation","Mark",25.56,NA,7,"100m","Cnidarians","Months",437,1978
"Purcell_1981a",2,"Marine","Ectotherm","Direct observation","Mark",25.56,NA,7,"100m","Cnidarians","Months",61,1978
"Purcell_1981b",1,"Marine","Ectotherm","Direct observation","Mark",32.75,NA,5,"100km","Cnidarians","Years",57,1979
"Purcell_1981b",13,"Marine","Ectotherm","Direct observation","Mark",25.78,NA,7,"100m","Cnidarians","Months",1250,1978
"Purcell_1981b",4,"Marine","Ectotherm","Direct observation","Mark",30,NA,6,"100km","Cnidarians","Years",56,1979
"Purcell_1981b",13,"Marine","Ectotherm","Direct observation","Mark",25.78,NA,7,"100m","Cnidarians","Days",171,1978
"Purcell_1982",1,"Marine","Ectotherm","Direct observation","Mark",48.54,NA,10,"10m","Cnidarians","Days",786,1980
"Purcell_1982",1,"Marine","Ectotherm","Direct observation","Mark",48.54,NA,10,"10m","Cnidarians","Days",1818,1980
"Robinson_2015",2,"Marine","Ectotherm","Direct observation","Mark",-33.84,NA,7,"1m","Molluscs","Hours",4,2013
"Robinson_2015",2,"Marine","Ectotherm","Direct observation","Mark",-33.84,NA,7,"1m","Molluscs","Hours",7,2013
"Robinson_2015",2,"Marine","Ectotherm","Direct observation","Mark",-33.84,NA,7,"1m","Molluscs","Hours",4,2013
"Robinson_2015",2,"Marine","Ectotherm","Direct observation","Mark",-33.84,NA,7,"1m","Molluscs","Hours",5,2013
"Rudstam_1992",8,"Marine","Ectotherm","Gut content (lethal)","Mark",58.92,NA,7,"100m","Arthropods","Hours",8,1985
"Rudstam_1992",8,"Marine","Ectotherm","Gut content (lethal)","Mark",58.8,NA,7,"100m","Arthropods","Hours",9,1985
"Rudstam_1992",8,"Marine","Ectotherm","Gut content (lethal)","Mark",58.8,NA,9,"100m","Arthropods","Hours",10,1985
"Rudstam_1992",8,"Marine","Ectotherm","Gut content (lethal)","Mark",58.8,NA,8,"100m","Arthropods","Hours",15,1985
"Rudstam_1992",8,"Marine","Ectotherm","Gut content (lethal)","Mark",58.8,NA,10,"100m","Arthropods","Hours",16,1985
"Rudstam_1992",8,"Marine","Ectotherm","Gut content (lethal)","Mark",58.92,NA,8,"100m","Arthropods","Hours",15,1985
"Rudstam_1992",8,"Marine","Ectotherm","Gut content (lethal)","Mark",58.92,NA,8,"100m","Arthropods","Hours",15,1985
"Rudstam_1992",8,"Marine","Ectotherm","Gut content (lethal)","Mark",58.92,NA,9,"100m","Arthropods","Hours",10,1985
"Rudstam_1992",8,"Marine","Ectotherm","Gut content (lethal)","Mark",58.92,NA,10,"100m","Arthropods","Hours",15,1985
"Rudstam_1992",8,"Marine","Ectotherm","Gut content (lethal)","Mark",58.8,NA,8,"100m","Arthropods","Hours",15,1985
"Salvidio_1999",17,"Lotic","Ectotherm","Gut content (non-lethal)","Mark",41.66,NA,5,"1000m","Amphibians","Months",22,1996
"Salvidio_1999",17,"Lotic","Ectotherm","Gut content (non-lethal)","Mark",41.66,NA,5,"1000m","Amphibians","Months",49,1996
"Salvidio_1999",5,"Terrestrial","Ectotherm","Gut content (non-lethal)","Mark",41.65,NA,5,"10km","Amphibians","Months",5,1996
"Schubert_1986",8,"Marine","Ectotherm","Gut content (lethal)","Mark",55.04,NA,8,"10m","Annelids","Hours",218,1984
"Surface_1906",10,"Terrestrial","Ectotherm","Gut content (lethal)","Mark",41,NA,7,"100km","Reptiles","Months",10,1906
"Taniguchi_2005",10,"Terrestrial","Ectotherm","Gut content (lethal)","Mark",34.25,NA,8,"100m","Amphibians","Months",40,2001
"Town_1980",32,"Marine","Ectotherm","Direct observation","Mark",-42.4,NA,7,"100m","Echinoderms","Hours",31,1976
"Town_1980",32,"Marine","Ectotherm","Direct observation","Mark",-42.4,NA,9,"100m","Echinoderms","Hours",38,1976
"Town_1980",52,"Marine","Ectotherm","Direct observation","Mark",-42.4,NA,1,"100m","Echinoderms","Hours",37,1976
"Town_1980",41,"Marine","Ectotherm","Direct observation","Mark",-42.4,NA,10,"100m","Echinoderms","Hours",74,1976
"Town_1980",32,"Marine","Ectotherm","Direct observation","Mark",-42.4,NA,1,"100m","Echinoderms","Hours",20,1977
"Town_1980",45,"Marine","Ectotherm","Direct observation","Mark",-42.4,NA,3,"100m","Echinoderms","Hours",31,1976
"Town_1980",32,"Marine","Ectotherm","Direct observation","Mark",-42.4,NA,3,"100m","Echinoderms","Hours",36,1976
"Town_1980",45,"Marine","Ectotherm","Direct observation","Mark",-42.4,NA,5,"100m","Echinoderms","Hours",40,1976
"Town_1980",52,"Marine","Ectotherm","Direct observation","Mark",-42.4,NA,11,"100m","Echinoderms","Hours",134,1976
"Town_1980",52,"Marine","Ectotherm","Direct observation","Mark",-42.4,NA,3,"100m","Echinoderms","Hours",42,1976
"Town_1980",32,"Marine","Ectotherm","Direct observation","Mark",-42.4,NA,5,"100m","Echinoderms","Hours",40,1976
"Town_1980",32,"Marine","Ectotherm","Direct observation","Mark",-42.4,NA,2,"100m","Echinoderms","Hours",27,1976
"Town_1980",32,"Marine","Ectotherm","Direct observation","Mark",-42.4,NA,12,"100m","Echinoderms","Hours",21,1976
"Town_1980",52,"Marine","Ectotherm","Direct observation","Mark",-42.4,NA,1,"100m","Echinoderms","Hours",131,1977
"Town_1980",32,"Marine","Ectotherm","Direct observation","Mark",-42.4,NA,1,"100m","Echinoderms","Hours",21,1976
"Town_1980",41,"Marine","Ectotherm","Direct observation","Mark",-42.4,NA,2,"100m","Echinoderms","Hours",19,1976
"Town_1980",41,"Marine","Ectotherm","Direct observation","Mark",-42.4,NA,4,"100m","Echinoderms","Hours",23,1976
"Town_1980",52,"Marine","Ectotherm","Direct observation","Mark",-42.4,NA,8,"100m","Echinoderms","Hours",93,1976
"Town_1980",41,"Marine","Ectotherm","Direct observation","Mark",-42.4,NA,11,"100m","Echinoderms","Hours",34,1976
"Town_1980",52,"Marine","Ectotherm","Direct observation","Mark",-42.4,NA,10,"100m","Echinoderms","Hours",116,1976
"Town_1980",41,"Marine","Ectotherm","Direct observation","Mark",-42.4,NA,8,"100m","Echinoderms","Hours",24,1976
"Town_1980",41,"Marine","Ectotherm","Direct observation","Mark",-42.4,NA,7,"100m","Echinoderms","Hours",73,1976
"Town_1980",32,"Marine","Ectotherm","Direct observation","Mark",-42.4,NA,1,"100m","Echinoderms","Hours",19,1976
"Town_1980",32,"Marine","Ectotherm","Direct observation","Mark",-42.4,NA,4,"100m","Echinoderms","Hours",46,1976
"Town_1980",52,"Marine","Ectotherm","Direct observation","Mark",-42.4,NA,7,"100m","Echinoderms","Hours",46,1976
"Town_1980",45,"Marine","Ectotherm","Direct observation","Mark",-42.4,NA,11,"100m","Echinoderms","Hours",49,1976
"Town_1980",32,"Marine","Ectotherm","Direct observation","Mark",-42.4,NA,6,"100m","Echinoderms","Hours",36,1976
"Town_1980",52,"Marine","Ectotherm","Direct observation","Mark",-42.4,NA,6,"100m","Echinoderms","Hours",100,1976
"Town_1980",41,"Marine","Ectotherm","Direct observation","Mark",-42.4,NA,5,"100m","Echinoderms","Hours",25,1976
"Town_1980",41,"Marine","Ectotherm","Direct observation","Mark",-42.4,NA,1,"100m","Echinoderms","Hours",25,1976
"Town_1980",52,"Marine","Ectotherm","Direct observation","Mark",-42.4,NA,9,"100m","Echinoderms","Hours",130,1976
"Town_1980",45,"Marine","Ectotherm","Direct observation","Mark",-42.4,NA,1,"100m","Echinoderms","Hours",51,1977
"Town_1980",52,"Marine","Ectotherm","Direct observation","Mark",-42.4,NA,12,"100m","Echinoderms","Hours",40,1976
"Town_1980",41,"Marine","Ectotherm","Direct observation","Mark",-42.4,NA,6,"100m","Echinoderms","Hours",26,1976
"Town_1980",32,"Marine","Ectotherm","Direct observation","Mark",-42.4,NA,11,"100m","Echinoderms","Hours",24,1976
"Town_1980",52,"Marine","Ectotherm","Direct observation","Mark",-42.4,NA,5,"100m","Echinoderms","Hours",99,1976
"Town_1980",41,"Marine","Ectotherm","Direct observation","Mark",-42.4,NA,1,"100m","Echinoderms","Hours",70,1977
"Town_1980",45,"Marine","Ectotherm","Direct observation","Mark",-42.4,NA,9,"100m","Echinoderms","Hours",82,1976
"Town_1980",45,"Marine","Ectotherm","Direct observation","Mark",-42.4,NA,10,"100m","Echinoderms","Hours",80,1976
"Town_1980",45,"Marine","Ectotherm","Direct observation","Mark",-42.4,NA,8,"100m","Echinoderms","Hours",21,1976
"Town_1980",45,"Marine","Ectotherm","Direct observation","Mark",-42.4,NA,2,"100m","Echinoderms","Hours",63,1976
"Town_1980",41,"Marine","Ectotherm","Direct observation","Mark",-42.4,NA,9,"100m","Echinoderms","Hours",65,1976
"Town_1980",41,"Marine","Ectotherm","Direct observation","Mark",-42.4,NA,3,"100m","Echinoderms","Hours",26,1976
"Town_1980",32,"Marine","Ectotherm","Direct observation","Mark",-42.4,NA,8,"100m","Echinoderms","Hours",21,1976
"Town_1980",32,"Marine","Ectotherm","Direct observation","Mark",-42.4,NA,10,"100m","Echinoderms","Hours",52,1976
"Town_1980",45,"Marine","Ectotherm","Direct observation","Mark",-42.4,NA,12,"100m","Echinoderms","Hours",20,1976
"Town_1980",41,"Marine","Ectotherm","Direct observation","Mark",-42.4,NA,12,"100m","Echinoderms","Hours",26,1976
"Town_1980",45,"Marine","Ectotherm","Direct observation","Mark",-42.4,NA,7,"100m","Echinoderms","Hours",30,1976
"Town_1980",52,"Marine","Ectotherm","Direct observation","Mark",-42.4,NA,4,"100m","Echinoderms","Hours",107,1976
"Town_1980",45,"Marine","Ectotherm","Direct observation","Mark",-42.4,NA,6,"100m","Echinoderms","Hours",29,1976
"Town_1980",52,"Marine","Ectotherm","Direct observation","Mark",-42.4,NA,2,"100m","Echinoderms","Hours",40,1976
"Town_1980",45,"Marine","Ectotherm","Direct observation","Mark",-42.4,NA,4,"100m","Echinoderms","Hours",48,1976
"Uhler_1939",2,"Terrestrial","Ectotherm","Gut content (lethal)","Mark",38.5,NA,7,"10km","Reptiles","Years",2,1936
"Ward_1988",5,"Marine","Ectotherm","Direct observation","Mark",-38.5,NA,10,"10m","Molluscs","Hours",50,1982
"Ward_1988",6,"Marine","Ectotherm","Direct observation","Mark",-38.5,NA,4,"10m","Molluscs","Hours",50,1982
"Ward_1988",5,"Marine","Ectotherm","Direct observation","Mark",-38.5,NA,4,"10m","Molluscs","Hours",50,1982
"Ward_1988",6,"Marine","Ectotherm","Direct observation","Mark",-38.5,NA,10,"10m","Molluscs","Hours",50,1982
"Ward_1988",5,"Marine","Ectotherm","Direct observation","Mark",-38.5,NA,8,"10m","Molluscs","Hours",50,1982
"Ward_1988",5,"Marine","Ectotherm","Direct observation","Mark",-38.5,NA,9,"10m","Molluscs","Hours",50,1982
"Ward_1988",6,"Marine","Ectotherm","Direct observation","Mark",-38.5,NA,5,"10m","Molluscs","Hours",50,1982
"Ward_1988",6,"Marine","Ectotherm","Direct observation","Mark",-38.5,NA,12,"10m","Molluscs","Hours",50,1982
"Ward_1988",5,"Marine","Ectotherm","Direct observation","Mark",-38.5,NA,7,"10m","Molluscs","Hours",50,1982
"Ward_1988",6,"Marine","Ectotherm","Direct observation","Mark",-38.5,NA,6,"10m","Molluscs","Hours",50,1982
"Ward_1988",6,"Marine","Ectotherm","Direct observation","Mark",-38.5,NA,7,"10m","Molluscs","Hours",50,1982
"Ward_1988",5,"Marine","Ectotherm","Direct observation","Mark",-38.5,NA,12,"10m","Molluscs","Hours",50,1982
"Ward_1988",5,"Marine","Ectotherm","Direct observation","Mark",-38.5,NA,4,"10m","Molluscs","Hours",50,1982
"Ward_1988",6,"Marine","Ectotherm","Direct observation","Mark",-38.5,NA,8,"10m","Molluscs","Hours",50,1982
"Ward_1988",5,"Marine","Ectotherm","Direct observation","Mark",-38.5,NA,6,"10m","Molluscs","Hours",50,1982
"Ward_1988",6,"Marine","Ectotherm","Direct observation","Mark",-38.5,NA,4,"10m","Molluscs","Hours",50,1982
"Ward_1988",6,"Marine","Ectotherm","Direct observation","Mark",-38.5,NA,9,"10m","Molluscs","Hours",50,1982
"Ward_1988",5,"Marine","Ectotherm","Direct observation","Mark",-38.5,NA,5,"10m","Molluscs","Hours",50,1982
"West_1986",3,"Marine","Ectotherm","Direct observation","Mark",36.6,NA,4,"1m","Molluscs","Months",42,1978
"West_1986",2,"Marine","Ectotherm","Direct observation","Mark",36.6,NA,4,"1m","Molluscs","Months",26,1978
"West_1986",2,"Marine","Ectotherm","Direct observation","Mark",36.6,NA,4,"1m","Molluscs","Months",49,1978
"West_1986",2,"Marine","Ectotherm","Direct observation","Mark",36.6,NA,4,"1m","Molluscs","Months",60,1978
"West_1986",2,"Marine","Ectotherm","Direct observation","Mark",36.6,NA,4,"1m","Molluscs","Months",65,1978
"West_1986",2,"Marine","Ectotherm","Direct observation","Mark",36.6,NA,4,"1m","Molluscs","Months",67,1978
"West_1986",1,"Marine","Ectotherm","Direct observation","Mark",36.6,NA,4,"1m","Molluscs","Months",42,1978
"West_1986",2,"Marine","Ectotherm","Direct observation","Mark",36.6,NA,4,"1m","Molluscs","Months",51,1978
"West_1986",3,"Marine","Ectotherm","Direct observation","Mark",36.6,NA,4,"1m","Molluscs","Months",25,1978
"West_1986",2,"Marine","Ectotherm","Direct observation","Mark",36.6,NA,4,"1m","Molluscs","Months",78,1978
"West_1986",3,"Marine","Ectotherm","Direct observation","Mark",36.6,NA,4,"1m","Molluscs","Months",30,1978
"West_1986",1,"Marine","Ectotherm","Direct observation","Mark",36.6,NA,4,"1m","Molluscs","Months",23,1978
"West_1986",3,"Marine","Ectotherm","Direct observation","Mark",36.6,NA,4,"1m","Molluscs","Months",71,1978
"West_1986",3,"Marine","Ectotherm","Direct observation","Mark",36.6,NA,4,"1m","Molluscs","Months",62,1978
"West_1986",2,"Marine","Ectotherm","Direct observation","Mark",36.6,NA,4,"1m","Molluscs","Months",30,1978
"West_1986",2,"Marine","Ectotherm","Direct observation","Mark",36.6,NA,4,"1m","Molluscs","Months",49,1978
"West_1986",2,"Marine","Ectotherm","Direct observation","Mark",36.6,NA,4,"1m","Molluscs","Months",33,1978
"West_1986",3,"Marine","Ectotherm","Direct observation","Mark",36.6,NA,4,"1m","Molluscs","Months",61,1978
"West_1986",2,"Marine","Ectotherm","Direct observation","Mark",36.6,NA,4,"1m","Molluscs","Months",37,1978
"West_1986",3,"Marine","Ectotherm","Direct observation","Mark",36.6,NA,4,"1m","Molluscs","Months",54,1978
"West_1986",1,"Marine","Ectotherm","Direct observation","Mark",36.6,NA,4,"1m","Molluscs","Months",21,1978
"West_1986",1,"Marine","Ectotherm","Direct observation","Mark",36.6,NA,4,"1m","Molluscs","Months",21,1978
"West_1986",2,"Marine","Ectotherm","Direct observation","Mark",36.6,NA,4,"1m","Molluscs","Months",25,1978
"West_1986",1,"Marine","Ectotherm","Direct observation","Mark",36.6,NA,4,"1m","Molluscs","Months",49,1978
"West_1986",2,"Marine","Ectotherm","Direct observation","Mark",36.6,NA,4,"1m","Molluscs","Months",15,1978
"West_1986",1,"Marine","Ectotherm","Direct observation","Mark",36.6,NA,4,"1m","Molluscs","Months",54,1978
"West_1986",1,"Marine","Ectotherm","Direct observation","Mark",36.6,NA,4,"1m","Molluscs","Months",34,1978
"West_1986",3,"Marine","Ectotherm","Direct observation","Mark",36.6,NA,4,"1m","Molluscs","Months",79,1978
"West_1986",2,"Marine","Ectotherm","Direct observation","Mark",36.6,NA,4,"1m","Molluscs","Months",76,1978
"West_1986",2,"Marine","Ectotherm","Direct observation","Mark",36.6,NA,4,"1m","Molluscs","Months",43,1978
"West_1986",2,"Marine","Ectotherm","Direct observation","Mark",36.6,NA,4,"1m","Molluscs","Months",20,1978
"West_1986",1,"Marine","Ectotherm","Direct observation","Mark",36.6,NA,4,"1m","Molluscs","Months",43,1978
"West_1986",1,"Marine","Ectotherm","Direct observation","Mark",36.6,NA,4,"1m","Molluscs","Months",50,1978
"West_1986",1,"Marine","Ectotherm","Direct observation","Mark",36.6,NA,4,"1m","Molluscs","Months",25,1978
"West_1986",3,"Marine","Ectotherm","Direct observation","Mark",36.6,NA,4,"1m","Molluscs","Months",58,1978
"West_1986",2,"Marine","Ectotherm","Direct observation","Mark",36.6,NA,4,"1m","Molluscs","Months",29,1978
"West_1986",2,"Marine","Ectotherm","Direct observation","Mark",36.6,NA,4,"1m","Molluscs","Months",51,1978
"West_1986",2,"Marine","Ectotherm","Direct observation","Mark",36.6,NA,4,"1m","Molluscs","Months",28,1978
"West_1986",1,"Marine","Ectotherm","Direct observation","Mark",36.6,NA,4,"1m","Molluscs","Months",52,1978
"West_1986",1,"Marine","Ectotherm","Direct observation","Mark",36.6,NA,4,"1m","Molluscs","Months",26,1978
"West_1986",1,"Marine","Ectotherm","Direct observation","Mark",36.6,NA,4,"1m","Molluscs","Months",15,1978
"West_1986",2,"Marine","Ectotherm","Direct observation","Mark",36.6,NA,4,"1m","Molluscs","Months",58,1978
"West_1986",3,"Marine","Ectotherm","Direct observation","Mark",36.6,NA,4,"1m","Molluscs","Months",36,1978
"West_1986",1,"Marine","Ectotherm","Direct observation","Mark",36.6,NA,4,"1m","Molluscs","Months",22,1978
"West_1986",2,"Marine","Ectotherm","Direct observation","Mark",36.6,NA,4,"1m","Molluscs","Months",39,1978
"West_1986",2,"Marine","Ectotherm","Direct observation","Mark",36.6,NA,4,"1m","Molluscs","Months",47,1978
"West_1986",1,"Marine","Ectotherm","Direct observation","Mark",36.6,NA,4,"1m","Molluscs","Months",11,1978
"West_1986",2,"Marine","Ectotherm","Direct observation","Mark",36.6,NA,4,"1m","Molluscs","Months",21,1978
"West_1986",2,"Marine","Ectotherm","Direct observation","Mark",36.6,NA,4,"1m","Molluscs","Months",45,1978
"West_1986",2,"Marine","Ectotherm","Direct observation","Mark",36.6,NA,4,"1m","Molluscs","Months",33,1978
"West_1986",3,"Marine","Ectotherm","Direct observation","Mark",36.6,NA,4,"1m","Molluscs","Months",27,1978
"West_1988",2,"Marine","Ectotherm","Direct observation","Mark",8.75,NA,2,"1m","Molluscs","Months",77,1980
"West_1988",3,"Marine","Ectotherm","Direct observation","Mark",8.75,NA,2,"1m","Molluscs","Months",72,1980
"West_1988",4,"Marine","Ectotherm","Direct observation","Mark",8.75,NA,2,"1m","Molluscs","Months",86,1980
"West_1988",1,"Marine","Ectotherm","Direct observation","Mark",8.75,NA,2,"1m","Molluscs","Months",116,1980
"West_1988",2,"Marine","Ectotherm","Direct observation","Mark",8.75,NA,2,"1m","Molluscs","Months",137,1980
"West_1988",2,"Marine","Ectotherm","Direct observation","Mark",8.75,NA,2,"1m","Molluscs","Months",123,1980
"West_1988",2,"Marine","Ectotherm","Direct observation","Mark",8.75,NA,2,"1m","Molluscs","Months",107,1980
"West_1988",3,"Marine","Ectotherm","Direct observation","Mark",8.75,NA,2,"1m","Molluscs","Months",96,1980
"West_1988",3,"Marine","Ectotherm","Direct observation","Mark",8.75,NA,2,"1m","Molluscs","Months",113,1980
"West_1988",3,"Marine","Ectotherm","Direct observation","Mark",8.75,NA,2,"1m","Molluscs","Months",102,1980
"West_1988",3,"Marine","Ectotherm","Direct observation","Mark",8.75,NA,2,"1m","Molluscs","Months",109,1980
"West_1988",2,"Marine","Ectotherm","Direct observation","Mark",8.75,NA,2,"1m","Molluscs","Months",123,1980
"West_1988",2,"Marine","Ectotherm","Direct observation","Mark",8.75,NA,2,"1m","Molluscs","Months",111,1980
"West_1988",4,"Marine","Ectotherm","Direct observation","Mark",8.75,NA,2,"1m","Molluscs","Months",129,1980
"West_1988",1,"Marine","Ectotherm","Direct observation","Mark",8.75,NA,2,"1m","Molluscs","Months",122,1980
"West_1988",2,"Marine","Ectotherm","Direct observation","Mark",8.75,NA,2,"1m","Molluscs","Months",98,1980
"West_1988",1,"Marine","Ectotherm","Direct observation","Mark",8.75,NA,2,"1m","Molluscs","Months",118,1980
"West_1988",3,"Marine","Ectotherm","Direct observation","Mark",8.75,NA,2,"1m","Molluscs","Months",117,1980
"West_1988",3,"Marine","Ectotherm","Direct observation","Mark",8.75,NA,2,"1m","Molluscs","Months",85,1980
"West_1988",2,"Marine","Ectotherm","Direct observation","Mark",8.75,NA,2,"1m","Molluscs","Months",113,1980
"West_1988",2,"Marine","Ectotherm","Direct observation","Mark",8.75,NA,2,"1m","Molluscs","Months",88,1980
"West_1988",2,"Marine","Ectotherm","Direct observation","Mark",8.75,NA,2,"1m","Molluscs","Months",106,1980
"West_1988",1,"Marine","Ectotherm","Direct observation","Mark",8.75,NA,2,"1m","Molluscs","Months",117,1980
"West_1988",5,"Marine","Ectotherm","Direct observation","Mark",8.75,NA,2,"1m","Molluscs","Months",114,1980
"West_1988",3,"Marine","Ectotherm","Direct observation","Mark",8.75,NA,2,"1m","Molluscs","Months",89,1980
"West_1988",3,"Marine","Ectotherm","Direct observation","Mark",8.75,NA,2,"1m","Molluscs","Months",106,1980
"West_1988",2,"Marine","Ectotherm","Direct observation","Mark",8.75,NA,2,"1m","Molluscs","Months",109,1980
"West_1988",2,"Marine","Ectotherm","Direct observation","Mark",8.75,NA,2,"1m","Molluscs","Months",115,1980
"West_1988",1,"Marine","Ectotherm","Direct observation","Mark",8.75,NA,2,"1m","Molluscs","Months",87,1980
"West_1988",2,"Marine","Ectotherm","Direct observation","Mark",8.75,NA,2,"1m","Molluscs","Months",105,1980
"West_1988",1,"Marine","Ectotherm","Direct observation","Mark",8.75,NA,2,"1m","Molluscs","Months",119,1980
"West_1988",3,"Marine","Ectotherm","Direct observation","Mark",8.75,NA,2,"1m","Molluscs","Months",72,1980
"West_1988",2,"Marine","Ectotherm","Direct observation","Mark",8.75,NA,2,"1m","Molluscs","Months",116,1980
"West_1988",3,"Marine","Ectotherm","Direct observation","Mark",8.75,NA,2,"1m","Molluscs","Months",95,1980
"West_1988",4,"Marine","Ectotherm","Direct observation","Mark",8.75,NA,2,"1m","Molluscs","Months",87,1980
"West_1988",2,"Marine","Ectotherm","Direct observation","Mark",8.75,NA,2,"1m","Molluscs","Months",106,1980
"West_1988",2,"Marine","Ectotherm","Direct observation","Mark",8.75,NA,2,"1m","Molluscs","Months",102,1980
"West_1988",2,"Marine","Ectotherm","Direct observation","Mark",8.75,NA,2,"1m","Molluscs","Months",115,1980
"West_1988",1,"Marine","Ectotherm","Direct observation","Mark",8.75,NA,2,"1m","Molluscs","Months",118,1980
"West_1988",3,"Marine","Ectotherm","Direct observation","Mark",8.75,NA,2,"1m","Molluscs","Months",113,1980
"West_1988",3,"Marine","Ectotherm","Direct observation","Mark",8.75,NA,2,"1m","Molluscs","Months",123,1980
"West_1988",2,"Marine","Ectotherm","Direct observation","Mark",8.75,NA,2,"1m","Molluscs","Months",118,1980
"Wieters_2000",5,"Marine","Ectotherm","Direct observation","Mark",35.21,NA,1,"10m","Molluscs","Hours",137,1996
"Wieters_2000",3,"Marine","Ectotherm","Direct observation","Mark",34.4,NA,1,"10m","Molluscs","Hours",156,1996
"Wieters_2000",7,"Marine","Ectotherm","Direct observation","Mark",34.4,NA,1,"10m","Molluscs","Hours",73,1996
"Wieters_2000",5,"Marine","Ectotherm","Direct observation","Mark",35.21,NA,1,"10m","Molluscs","Hours",40,1996
"Wieters_2000",5,"Marine","Ectotherm","Direct observation","Mark",35.21,NA,1,"10m","Molluscs","Hours",226,1996
"Wieters_2000",5,"Marine","Ectotherm","Direct observation","Mark",35.21,NA,1,"10m","Molluscs","Hours",675,1996
"Wieters_2000",7,"Marine","Ectotherm","Direct observation","Mark",34.4,NA,1,"10m","Molluscs","Hours",323,1996
"Wieters_2000",7,"Marine","Ectotherm","Direct observation","Mark",34.4,NA,1,"10m","Molluscs","Hours",722,1996
"Wieters_2000",7,"Marine","Ectotherm","Direct observation","Mark",34.4,NA,1,"10m","Molluscs","Hours",10,1996
"Witman_2010",4,"Marine","Ectotherm","Direct observation","Mark",-0.78,NA,7,"100km","Molluscs","Years",300,2004
"Altin_2015",19,"Marine","Ectotherm","Gut content (lethal)","Paige",40.03,NA,3,"10km","Fish","Months",383,2009
"Barbini_2016",44,"Marine","Ectotherm","Gut content (lethal)","Paige",-35.95,NA,7,"100km","Fish","Years",442,2006
"Blanco-parra_2012",16,"Marine","Ectotherm","Gut content (lethal)","Paige",27.9,NA,4,"10km","Fish","Months",475,2005
"Phillips_2004",6,"Marine","Ectotherm","Gut content (lethal)","Paige",-51.09,NA,10,"100km","Molluscs","Days",44,2001
"Rodríguez-García_2024",9,"Marine","Ectotherm","Gut content (lethal)","Paige",36.85,NA,7,"10km","Fish","Months",159,2021
"Santander-Neto_2021",31,"Marine","Ectotherm","Gut content (lethal)","Paige",-8.55,NA,3,"100km","Fish","Years",338,2011
"Szczepanski_2014",12,"Marine","Ectotherm","Gut content (lethal)","Paige",38.95,NA,7,"10km","Fish","Months",9,2009
"Szczepanski_2014",20,"Marine","Ectotherm","Gut content (lethal)","Paige",38.95,NA,7,"10km","Fish","Months",32,2009
"Szczepanski_2014",6,"Marine","Ectotherm","Gut content (lethal)","Paige",38.95,NA,7,"10km","Fish","Months",3,2009
"Szczepanski_2014",12,"Marine","Ectotherm","Gut content (lethal)","Paige",38.95,NA,7,"10km","Fish","Months",23,2009
"Szczepanski_2014",12,"Marine","Ectotherm","Gut content (lethal)","Paige",38.95,NA,7,"10km","Fish","Months",13,2009
"Szczepanski_2014",20,"Marine","Ectotherm","Gut content (lethal)","Paige",38.95,NA,7,"10km","Fish","Months",27,2009
"Szczepanski_2014",20,"Marine","Ectotherm","Gut content (lethal)","Paige",38.95,NA,7,"10km","Fish","Months",6,2009
"Szczepanski_2014",20,"Marine","Ectotherm","Gut content (lethal)","Paige",38.95,NA,7,"10km","Fish","Months",42,2009
"Szczepanski_2014",6,"Marine","Ectotherm","Gut content (lethal)","Paige",38.95,NA,7,"10km","Fish","Months",5,2009
"Yang_2011",15,"Marine","Ectotherm","Gut content (lethal)","Paige",58.25,NA,4,"100km","Fish","Months",59,2007
"Yang_2011",8,"Marine","Ectotherm","Gut content (lethal)","Paige",58.25,NA,4,"100km","Fish","Months",29,2007
"Yang_2011",5,"Marine","Ectotherm","Gut content (lethal)","Paige",58.25,NA,4,"100km","Fish","Months",10,2007
"Yang_2011",1,"Marine","Ectotherm","Gut content (lethal)","Paige",58.25,NA,4,"100km","Fish","Months",9,2007
"Yang_2011",13,"Marine","Ectotherm","Gut content (lethal)","Paige",58.25,NA,4,"100km","Fish","Months",45,2007
"Yang_2011",5,"Marine","Ectotherm","Gut content (lethal)","Paige",58.25,NA,4,"100km","Fish","Months",51,2007
"Yang_2011",2,"Marine","Ectotherm","Gut content (lethal)","Paige",58.25,NA,4,"100km","Fish","Months",44,2007
"Yang_2011",3,"Marine","Ectotherm","Gut content (lethal)","Paige",58.25,NA,4,"100km","Fish","Months",26,2007
"Yang_2011",2,"Marine","Ectotherm","Gut content (lethal)","Paige",58.25,NA,4,"100km","Fish","Months",2,2007
"Yang_2011",6,"Marine","Ectotherm","Gut content (lethal)","Paige",58.25,NA,4,"100km","Fish","Months",6,2007
"Yang_2011",2,"Marine","Ectotherm","Gut content (lethal)","Paige",58.25,NA,4,"100km","Fish","Months",5,2007
"Yang_2011",14,"Marine","Ectotherm","Gut content (lethal)","Paige",58.25,NA,4,"100km","Fish","Months",33,2007
"Yang_2011",9,"Marine","Ectotherm","Gut content (lethal)","Paige",58.25,NA,4,"100km","Fish","Months",33,2007
"Yang_2011",14,"Marine","Ectotherm","Gut content (lethal)","Paige",58.25,NA,4,"100km","Fish","Months",24,2007
"Yang_2011",13,"Marine","Ectotherm","Gut content (lethal)","Paige",58.25,NA,4,"100km","Fish","Months",35,2007
"Yang_2011",1,"Marine","Ectotherm","Gut content (lethal)","Paige",58.25,NA,4,"100km","Fish","Months",3,2007
"Yang_2011",1,"Marine","Ectotherm","Gut content (lethal)","Paige",58.25,NA,4,"100km","Fish","Months",2,2007
"Yang_2011",1,"Marine","Ectotherm","Gut content (lethal)","Paige",58.25,NA,4,"100km","Fish","Months",14,2007
"Yang_2011",11,"Marine","Ectotherm","Gut content (lethal)","Paige",58.25,NA,4,"100km","Fish","Months",13,2007
"Yang_2011",3,"Marine","Ectotherm","Gut content (lethal)","Paige",58.25,NA,4,"100km","Fish","Months",4,2007
"Yang_2011",4,"Marine","Ectotherm","Gut content (lethal)","Paige",58.25,NA,4,"100km","Fish","Months",3,2007
"Yang_2011",18,"Marine","Ectotherm","Gut content (lethal)","Paige",58.25,NA,4,"100km","Fish","Months",56,2007
"Yang_2011",10,"Marine","Ectotherm","Gut content (lethal)","Paige",58.25,NA,4,"100km","Fish","Months",8,2007
"Yang_2011",9,"Marine","Ectotherm","Gut content (lethal)","Paige",58.25,NA,4,"100km","Fish","Months",30,2007
"Yang_2011",22,"Marine","Ectotherm","Gut content (lethal)","Paige",58.25,NA,4,"100km","Fish","Months",60,2007
"Yang_2011",8,"Marine","Ectotherm","Gut content (lethal)","Paige",58.25,NA,4,"100km","Fish","Months",16,2007
"Yang_2011",18,"Marine","Ectotherm","Gut content (lethal)","Paige",58.25,NA,4,"100km","Fish","Months",39,2007
"Yang_2011",1,"Marine","Ectotherm","Gut content (lethal)","Paige",58.25,NA,4,"100km","Fish","Months",2,2007
"Yang_2011",18,"Marine","Ectotherm","Gut content (lethal)","Paige",58.25,NA,4,"100km","Fish","Months",13,2007
"Yang_2011",5,"Marine","Ectotherm","Gut content (lethal)","Paige",58.25,NA,4,"100km","Fish","Months",5,2007
"Yang_2011",3,"Marine","Ectotherm","Gut content (lethal)","Paige",58.25,NA,4,"100km","Fish","Months",2,2007
"Yang_2011",10,"Marine","Ectotherm","Gut content (lethal)","Paige",58.25,NA,4,"100km","Fish","Months",17,2007
"Yang_2011",2,"Marine","Ectotherm","Gut content (lethal)","Paige",58.25,NA,4,"100km","Fish","Months",3,2007
"Yang_2011",1,"Marine","Ectotherm","Gut content (lethal)","Paige",58.25,NA,4,"100km","Fish","Months",4,2007
"Yang_2011",2,"Marine","Ectotherm","Gut content (lethal)","Paige",58.25,NA,4,"100km","Fish","Months",21,2007
"Yang_2011",1,"Marine","Ectotherm","Gut content (lethal)","Paige",58.25,NA,4,"100km","Fish","Months",10,2007
"Brito_2015",53,"Lentic","Ectotherm","Gut content (non-lethal)","Serena",-15.43,NA,2,"1000m","Reptiles","Months",5,2007
"Brito_2015",53,"Lotic","Ectotherm","Gut content (non-lethal)","Serena",-15.45,NA,2,"1000m","Reptiles","Months",24,2007
"Brito_2015",53,"Lotic","Ectotherm","Gut content (non-lethal)","Serena",-15.4,NA,2,"1000m","Reptiles","Months",8,2007
"Brito_2015",53,"Lotic","Ectotherm","Gut content (non-lethal)","Serena",-15.43,NA,2,"1000m","Reptiles","Months",5,2007
"Brito_2015",53,"Lotic","Ectotherm","Gut content (non-lethal)","Serena",-15.38,NA,2,"1000m","Reptiles","Months",13,2007
"Brito_2015",53,"Lentic","Ectotherm","Gut content (non-lethal)","Serena",-15.43,NA,2,"1000m","Reptiles","Months",7,2007
"Brito_2015",53,"Lotic","Ectotherm","Gut content (non-lethal)","Serena",-15.4,NA,2,"1000m","Reptiles","Months",18,2007
"Feder_1980",38,"Marine","Ectotherm","Gut content (lethal)","Serena",60.33,NA,8,"10km","Echinoderms","Months",90,1978
"Feder_1980",38,"Marine","Ectotherm","Gut content (lethal)","Serena",60.35,NA,8,"1000m","Echinoderms","Months",3,1978
"Feder_1980",38,"Marine","Ectotherm","Gut content (lethal)","Serena",60.3,NA,8,"1000m","Echinoderms","Months",2,1978
"Santic_2003",29,"Marine","Ectotherm","Gut content (lethal)","Serena",43.25,NA,7,"100km","Fish","Months",300,1996
"Santic_2003",29,"Marine","Ectotherm","Gut content (lethal)","Serena",43.25,NA,1,"100km","Fish","Months",300,1996
"Santic_2003",29,"Marine","Ectotherm","Gut content (lethal)","Serena",43.25,NA,10,"100km","Fish","Months",300,1996
"Santic_2003",29,"Marine","Ectotherm","Gut content (lethal)","Serena",43.25,NA,4,"100km","Fish","Months",300,1996
"Santic_2013",34,"Marine","Ectotherm","Gut content (lethal)","Serena",43.4,NA,7,"100km","Fish","Months",118,2010
"Santic_2013",34,"Marine","Ectotherm","Gut content (lethal)","Serena",43.4,NA,10,"100km","Fish","Months",102,2010
"Santic_2013",34,"Marine","Ectotherm","Gut content (lethal)","Serena",43.4,NA,4,"100km","Fish","Months",109,2010
"Santic_2013",34,"Marine","Ectotherm","Gut content (lethal)","Serena",43.4,NA,1,"100km","Fish","Months",89,2010
"Camilo_1993",10,"Lotic","Ectotherm","Direct observation","Shannon",30.45,NA,6,"10m","Arthropods","Days",30,1991
"Carey_1972",1,"Marine","Ectotherm","Gut content (lethal)","Shannon",44.65,NA,7,"1000m","Echinoderms","Years",3,1965
"Carey_1972",6,"Marine","Ectotherm","Gut content (lethal)","Shannon",44.65,NA,7,"1000m","Echinoderms","Years",26,1965
"Carey_1972",1,"Marine","Ectotherm","Gut content (lethal)","Shannon",44.65,NA,7,"1000m","Echinoderms","Years",4,1965
"Carey_1972",6,"Marine","Ectotherm","Gut content (lethal)","Shannon",44.65,NA,7,"1000m","Echinoderms","Years",16,1965
"Carey_1972",2,"Marine","Ectotherm","Gut content (lethal)","Shannon",44.65,NA,7,"1000m","Echinoderms","Years",2,1965
"Carey_1972",6,"Marine","Ectotherm","Gut content (lethal)","Shannon",44.65,NA,7,"1000m","Echinoderms","Years",31,1965
"Cartes_1993",35,"Marine","Ectotherm","Gut content (lethal)","Shannon",41.13,NA,10,"1000m","Arthropods","Months",72,1989
"Cartes_1993",41,"Marine","Ectotherm","Gut content (lethal)","Shannon",40.82,NA,7,"10km","Arthropods","Months",129,1988
"Cartes_1993",29,"Marine","Ectotherm","Gut content (lethal)","Shannon",41.13,NA,5,"1000m","Arthropods","Months",75,1989
"Cartes_1993",37,"Marine","Ectotherm","Gut content (lethal)","Shannon",40.82,NA,10,"10km","Arthropods","Months",187,1988
"Cartes_1993",20,"Marine","Ectotherm","Gut content (lethal)","Shannon",41.13,NA,2,"1000m","Arthropods","Hours",12,1989
"Cartes_1993",22,"Marine","Ectotherm","Gut content (lethal)","Shannon",41.13,NA,10,"1000m","Arthropods","Hours",71,1990
"Cartes_1993",29,"Marine","Ectotherm","Gut content (lethal)","Shannon",41.13,NA,10,"1000m","Arthropods","Months",68,1989
"Cartes_1993",19,"Marine","Ectotherm","Gut content (lethal)","Shannon",41.13,NA,10,"1000m","Arthropods","Months",20,1989
"Cartes_1993",38,"Marine","Ectotherm","Gut content (lethal)","Shannon",41.13,NA,5,"1000m","Arthropods","Months",175,1989
"Cartes_1993",6,"Marine","Ectotherm","Gut content (lethal)","Shannon",41.13,NA,2,"1000m","Arthropods","Months",192,1989
"Dearborn_1977",6,"Marine","Ectotherm","Gut content (lethal)","Shannon",-64.88,NA,2,"100m","Echinoderms","Days",43,1973
"Dearborn_1977",10,"Marine","Ectotherm","Gut content (lethal)","Shannon",-64.94,NA,3,"100m","Echinoderms","Days",99,1973
"Fanelli_2004",10,"Marine","Ectotherm","Gut content (lethal)","Shannon",36.32,NA,5,"100km","Arthropods","Days",21,2002
"Fanelli_2004",26,"Marine","Ectotherm","Gut content (lethal)","Shannon",36.32,NA,5,"100km","Arthropods","Days",71,2002
"Fanelli_2004",62,"Marine","Ectotherm","Gut content (lethal)","Shannon",36.32,NA,5,"100km","Arthropods","Days",240,2002
"Fanelli_2004",28,"Marine","Ectotherm","Gut content (lethal)","Shannon",36.32,NA,5,"100km","Arthropods","Days",231,2002
"Ganmanee_2003",25,"Marine","Ectotherm","Gut content (lethal)","Shannon",34.75,NA,6,"10km","Echinoderms","Days",211,1997
"Ganmanee_2003",17,"Marine","Ectotherm","Gut content (lethal)","Shannon",34.75,NA,3,"10km","Echinoderms","Days",181,1997
"Ganmanee_2003",24,"Marine","Ectotherm","Gut content (lethal)","Shannon",34.75,NA,11,"10km","Echinoderms","Days",215,1996
"Ganmanee_2003",30,"Marine","Ectotherm","Gut content (lethal)","Shannon",34.75,NA,11,"10km","Echinoderms","Days",227,1997
"Ganmanee_2003",13,"Marine","Ectotherm","Gut content (lethal)","Shannon",34.75,NA,11,"1000m","Echinoderms","Days",8,1996
"Ganmanee_2003",20,"Marine","Ectotherm","Gut content (lethal)","Shannon",34.75,NA,6,"1000m","Echinoderms","Days",4,1997
"Ganmanee_2003",25,"Marine","Ectotherm","Gut content (lethal)","Shannon",34.75,NA,3,"1000m","Echinoderms","Days",3,1997
"Ganmanee_2003",13,"Marine","Ectotherm","Gut content (lethal)","Shannon",34.75,NA,11,"1000m","Echinoderms","Days",5,1996
"Ganmanee_2003",25,"Marine","Ectotherm","Gut content (lethal)","Shannon",34.75,NA,3,"1000m","Echinoderms","Days",5,1997
"Ganmanee_2003",13,"Marine","Ectotherm","Gut content (lethal)","Shannon",34.75,NA,11,"1000m","Echinoderms","Days",38,1996
"Ganmanee_2003",25,"Marine","Ectotherm","Gut content (lethal)","Shannon",34.75,NA,3,"1000m","Echinoderms","Days",20,1997
"Ganmanee_2003",25,"Marine","Ectotherm","Gut content (lethal)","Shannon",34.75,NA,3,"1000m","Echinoderms","Days",15,1997
"Ganmanee_2003",25,"Marine","Ectotherm","Gut content (lethal)","Shannon",34.75,NA,3,"1000m","Echinoderms","Days",20,1997
"Ganmanee_2003",25,"Marine","Ectotherm","Gut content (lethal)","Shannon",34.75,NA,3,"1000m","Echinoderms","Days",22,1997
"Ganmanee_2003",25,"Marine","Ectotherm","Gut content (lethal)","Shannon",34.75,NA,3,"1000m","Echinoderms","Days",42,1997
"Ganmanee_2003",25,"Marine","Ectotherm","Gut content (lethal)","Shannon",34.75,NA,3,"1000m","Echinoderms","Days",16,1997
"Ganmanee_2003",23,"Marine","Ectotherm","Gut content (lethal)","Shannon",34.75,NA,11,"1000m","Echinoderms","Days",4,1997
"Ganmanee_2003",23,"Marine","Ectotherm","Gut content (lethal)","Shannon",34.75,NA,11,"1000m","Echinoderms","Days",8,1997
"Ganmanee_2003",25,"Marine","Ectotherm","Gut content (lethal)","Shannon",34.75,NA,3,"1000m","Echinoderms","Days",34,1997
"Ganmanee_2003",20,"Marine","Ectotherm","Gut content (lethal)","Shannon",34.75,NA,6,"1000m","Echinoderms","Days",5,1997
"Ganmanee_2003",25,"Marine","Ectotherm","Gut content (lethal)","Shannon",34.75,NA,3,"1000m","Echinoderms","Days",20,1997
"Ganmanee_2003",23,"Marine","Ectotherm","Gut content (lethal)","Shannon",34.75,NA,11,"1000m","Echinoderms","Days",50,1997
"Ganmanee_2003",13,"Marine","Ectotherm","Gut content (lethal)","Shannon",34.75,NA,11,"1000m","Echinoderms","Days",36,1996
"Ganmanee_2003",13,"Marine","Ectotherm","Gut content (lethal)","Shannon",34.75,NA,11,"1000m","Echinoderms","Days",5,1996
"Ganmanee_2003",20,"Marine","Ectotherm","Gut content (lethal)","Shannon",34.75,NA,6,"1000m","Echinoderms","Days",50,1997
"Ganmanee_2003",20,"Marine","Ectotherm","Gut content (lethal)","Shannon",34.75,NA,6,"1000m","Echinoderms","Days",4,1997
"Ganmanee_2003",13,"Marine","Ectotherm","Gut content (lethal)","Shannon",34.75,NA,11,"1000m","Echinoderms","Days",18,1996
"Ganmanee_2003",23,"Marine","Ectotherm","Gut content (lethal)","Shannon",34.75,NA,11,"1000m","Echinoderms","Days",3,1997
"Ganmanee_2003",25,"Marine","Ectotherm","Gut content (lethal)","Shannon",34.75,NA,3,"1000m","Echinoderms","Days",5,1997
"Ganmanee_2003",23,"Marine","Ectotherm","Gut content (lethal)","Shannon",34.75,NA,11,"1000m","Echinoderms","Days",12,1997
"Ganmanee_2003",25,"Marine","Ectotherm","Gut content (lethal)","Shannon",34.75,NA,3,"1000m","Echinoderms","Days",18,1997
"Ganmanee_2003",20,"Marine","Ectotherm","Gut content (lethal)","Shannon",34.75,NA,6,"1000m","Echinoderms","Days",3,1997
"Ganmanee_2003",25,"Marine","Ectotherm","Gut content (lethal)","Shannon",34.75,NA,3,"1000m","Echinoderms","Days",28,1997
"Ganmanee_2003",20,"Marine","Ectotherm","Gut content (lethal)","Shannon",34.75,NA,6,"1000m","Echinoderms","Days",2,1997
"Ganmanee_2003",23,"Marine","Ectotherm","Gut content (lethal)","Shannon",34.75,NA,11,"1000m","Echinoderms","Days",11,1997
"Ganmanee_2003",23,"Marine","Ectotherm","Gut content (lethal)","Shannon",34.75,NA,11,"1000m","Echinoderms","Days",50,1997
"Ganmanee_2003",20,"Marine","Ectotherm","Gut content (lethal)","Shannon",34.75,NA,6,"1000m","Echinoderms","Days",37,1997
"Ganmanee_2003",25,"Marine","Ectotherm","Gut content (lethal)","Shannon",34.75,NA,3,"1000m","Echinoderms","Days",13,1997
"Ganmanee_2003",23,"Marine","Ectotherm","Gut content (lethal)","Shannon",34.75,NA,11,"1000m","Echinoderms","Days",8,1997
"Ganmanee_2003",13,"Marine","Ectotherm","Gut content (lethal)","Shannon",34.75,NA,11,"1000m","Echinoderms","Days",25,1996
"Ganmanee_2003",13,"Marine","Ectotherm","Gut content (lethal)","Shannon",34.75,NA,11,"1000m","Echinoderms","Days",25,1996
"Ganmanee_2003",25,"Marine","Ectotherm","Gut content (lethal)","Shannon",34.75,NA,3,"1000m","Echinoderms","Days",26,1997
"Ganmanee_2003",25,"Marine","Ectotherm","Gut content (lethal)","Shannon",34.75,NA,3,"1000m","Echinoderms","Days",34,1997
"Ganmanee_2003",13,"Marine","Ectotherm","Gut content (lethal)","Shannon",34.75,NA,11,"1000m","Echinoderms","Days",33,1996
"Ganmanee_2003",13,"Marine","Ectotherm","Gut content (lethal)","Shannon",34.75,NA,11,"1000m","Echinoderms","Days",9,1996
"Ganmanee_2003",23,"Marine","Ectotherm","Gut content (lethal)","Shannon",34.75,NA,11,"1000m","Echinoderms","Days",30,1997
"Ganmanee_2003",13,"Marine","Ectotherm","Gut content (lethal)","Shannon",34.75,NA,11,"1000m","Echinoderms","Days",15,1996
"Ganmanee_2003",23,"Marine","Ectotherm","Gut content (lethal)","Shannon",34.75,NA,11,"1000m","Echinoderms","Days",19,1997
"Ganmanee_2003",13,"Marine","Ectotherm","Gut content (lethal)","Shannon",34.75,NA,11,"1000m","Echinoderms","Days",5,1996
"Ganmanee_2003",23,"Marine","Ectotherm","Gut content (lethal)","Shannon",34.75,NA,11,"1000m","Echinoderms","Days",50,1997
"Ganmanee_2003",23,"Marine","Ectotherm","Gut content (lethal)","Shannon",34.75,NA,11,"1000m","Echinoderms","Days",12,1997
"Ganmanee_2003",25,"Marine","Ectotherm","Gut content (lethal)","Shannon",34.75,NA,3,"1000m","Echinoderms","Days",13,1997
"Ganmanee_2003",20,"Marine","Ectotherm","Gut content (lethal)","Shannon",34.75,NA,6,"1000m","Echinoderms","Days",50,1997
"Gaymer_2001",1,"Marine","Ectotherm","Direct observation","Shannon",50.51,NA,7,"100m","Echinoderms","Years",6,1997
"Gaymer_2001",2,"Marine","Ectotherm","Direct observation","Shannon",50.51,NA,7,"100m","Echinoderms","Years",39,1997
"Gaymer_2001",2,"Marine","Ectotherm","Direct observation","Shannon",50.51,NA,7,"100m","Echinoderms","Years",716,1997
"Gaymer_2001",3,"Marine","Ectotherm","Direct observation","Shannon",50.51,NA,7,"100m","Echinoderms","Years",162,1997
"Gaymer_2001",5,"Marine","Ectotherm","Direct observation","Shannon",50.22,NA,7,"100m","Echinoderms","Years",169,1996
"Gaymer_2001",5,"Marine","Ectotherm","Direct observation","Shannon",50.21,NA,7,"100m","Echinoderms","Years",841,1997
"Gaymer_2001",2,"Marine","Ectotherm","Direct observation","Shannon",50.21,NA,7,"100m","Echinoderms","Years",118,1997
"Gaymer_2001",5,"Marine","Ectotherm","Direct observation","Shannon",50.51,NA,7,"100m","Echinoderms","Years",1210,1997
"Gaymer_2001",4,"Marine","Ectotherm","Direct observation","Shannon",50.22,NA,7,"100m","Echinoderms","Years",86,1996
"Greenstone_1983",3,"Terrestrial","Ectotherm","Gut content (lethal)","Shannon",38.19,NA,7,"100m","Arthropods","Months",98,1972
"Guseinov_2004",11,"Terrestrial","Ectotherm","Direct observation","Shannon",40.42,NA,1,"10km","Arthropods","Years",2223,1999
"Henschel_1994",20,"Terrestrial","Ectotherm","Direct observation","Shannon",-23.5,NA,10,"100km","Arthropods","Years",146,1987
"Henschel_1994",72,"Terrestrial","Ectotherm","Direct observation","Shannon",-23.5,NA,10,"100km","Arthropods","Years",384,1987
"Henschel_1994",17,"Terrestrial","Ectotherm","Direct observation","Shannon",-20.08,NA,10,"100km","Arthropods","Years",39,1987
"Himmelman_1991",1,"Marine","Ectotherm","Direct observation","Shannon",50.22,NA,9,"100m","Echinoderms","Days",6,1984
"Howell_2003",1,"Marine","Ectotherm","Gut content (lethal)","Shannon",50,NA,4,"10m","Echinoderms","Months",30,2001
"Howell_2003",3,"Marine","Ectotherm","Gut content (lethal)","Shannon",50,NA,8,"10m","Echinoderms","Hours",52,2001
"Howell_2003",1,"Marine","Ectotherm","Gut content (lethal)","Shannon",50,NA,4,"10m","Echinoderms","Hours",249,2001
"Howell_2003",4,"Marine","Ectotherm","Gut content (lethal)","Shannon",50,NA,6,"10m","Echinoderms","Hours",3,2001
"Huseynov_2005",26,"Terrestrial","Ectotherm","Direct observation","Shannon",40.3,NA,5,"10km","Arthropods","Years",1531,1999
"Jewett_1983",18,"Marine","Ectotherm","Gut content (lethal)","Shannon",57.5,NA,10,"100m","Arthropods","Days",475,1979
"Jewett_1983",24,"Marine","Ectotherm","Gut content (lethal)","Shannon",57.5,NA,5,"100m","Arthropods","Days",45,1978
"Jewett_1983",24,"Marine","Ectotherm","Gut content (lethal)","Shannon",57.5,NA,3,"100m","Arthropods","Days",107,1979
"Jewett_1983",24,"Marine","Ectotherm","Gut content (lethal)","Shannon",57.5,NA,2,"100m","Arthropods","Days",210,1979
"Jewett_1983",24,"Marine","Ectotherm","Gut content (lethal)","Shannon",57.5,NA,6,"100m","Arthropods","Days",135,1978
"Jewett_1983",24,"Marine","Ectotherm","Gut content (lethal)","Shannon",57.5,NA,8,"100m","Arthropods","Days",46,1978
"Jewett_1983",24,"Marine","Ectotherm","Gut content (lethal)","Shannon",57.5,NA,11,"100m","Arthropods","Days",81,1978
"Jewett_1983",24,"Marine","Ectotherm","Gut content (lethal)","Shannon",57.5,NA,3,"100m","Arthropods","Days",88,1978
"Jewett_1983",24,"Marine","Ectotherm","Gut content (lethal)","Shannon",57.5,NA,4,"100m","Arthropods","Days",28,1978
"Jewett_1983",24,"Marine","Ectotherm","Gut content (lethal)","Shannon",57.5,NA,7,"100m","Arthropods","Days",284,1978
"Kloock_2001",21,"Terrestrial","Ectotherm","Direct observation","Shannon",42.25,NA,8,"10km","Arthropods","Years",812,1996
"Leon_2004",17,"Marine","Ectotherm","Gut content (lethal)","Shannon",-30.29,NA,5,"100m","Arthropods","Months",279,1996
"Leon_2004",12,"Marine","Ectotherm","Gut content (lethal)","Shannon",-30.29,NA,5,"100m","Arthropods","Months",54,1996
"Leon_2004",8,"Marine","Ectotherm","Gut content (lethal)","Shannon",-30.29,NA,5,"100m","Arthropods","Months",102,1996
"Loh_2011",14,"Marine","Ectotherm","Gut content (non-lethal)","Shannon",1.41,NA,1,"1000m","Echinoderms","Months",20,2009
"Loh_2011",7,"Marine","Ectotherm","Gut content (non-lethal)","Shannon",1.39,NA,1,"1000m","Echinoderms","Months",12,2009
"Loh_2011",10,"Marine","Ectotherm","Gut content (non-lethal)","Shannon",1.39,NA,1,"1000m","Echinoderms","Months",21,2009
"Loh_2011",8,"Marine","Ectotherm","Gut content (non-lethal)","Shannon",1.38,NA,1,"1000m","Echinoderms","Months",16,2009
"Mauzey_1966",18,"Marine","Ectotherm","Direct observation","Shannon",48.62,NA,6,"10m","Echinoderms","Days",100,1962
"Mauzey_1966",18,"Marine","Ectotherm","Direct observation","Shannon",48.62,NA,8,"10m","Echinoderms","Days",200,1963
"Mauzey_1966",18,"Marine","Ectotherm","Direct observation","Shannon",48.62,NA,9,"10m","Echinoderms","Days",200,1963
"Mauzey_1966",18,"Marine","Ectotherm","Direct observation","Shannon",48.62,NA,11,"10m","Echinoderms","Days",100,1963
"Mauzey_1966",18,"Marine","Ectotherm","Direct observation","Shannon",48.62,NA,2,"10m","Echinoderms","Days",100,1963
"Mauzey_1966",18,"Marine","Ectotherm","Direct observation","Shannon",48.62,NA,12,"10m","Echinoderms","Days",100,1963
"Mauzey_1966",18,"Marine","Ectotherm","Direct observation","Shannon",48.62,NA,2,"10m","Echinoderms","Days",100,1963
"Mauzey_1966",18,"Marine","Ectotherm","Direct observation","Shannon",48.62,NA,7,"10m","Echinoderms","Days",100,1962
"Mauzey_1966",18,"Marine","Ectotherm","Direct observation","Shannon",48.62,NA,3,"10m","Echinoderms","Days",100,1963
"Mauzey_1966",18,"Marine","Ectotherm","Direct observation","Shannon",48.62,NA,1,"10m","Echinoderms","Days",100,1964
"Mauzey_1966",18,"Marine","Ectotherm","Direct observation","Shannon",48.62,NA,7,"10m","Echinoderms","Days",200,1963
"Mauzey_1966",18,"Marine","Ectotherm","Direct observation","Shannon",48.62,NA,9,"10m","Echinoderms","Days",100,1962
"Mauzey_1966",18,"Marine","Ectotherm","Direct observation","Shannon",48.62,NA,4,"10m","Echinoderms","Days",100,1963
"Mauzey_1966",18,"Marine","Ectotherm","Direct observation","Shannon",48.62,NA,8,"10m","Echinoderms","Days",100,1962
"Mauzey_1966",18,"Marine","Ectotherm","Direct observation","Shannon",48.62,NA,5,"10m","Echinoderms","Days",200,1963
"Mauzey_1966",18,"Marine","Ectotherm","Direct observation","Shannon",48.62,NA,6,"10m","Echinoderms","Days",200,1963
"Mauzey_1966",18,"Marine","Ectotherm","Direct observation","Shannon",48.62,NA,11,"10m","Echinoderms","Days",100,1962
"Mauzey_1966",18,"Marine","Ectotherm","Direct observation","Shannon",48.62,NA,5,"10m","Echinoderms","Days",100,1962
"Mauzey_1966",18,"Marine","Ectotherm","Direct observation","Shannon",48.62,NA,1,"10m","Echinoderms","Days",100,1963
"Mauzey_1966",18,"Marine","Ectotherm","Direct observation","Shannon",48.62,NA,12,"10m","Echinoderms","Days",100,1963
"Mauzey_1966",18,"Marine","Ectotherm","Direct observation","Shannon",48.62,NA,7,"10m","Echinoderms","Days",100,1962
"Mauzey_1966",18,"Marine","Ectotherm","Direct observation","Shannon",48.62,NA,5,"10m","Echinoderms","Days",100,1962
"Mauzey_1966",18,"Marine","Ectotherm","Direct observation","Shannon",48.62,NA,6,"10m","Echinoderms","Days",100,1962
"Mauzey_1966",18,"Marine","Ectotherm","Direct observation","Shannon",48.62,NA,10,"10m","Echinoderms","Days",100,1962
"Mauzey_1966",18,"Marine","Ectotherm","Direct observation","Shannon",48.62,NA,3,"10m","Echinoderms","Days",100,1962
"Mauzey_1966",18,"Marine","Ectotherm","Direct observation","Shannon",48.62,NA,11,"10m","Echinoderms","Days",100,1962
"Mauzey_1966",18,"Marine","Ectotherm","Direct observation","Shannon",48.62,NA,8,"10m","Echinoderms","Days",100,1962
"Mauzey_1966",18,"Marine","Ectotherm","Direct observation","Shannon",48.62,NA,1,"10m","Echinoderms","Days",100,1963
"Mauzey_1966",18,"Marine","Ectotherm","Direct observation","Shannon",48.62,NA,9,"10m","Echinoderms","Days",100,1962
"Mauzey_1966",18,"Marine","Ectotherm","Direct observation","Shannon",48.62,NA,12,"10m","Echinoderms","Days",100,1962
"Mauzey_1966",18,"Marine","Ectotherm","Direct observation","Shannon",48.62,NA,4,"10m","Echinoderms","Days",100,1963
"Mauzey_1966",18,"Marine","Ectotherm","Direct observation","Shannon",48.62,NA,5,"10m","Echinoderms","Days",200,1963
"McClintock_1985",8,"Marine","Ectotherm","Gut content (lethal)","Shannon",17.92,NA,4,"10m","Echinoderms","Days",50,1983
"Menge_1972",22,"Marine","Ectotherm","Direct observation","Shannon",48.45,NA,1,"10m","Echinoderms","Months",50,1969
"Menge_1972",22,"Marine","Ectotherm","Direct observation","Shannon",48.45,NA,3,"10m","Echinoderms","Months",50,1969
"Menge_1972",16,"Marine","Ectotherm","Direct observation","Shannon",48.62,NA,3,"10m","Echinoderms","Months",50,1968
"Menge_1972",22,"Marine","Ectotherm","Direct observation","Shannon",48.45,NA,7,"10m","Echinoderms","Months",50,1969
"Menge_1972",17,"Marine","Ectotherm","Direct observation","Shannon",48.62,NA,10,"10m","Echinoderms","Months",50,1966
"Menge_1972",17,"Marine","Ectotherm","Direct observation","Shannon",48.62,NA,11,"10m","Echinoderms","Months",50,1966
"Menge_1972",16,"Marine","Ectotherm","Direct observation","Shannon",48.62,NA,8,"10m","Echinoderms","Months",50,1968
"Menge_1972",16,"Marine","Ectotherm","Direct observation","Shannon",48.62,NA,10,"10m","Echinoderms","Months",50,1968
"Menge_1972",17,"Marine","Ectotherm","Direct observation","Shannon",48.62,NA,3,"10m","Echinoderms","Months",50,1969
"Menge_1972",20,"Marine","Ectotherm","Direct observation","Shannon",48.53,NA,11,"10m","Echinoderms","Months",50,1967
"Menge_1972",16,"Marine","Ectotherm","Direct observation","Shannon",48.62,NA,11,"10m","Echinoderms","Months",50,1968
"Menge_1972",16,"Marine","Ectotherm","Direct observation","Shannon",48.62,NA,2,"10m","Echinoderms","Months",50,1969
"Menge_1972",17,"Marine","Ectotherm","Direct observation","Shannon",48.62,NA,7,"10m","Echinoderms","Months",50,1967
"Menge_1972",20,"Marine","Ectotherm","Direct observation","Shannon",48.53,NA,10,"10m","Echinoderms","Months",50,1968
"Menge_1972",17,"Marine","Ectotherm","Direct observation","Shannon",48.62,NA,3,"10m","Echinoderms","Months",50,1969
"Menge_1972",17,"Marine","Ectotherm","Direct observation","Shannon",48.62,NA,4,"10m","Echinoderms","Months",50,1969
"Menge_1972",16,"Marine","Ectotherm","Direct observation","Shannon",48.62,NA,7,"10m","Echinoderms","Months",50,1967
"Menge_1972",23,"Marine","Ectotherm","Direct observation","Shannon",48.51,NA,5,"10m","Echinoderms","Months",50,1968
"Menge_1972",22,"Marine","Ectotherm","Direct observation","Shannon",48.45,NA,8,"10m","Echinoderms","Months",50,1967
"Menge_1972",23,"Marine","Ectotherm","Direct observation","Shannon",48.51,NA,7,"10m","Echinoderms","Months",50,1968
"Menge_1972",16,"Marine","Ectotherm","Direct observation","Shannon",48.62,NA,10,"10m","Echinoderms","Months",50,1967
"Menge_1972",23,"Marine","Ectotherm","Direct observation","Shannon",48.51,NA,1,"10m","Echinoderms","Months",50,1969
"Menge_1972",16,"Marine","Ectotherm","Direct observation","Shannon",48.62,NA,4,"10m","Echinoderms","Months",50,1969
"Menge_1972",16,"Marine","Ectotherm","Direct observation","Shannon",48.62,NA,5,"10m","Echinoderms","Months",50,1969
"Menge_1972",17,"Marine","Ectotherm","Direct observation","Shannon",48.62,NA,12,"10m","Echinoderms","Months",50,1967
"Menge_1972",22,"Marine","Ectotherm","Direct observation","Shannon",48.45,NA,10,"10m","Echinoderms","Months",50,1967
"Menge_1972",22,"Marine","Ectotherm","Direct observation","Shannon",48.45,NA,1,"10m","Echinoderms","Months",50,1968
"Menge_1972",23,"Marine","Ectotherm","Direct observation","Shannon",48.51,NA,9,"10m","Echinoderms","Months",50,1968
"Menge_1972",17,"Marine","Ectotherm","Direct observation","Shannon",48.62,NA,5,"10m","Echinoderms","Months",50,1968
"Menge_1972",17,"Marine","Ectotherm","Direct observation","Shannon",48.62,NA,6,"10m","Echinoderms","Months",50,1968
"Menge_1972",17,"Marine","Ectotherm","Direct observation","Shannon",48.62,NA,1,"10m","Echinoderms","Months",50,1967
"Menge_1972",23,"Marine","Ectotherm","Direct observation","Shannon",48.51,NA,10,"10m","Echinoderms","Months",50,1967
"Menge_1972",20,"Marine","Ectotherm","Direct observation","Shannon",48.53,NA,4,"10m","Echinoderms","Months",50,1967
"Menge_1972",23,"Marine","Ectotherm","Direct observation","Shannon",48.51,NA,2,"10m","Echinoderms","Months",50,1968
"Menge_1972",17,"Marine","Ectotherm","Direct observation","Shannon",48.62,NA,12,"10m","Echinoderms","Months",50,1968
"Menge_1972",20,"Marine","Ectotherm","Direct observation","Shannon",48.53,NA,7,"10m","Echinoderms","Months",50,1968
"Menge_1972",23,"Marine","Ectotherm","Direct observation","Shannon",48.51,NA,6,"10m","Echinoderms","Months",50,1968
"Menge_1972",23,"Marine","Ectotherm","Direct observation","Shannon",48.51,NA,7,"10m","Echinoderms","Months",50,1968
"Menge_1972",23,"Marine","Ectotherm","Direct observation","Shannon",48.51,NA,8,"10m","Echinoderms","Months",50,1968
"Menge_1972",17,"Marine","Ectotherm","Direct observation","Shannon",48.62,NA,3,"10m","Echinoderms","Months",50,1967
"Menge_1972",16,"Marine","Ectotherm","Direct observation","Shannon",48.62,NA,8,"10m","Echinoderms","Months",50,1967
"Menge_1972",16,"Marine","Ectotherm","Direct observation","Shannon",48.62,NA,3,"10m","Echinoderms","Months",50,1969
"Menge_1972",20,"Marine","Ectotherm","Direct observation","Shannon",48.53,NA,8,"10m","Echinoderms","Months",50,1967
"Menge_1972",17,"Marine","Ectotherm","Direct observation","Shannon",48.62,NA,1,"10m","Echinoderms","Months",50,1968
"Menge_1972",17,"Marine","Ectotherm","Direct observation","Shannon",48.62,NA,2,"10m","Echinoderms","Months",50,1968
"Menge_1972",22,"Marine","Ectotherm","Direct observation","Shannon",48.45,NA,6,"10m","Echinoderms","Months",50,1967
"Menge_1972",16,"Marine","Ectotherm","Direct observation","Shannon",48.62,NA,12,"10m","Echinoderms","Months",50,1968
"Menge_1972",16,"Marine","Ectotherm","Direct observation","Shannon",48.62,NA,4,"10m","Echinoderms","Months",50,1968
"Menge_1972",23,"Marine","Ectotherm","Direct observation","Shannon",48.51,NA,5,"10m","Echinoderms","Months",50,1967
"Menge_1972",16,"Marine","Ectotherm","Direct observation","Shannon",48.62,NA,7,"10m","Echinoderms","Months",50,1968
"Menge_1972",17,"Marine","Ectotherm","Direct observation","Shannon",48.62,NA,11,"10m","Echinoderms","Months",50,1968
"Menge_1972",22,"Marine","Ectotherm","Direct observation","Shannon",48.45,NA,7,"10m","Echinoderms","Months",50,1968
"Menge_1972",20,"Marine","Ectotherm","Direct observation","Shannon",48.53,NA,5,"10m","Echinoderms","Months",50,1968
"Menge_1972",16,"Marine","Ectotherm","Direct observation","Shannon",48.62,NA,2,"10m","Echinoderms","Months",50,1968
"Menge_1972",17,"Marine","Ectotherm","Direct observation","Shannon",48.62,NA,12,"10m","Echinoderms","Months",50,1968
"Menge_1972",23,"Marine","Ectotherm","Direct observation","Shannon",48.51,NA,8,"10m","Echinoderms","Months",50,1967
"Menge_1972",23,"Marine","Ectotherm","Direct observation","Shannon",48.51,NA,10,"10m","Echinoderms","Months",50,1967
"Menge_1972",20,"Marine","Ectotherm","Direct observation","Shannon",48.53,NA,4,"10m","Echinoderms","Months",50,1968
"Menge_1972",23,"Marine","Ectotherm","Direct observation","Shannon",48.51,NA,12,"10m","Echinoderms","Months",50,1967
"Menge_1972",17,"Marine","Ectotherm","Direct observation","Shannon",48.62,NA,3,"10m","Echinoderms","Months",50,1968
"Menge_1972",16,"Marine","Ectotherm","Direct observation","Shannon",48.62,NA,7,"10m","Echinoderms","Months",50,1968
"Menge_1972",17,"Marine","Ectotherm","Direct observation","Shannon",48.62,NA,8,"10m","Echinoderms","Months",50,1967
"Menge_1972",17,"Marine","Ectotherm","Direct observation","Shannon",48.62,NA,11,"10m","Echinoderms","Months",50,1967
"Menge_1972",22,"Marine","Ectotherm","Direct observation","Shannon",48.45,NA,12,"10m","Echinoderms","Months",50,1967
"Menge_1972",23,"Marine","Ectotherm","Direct observation","Shannon",48.51,NA,6,"10m","Echinoderms","Months",50,1968
"Menge_1972",22,"Marine","Ectotherm","Direct observation","Shannon",48.45,NA,1,"10m","Echinoderms","Months",50,1969
"Menge_1972",16,"Marine","Ectotherm","Direct observation","Shannon",48.62,NA,12,"10m","Echinoderms","Months",50,1967
"Menge_1972",16,"Marine","Ectotherm","Direct observation","Shannon",48.62,NA,5,"10m","Echinoderms","Months",50,1967
"Menge_1972",17,"Marine","Ectotherm","Direct observation","Shannon",48.62,NA,2,"10m","Echinoderms","Months",50,1969
"Menge_1972",20,"Marine","Ectotherm","Direct observation","Shannon",48.53,NA,8,"10m","Echinoderms","Months",50,1968
"Menge_1972",16,"Marine","Ectotherm","Direct observation","Shannon",48.62,NA,6,"10m","Echinoderms","Months",50,1969
"Menge_1972",20,"Marine","Ectotherm","Direct observation","Shannon",48.53,NA,6,"10m","Echinoderms","Months",50,1968
"Menge_1972",22,"Marine","Ectotherm","Direct observation","Shannon",48.45,NA,5,"10m","Echinoderms","Months",50,1968
"Menge_1972",20,"Marine","Ectotherm","Direct observation","Shannon",48.53,NA,8,"10m","Echinoderms","Months",50,1969
"Menge_1972",23,"Marine","Ectotherm","Direct observation","Shannon",48.51,NA,4,"10m","Echinoderms","Months",50,1967
"Menge_1972",20,"Marine","Ectotherm","Direct observation","Shannon",48.53,NA,2,"10m","Echinoderms","Months",50,1968
"Menge_1972",22,"Marine","Ectotherm","Direct observation","Shannon",48.45,NA,8,"10m","Echinoderms","Months",50,1967
"Menge_1972",16,"Marine","Ectotherm","Direct observation","Shannon",48.62,NA,1,"10m","Echinoderms","Months",50,1969
"Menge_1972",20,"Marine","Ectotherm","Direct observation","Shannon",48.53,NA,9,"10m","Echinoderms","Months",50,1968
"Menge_1972",20,"Marine","Ectotherm","Direct observation","Shannon",48.53,NA,8,"10m","Echinoderms","Months",50,1967
"Menge_1972",20,"Marine","Ectotherm","Direct observation","Shannon",48.53,NA,9,"10m","Echinoderms","Months",50,1967
"Menge_1972",16,"Marine","Ectotherm","Direct observation","Shannon",48.62,NA,2,"10m","Echinoderms","Months",50,1969
"Menge_1972",17,"Marine","Ectotherm","Direct observation","Shannon",48.62,NA,5,"10m","Echinoderms","Months",50,1969
"Menge_1972",22,"Marine","Ectotherm","Direct observation","Shannon",48.45,NA,7,"10m","Echinoderms","Months",50,1968
"Menge_1972",22,"Marine","Ectotherm","Direct observation","Shannon",48.45,NA,8,"10m","Echinoderms","Months",50,1968
"Menge_1972",16,"Marine","Ectotherm","Direct observation","Shannon",48.62,NA,9,"10m","Echinoderms","Months",50,1967
"Menge_1972",22,"Marine","Ectotherm","Direct observation","Shannon",48.45,NA,12,"10m","Echinoderms","Months",50,1968
"Menge_1972",16,"Marine","Ectotherm","Direct observation","Shannon",48.62,NA,7,"10m","Echinoderms","Months",50,1969
"Menge_1972",17,"Marine","Ectotherm","Direct observation","Shannon",48.62,NA,12,"10m","Echinoderms","Months",50,1967
"Menge_1972",22,"Marine","Ectotherm","Direct observation","Shannon",48.45,NA,10,"10m","Echinoderms","Months",50,1968
"Menge_1972",22,"Marine","Ectotherm","Direct observation","Shannon",48.45,NA,6,"10m","Echinoderms","Months",50,1969
"Menge_1972",22,"Marine","Ectotherm","Direct observation","Shannon",48.45,NA,2,"10m","Echinoderms","Months",50,1969
"Menge_1972",16,"Marine","Ectotherm","Direct observation","Shannon",48.62,NA,1,"10m","Echinoderms","Months",50,1968
"Menge_1972",17,"Marine","Ectotherm","Direct observation","Shannon",48.62,NA,6,"10m","Echinoderms","Months",50,1967
"Menge_1972",17,"Marine","Ectotherm","Direct observation","Shannon",48.62,NA,4,"10m","Echinoderms","Months",50,1967
"Menge_1972",23,"Marine","Ectotherm","Direct observation","Shannon",48.51,NA,10,"10m","Echinoderms","Months",50,1968
"Menge_1972",23,"Marine","Ectotherm","Direct observation","Shannon",48.51,NA,1,"10m","Echinoderms","Months",50,1969
"Menge_1972",23,"Marine","Ectotherm","Direct observation","Shannon",48.51,NA,6,"10m","Echinoderms","Months",50,1969
"Menge_1972",17,"Marine","Ectotherm","Direct observation","Shannon",48.62,NA,2,"10m","Echinoderms","Months",50,1968
"Menge_1972",22,"Marine","Ectotherm","Direct observation","Shannon",48.45,NA,9,"10m","Echinoderms","Months",50,1967
"Menge_1972",22,"Marine","Ectotherm","Direct observation","Shannon",48.45,NA,4,"10m","Echinoderms","Months",50,1968
"Menge_1972",17,"Marine","Ectotherm","Direct observation","Shannon",48.62,NA,1,"10m","Echinoderms","Months",50,1968
"Menge_1972",16,"Marine","Ectotherm","Direct observation","Shannon",48.62,NA,11,"10m","Echinoderms","Months",50,1967
"Menge_1972",22,"Marine","Ectotherm","Direct observation","Shannon",48.45,NA,3,"10m","Echinoderms","Months",50,1969
"Menge_1972",23,"Marine","Ectotherm","Direct observation","Shannon",48.51,NA,11,"10m","Echinoderms","Months",50,1967
"Menge_1972",22,"Marine","Ectotherm","Direct observation","Shannon",48.45,NA,8,"10m","Echinoderms","Months",50,1968
"Menge_1972",17,"Marine","Ectotherm","Direct observation","Shannon",48.62,NA,8,"10m","Echinoderms","Months",50,1968
"Menge_1972",20,"Marine","Ectotherm","Direct observation","Shannon",48.53,NA,7,"10m","Echinoderms","Months",50,1967
"Menge_1972",20,"Marine","Ectotherm","Direct observation","Shannon",48.53,NA,10,"10m","Echinoderms","Months",50,1967
"Menge_1972",17,"Marine","Ectotherm","Direct observation","Shannon",48.62,NA,2,"10m","Echinoderms","Months",50,1969
"Menge_1972",20,"Marine","Ectotherm","Direct observation","Shannon",48.53,NA,1,"10m","Echinoderms","Months",50,1968
"Menge_1972",20,"Marine","Ectotherm","Direct observation","Shannon",48.53,NA,2,"10m","Echinoderms","Months",50,1968
"Menge_1972",20,"Marine","Ectotherm","Direct observation","Shannon",48.53,NA,3,"10m","Echinoderms","Months",50,1968
"Menge_1972",23,"Marine","Ectotherm","Direct observation","Shannon",48.51,NA,11,"10m","Echinoderms","Months",50,1967
"Menge_1972",23,"Marine","Ectotherm","Direct observation","Shannon",48.51,NA,7,"10m","Echinoderms","Months",50,1969
"Menge_1972",23,"Marine","Ectotherm","Direct observation","Shannon",48.51,NA,8,"10m","Echinoderms","Months",50,1969
"Menge_1972",17,"Marine","Ectotherm","Direct observation","Shannon",48.62,NA,9,"10m","Echinoderms","Months",50,1967
"Menge_1972",16,"Marine","Ectotherm","Direct observation","Shannon",48.62,NA,11,"10m","Echinoderms","Months",50,1968
"Menge_1972",17,"Marine","Ectotherm","Direct observation","Shannon",48.62,NA,5,"10m","Echinoderms","Months",50,1968
"Menge_1972",17,"Marine","Ectotherm","Direct observation","Shannon",48.62,NA,8,"10m","Echinoderms","Months",50,1969
"Menge_1972",20,"Marine","Ectotherm","Direct observation","Shannon",48.53,NA,4,"10m","Echinoderms","Months",50,1968
"Menge_1972",23,"Marine","Ectotherm","Direct observation","Shannon",48.51,NA,1,"10m","Echinoderms","Months",50,1968
"Menge_1972",16,"Marine","Ectotherm","Direct observation","Shannon",48.62,NA,9,"10m","Echinoderms","Months",50,1967
"Menge_1972",22,"Marine","Ectotherm","Direct observation","Shannon",48.45,NA,3,"10m","Echinoderms","Months",50,1968
"Menge_1972",20,"Marine","Ectotherm","Direct observation","Shannon",48.53,NA,6,"10m","Echinoderms","Months",50,1968
"Menge_1972",20,"Marine","Ectotherm","Direct observation","Shannon",48.53,NA,10,"10m","Echinoderms","Months",50,1967
"Menge_1972",22,"Marine","Ectotherm","Direct observation","Shannon",48.45,NA,11,"10m","Echinoderms","Months",50,1968
"Menge_1972",22,"Marine","Ectotherm","Direct observation","Shannon",48.45,NA,5,"10m","Echinoderms","Months",50,1969
"Menge_1972",16,"Marine","Ectotherm","Direct observation","Shannon",48.62,NA,8,"10m","Echinoderms","Months",50,1969
"Menge_1972",22,"Marine","Ectotherm","Direct observation","Shannon",48.45,NA,10,"10m","Echinoderms","Months",50,1968
"Menge_1972",23,"Marine","Ectotherm","Direct observation","Shannon",48.51,NA,4,"10m","Echinoderms","Months",50,1968
"Menge_1972",23,"Marine","Ectotherm","Direct observation","Shannon",48.51,NA,12,"10m","Echinoderms","Months",50,1968
"Menge_1972",17,"Marine","Ectotherm","Direct observation","Shannon",48.62,NA,7,"10m","Echinoderms","Months",50,1969
"Menge_1972",17,"Marine","Ectotherm","Direct observation","Shannon",48.62,NA,5,"10m","Echinoderms","Months",50,1967
"Menge_1972",16,"Marine","Ectotherm","Direct observation","Shannon",48.62,NA,1,"10m","Echinoderms","Months",50,1969
"Menge_1972",23,"Marine","Ectotherm","Direct observation","Shannon",48.51,NA,2,"10m","Echinoderms","Months",50,1967
"Menge_1972",20,"Marine","Ectotherm","Direct observation","Shannon",48.53,NA,5,"10m","Echinoderms","Months",50,1969
"Menge_1972",16,"Marine","Ectotherm","Direct observation","Shannon",48.62,NA,10,"10m","Echinoderms","Months",50,1968
"Menge_1972",16,"Marine","Ectotherm","Direct observation","Shannon",48.62,NA,6,"10m","Echinoderms","Months",50,1968
"Menge_1972",17,"Marine","Ectotherm","Direct observation","Shannon",48.62,NA,10,"10m","Echinoderms","Months",50,1968
"Menge_1972",17,"Marine","Ectotherm","Direct observation","Shannon",48.62,NA,4,"10m","Echinoderms","Months",50,1968
"Menge_1972",17,"Marine","Ectotherm","Direct observation","Shannon",48.62,NA,6,"10m","Echinoderms","Months",50,1969
"Menge_1972",17,"Marine","Ectotherm","Direct observation","Shannon",48.62,NA,6,"10m","Echinoderms","Months",50,1968
"Menge_1972",23,"Marine","Ectotherm","Direct observation","Shannon",48.51,NA,4,"10m","Echinoderms","Months",50,1968
"Menge_1972",22,"Marine","Ectotherm","Direct observation","Shannon",48.45,NA,11,"10m","Echinoderms","Months",50,1967
"Menge_1972",20,"Marine","Ectotherm","Direct observation","Shannon",48.53,NA,3,"10m","Echinoderms","Months",50,1969
"Menge_1972",23,"Marine","Ectotherm","Direct observation","Shannon",48.51,NA,5,"10m","Echinoderms","Months",50,1969
"Menge_1972",20,"Marine","Ectotherm","Direct observation","Shannon",48.53,NA,6,"10m","Echinoderms","Months",50,1969
"Menge_1972",23,"Marine","Ectotherm","Direct observation","Shannon",48.51,NA,5,"10m","Echinoderms","Months",50,1968
"Menge_1972",17,"Marine","Ectotherm","Direct observation","Shannon",48.62,NA,1,"10m","Echinoderms","Months",50,1969
"Menge_1972",22,"Marine","Ectotherm","Direct observation","Shannon",48.45,NA,5,"10m","Echinoderms","Months",50,1967
"Menge_1972",23,"Marine","Ectotherm","Direct observation","Shannon",48.51,NA,2,"10m","Echinoderms","Months",50,1969
"Menge_1972",16,"Marine","Ectotherm","Direct observation","Shannon",48.62,NA,12,"10m","Echinoderms","Months",50,1968
"Menge_1972",23,"Marine","Ectotherm","Direct observation","Shannon",48.51,NA,6,"10m","Echinoderms","Months",50,1969
"Menge_1972",22,"Marine","Ectotherm","Direct observation","Shannon",48.45,NA,10,"10m","Echinoderms","Months",50,1967
"Menge_1972",20,"Marine","Ectotherm","Direct observation","Shannon",48.53,NA,5,"10m","Echinoderms","Months",50,1968
"Menge_1972",17,"Marine","Ectotherm","Direct observation","Shannon",48.62,NA,10,"10m","Echinoderms","Months",50,1968
"Menge_1972",16,"Marine","Ectotherm","Direct observation","Shannon",48.62,NA,8,"10m","Echinoderms","Months",50,1967
"Menge_1972",17,"Marine","Ectotherm","Direct observation","Shannon",48.62,NA,7,"10m","Echinoderms","Months",50,1968
"Menge_1972",16,"Marine","Ectotherm","Direct observation","Shannon",48.62,NA,7,"10m","Echinoderms","Months",50,1969
"Menge_1972",22,"Marine","Ectotherm","Direct observation","Shannon",48.45,NA,6,"10m","Echinoderms","Months",50,1968
"Menge_1972",17,"Marine","Ectotherm","Direct observation","Shannon",48.62,NA,4,"10m","Echinoderms","Months",50,1968
"Menge_1972",16,"Marine","Ectotherm","Direct observation","Shannon",48.62,NA,6,"10m","Echinoderms","Months",50,1969
"Menge_1972",23,"Marine","Ectotherm","Direct observation","Shannon",48.51,NA,3,"10m","Echinoderms","Months",50,1969
"Menge_1972",17,"Marine","Ectotherm","Direct observation","Shannon",48.62,NA,8,"10m","Echinoderms","Months",50,1968
"Menge_1972",20,"Marine","Ectotherm","Direct observation","Shannon",48.53,NA,1,"10m","Echinoderms","Months",50,1968
"Menge_1972",23,"Marine","Ectotherm","Direct observation","Shannon",48.51,NA,3,"10m","Echinoderms","Months",50,1967
"Menge_1972",16,"Marine","Ectotherm","Direct observation","Shannon",48.62,NA,6,"10m","Echinoderms","Months",50,1968
"Menge_1972",23,"Marine","Ectotherm","Direct observation","Shannon",48.51,NA,9,"10m","Echinoderms","Months",50,1967
"Menge_1972",22,"Marine","Ectotherm","Direct observation","Shannon",48.45,NA,7,"10m","Echinoderms","Months",50,1967
"Menge_1972",17,"Marine","Ectotherm","Direct observation","Shannon",48.62,NA,10,"10m","Echinoderms","Months",50,1967
"Menge_1972",16,"Marine","Ectotherm","Direct observation","Shannon",48.62,NA,5,"10m","Echinoderms","Months",50,1969
"Menge_1972",22,"Marine","Ectotherm","Direct observation","Shannon",48.45,NA,4,"10m","Echinoderms","Months",50,1968
"Menge_1972",20,"Marine","Ectotherm","Direct observation","Shannon",48.53,NA,12,"10m","Echinoderms","Months",50,1967
"Menge_1972",16,"Marine","Ectotherm","Direct observation","Shannon",48.62,NA,9,"10m","Echinoderms","Months",50,1968
"Menge_1972",20,"Marine","Ectotherm","Direct observation","Shannon",48.53,NA,11,"10m","Echinoderms","Months",50,1967
"Menge_1972",20,"Marine","Ectotherm","Direct observation","Shannon",48.53,NA,5,"10m","Echinoderms","Months",50,1969
"Menge_1972",20,"Marine","Ectotherm","Direct observation","Shannon",48.53,NA,5,"10m","Echinoderms","Months",50,1967
"Menge_1972",23,"Marine","Ectotherm","Direct observation","Shannon",48.51,NA,6,"10m","Echinoderms","Months",50,1967
"Menge_1972",23,"Marine","Ectotherm","Direct observation","Shannon",48.51,NA,7,"10m","Echinoderms","Months",50,1967
"Menge_1972",17,"Marine","Ectotherm","Direct observation","Shannon",48.62,NA,1,"10m","Echinoderms","Months",50,1969
"Menge_1972",17,"Marine","Ectotherm","Direct observation","Shannon",48.62,NA,8,"10m","Echinoderms","Months",50,1967
"Menge_1972",22,"Marine","Ectotherm","Direct observation","Shannon",48.45,NA,12,"10m","Echinoderms","Months",50,1968
"Menge_1972",16,"Marine","Ectotherm","Direct observation","Shannon",48.62,NA,4,"10m","Echinoderms","Months",50,1968
"Menge_1972",16,"Marine","Ectotherm","Direct observation","Shannon",48.62,NA,12,"10m","Echinoderms","Months",50,1967
"Menge_1972",16,"Marine","Ectotherm","Direct observation","Shannon",48.62,NA,11,"10m","Echinoderms","Months",50,1967
"Menge_1972",23,"Marine","Ectotherm","Direct observation","Shannon",48.51,NA,8,"10m","Echinoderms","Months",50,1967
"Menge_1972",16,"Marine","Ectotherm","Direct observation","Shannon",48.62,NA,5,"10m","Echinoderms","Months",50,1968
"Menge_1972",23,"Marine","Ectotherm","Direct observation","Shannon",48.51,NA,3,"10m","Echinoderms","Months",50,1968
"Menge_1972",17,"Marine","Ectotherm","Direct observation","Shannon",48.62,NA,11,"10m","Echinoderms","Months",50,1967
"Menge_1972",23,"Marine","Ectotherm","Direct observation","Shannon",48.51,NA,3,"10m","Echinoderms","Months",50,1968
"Menge_1972",16,"Marine","Ectotherm","Direct observation","Shannon",48.62,NA,2,"10m","Echinoderms","Months",50,1968
"Menge_1972",23,"Marine","Ectotherm","Direct observation","Shannon",48.51,NA,2,"10m","Echinoderms","Months",50,1968
"Menge_1972",22,"Marine","Ectotherm","Direct observation","Shannon",48.45,NA,6,"10m","Echinoderms","Months",50,1968
"Menge_1972",16,"Marine","Ectotherm","Direct observation","Shannon",48.62,NA,3,"10m","Echinoderms","Months",50,1969
"Menge_1972",23,"Marine","Ectotherm","Direct observation","Shannon",48.51,NA,10,"10m","Echinoderms","Months",50,1968
"Menge_1972",20,"Marine","Ectotherm","Direct observation","Shannon",48.53,NA,6,"10m","Echinoderms","Months",50,1967
"Menge_1972",17,"Marine","Ectotherm","Direct observation","Shannon",48.62,NA,7,"10m","Echinoderms","Months",50,1968
"Menge_1972",23,"Marine","Ectotherm","Direct observation","Shannon",48.51,NA,3,"10m","Echinoderms","Months",50,1969
"Menge_1972",23,"Marine","Ectotherm","Direct observation","Shannon",48.51,NA,5,"10m","Echinoderms","Months",50,1969
"Menge_1972",20,"Marine","Ectotherm","Direct observation","Shannon",48.53,NA,3,"10m","Echinoderms","Months",50,1969
"Menge_1972",16,"Marine","Ectotherm","Direct observation","Shannon",48.62,NA,1,"10m","Echinoderms","Months",50,1968
"Menge_1972",23,"Marine","Ectotherm","Direct observation","Shannon",48.51,NA,1,"10m","Echinoderms","Months",50,1968
"Menge_1972",23,"Marine","Ectotherm","Direct observation","Shannon",48.51,NA,12,"10m","Echinoderms","Months",50,1967
"Menge_1972",22,"Marine","Ectotherm","Direct observation","Shannon",48.45,NA,11,"10m","Echinoderms","Months",50,1968
"Menge_1972",17,"Marine","Ectotherm","Direct observation","Shannon",48.62,NA,11,"10m","Echinoderms","Months",50,1968
"Menge_1972",16,"Marine","Ectotherm","Direct observation","Shannon",48.62,NA,6,"10m","Echinoderms","Months",50,1968
"Menge_1972",17,"Marine","Ectotherm","Direct observation","Shannon",48.62,NA,10,"10m","Echinoderms","Months",50,1967
"Menge_1972",20,"Marine","Ectotherm","Direct observation","Shannon",48.53,NA,3,"10m","Echinoderms","Months",50,1967
"Menge_1972",17,"Marine","Ectotherm","Direct observation","Shannon",48.62,NA,4,"10m","Echinoderms","Months",50,1969
"Menge_1972",16,"Marine","Ectotherm","Direct observation","Shannon",48.62,NA,5,"10m","Echinoderms","Months",50,1968
"Metillo_2011",7,"Marine","Ectotherm","Gut content (lethal)","Shannon",8.21,NA,3,"100m","Arthropods","Months",35,1999
"Metillo_2011",6,"Marine","Ectotherm","Gut content (lethal)","Shannon",8.2,NA,8,"100m","Arthropods","Months",35,1999
"Metillo_2011",7,"Marine","Ectotherm","Gut content (lethal)","Shannon",8.2,NA,5,"100m","Arthropods","Months",35,1999
"Metillo_2011",7,"Marine","Ectotherm","Gut content (lethal)","Shannon",8.21,NA,12,"100m","Arthropods","Months",35,1999
"Metillo_2011",7,"Marine","Ectotherm","Gut content (lethal)","Shannon",8.21,NA,1,"100m","Arthropods","Months",35,2000
"Metillo_2011",8,"Marine","Ectotherm","Gut content (lethal)","Shannon",8.2,NA,9,"100m","Arthropods","Months",35,1999
"Metillo_2011",11,"Marine","Ectotherm","Gut content (lethal)","Shannon",8.2,NA,10,"100m","Arthropods","Months",35,1999
"Metillo_2011",7,"Marine","Ectotherm","Gut content (lethal)","Shannon",8.2,NA,12,"100m","Arthropods","Months",35,1999
"Metillo_2011",7,"Marine","Ectotherm","Gut content (lethal)","Shannon",8.2,NA,1,"100m","Arthropods","Months",35,2000
"Metillo_2011",7,"Marine","Ectotherm","Gut content (lethal)","Shannon",8.21,NA,5,"100m","Arthropods","Months",35,1999
"Metillo_2011",5,"Marine","Ectotherm","Gut content (lethal)","Shannon",8.21,NA,6,"100m","Arthropods","Months",35,1999
"Metillo_2011",7,"Marine","Ectotherm","Gut content (lethal)","Shannon",8.2,NA,2,"100m","Arthropods","Months",35,1999
"Metillo_2011",9,"Marine","Ectotherm","Gut content (lethal)","Shannon",8.21,NA,7,"100m","Arthropods","Months",35,1999
"Metillo_2011",5,"Marine","Ectotherm","Gut content (lethal)","Shannon",8.21,NA,4,"100m","Arthropods","Months",35,1999
"Metillo_2011",7,"Marine","Ectotherm","Gut content (lethal)","Shannon",8.2,NA,5,"100m","Arthropods","Months",35,1999
"Metillo_2011",8,"Marine","Ectotherm","Gut content (lethal)","Shannon",8.2,NA,9,"100m","Arthropods","Months",35,1999
"Metillo_2011",9,"Marine","Ectotherm","Gut content (lethal)","Shannon",8.2,NA,10,"100m","Arthropods","Months",35,1999
"Metillo_2011",8,"Marine","Ectotherm","Gut content (lethal)","Shannon",8.21,NA,8,"100m","Arthropods","Months",35,1999
"Metillo_2011",9,"Marine","Ectotherm","Gut content (lethal)","Shannon",8.2,NA,7,"100m","Arthropods","Months",35,1999
"Metillo_2011",10,"Marine","Ectotherm","Gut content (lethal)","Shannon",8.2,NA,11,"100m","Arthropods","Months",35,1999
"Metillo_2011",7,"Marine","Ectotherm","Gut content (lethal)","Shannon",8.21,NA,5,"100m","Arthropods","Months",35,1999
"Metillo_2011",5,"Marine","Ectotherm","Gut content (lethal)","Shannon",8.2,NA,6,"100m","Arthropods","Months",35,1999
"Metillo_2011",5,"Marine","Ectotherm","Gut content (lethal)","Shannon",8.2,NA,4,"100m","Arthropods","Months",35,1999
"Metillo_2011",7,"Marine","Ectotherm","Gut content (lethal)","Shannon",8.2,NA,3,"100m","Arthropods","Months",35,1999
"Metillo_2011",11,"Marine","Ectotherm","Gut content (lethal)","Shannon",8.21,NA,10,"100m","Arthropods","Months",35,1999
"Metillo_2011",10,"Marine","Ectotherm","Gut content (lethal)","Shannon",8.21,NA,11,"100m","Arthropods","Months",35,1999
"Metillo_2011",7,"Marine","Ectotherm","Gut content (lethal)","Shannon",8.21,NA,2,"100m","Arthropods","Months",35,1999
"Metillo_2011",8,"Marine","Ectotherm","Gut content (lethal)","Shannon",8.2,NA,8,"100m","Arthropods","Months",35,1999
"Metillo_2011",8,"Marine","Ectotherm","Gut content (lethal)","Shannon",8.21,NA,9,"100m","Arthropods","Months",35,1999
"Metillo_2011",9,"Marine","Ectotherm","Gut content (lethal)","Shannon",8.21,NA,10,"100m","Arthropods","Months",35,1999
"Metillo_2011",7,"Marine","Ectotherm","Gut content (lethal)","Shannon",8.21,NA,6,"100m","Arthropods","Months",35,1999
"Metillo_2011",7,"Marine","Ectotherm","Gut content (lethal)","Shannon",8.2,NA,6,"100m","Arthropods","Months",35,1999
"Metillo_2011",6,"Marine","Ectotherm","Gut content (lethal)","Shannon",8.21,NA,8,"100m","Arthropods","Months",35,1999
"Metillo_2011",8,"Marine","Ectotherm","Gut content (lethal)","Shannon",8.21,NA,9,"100m","Arthropods","Months",35,1999
"Metillo_2011",9,"Marine","Ectotherm","Gut content (lethal)","Shannon",8.2,NA,7,"100m","Arthropods","Months",35,1999
"Metillo_2011",9,"Marine","Ectotherm","Gut content (lethal)","Shannon",8.21,NA,7,"100m","Arthropods","Months",35,1999
"Nentwig_1985",6,"Terrestrial","Ectotherm","Direct observation","Shannon",9.12,NA,2,"10m","Arthropods","Days",736,1984
"Paul_1975",27,"Marine","Ectotherm","Direct observation","Shannon",60.64,NA,2,"10m","Echinoderms","Hours",2,1973
"Paul_1975",27,"Marine","Ectotherm","Direct observation","Shannon",60.34,NA,5,"10m","Echinoderms","Hours",51,1973
"Paul_1975",27,"Marine","Ectotherm","Direct observation","Shannon",60.64,NA,1,"10m","Echinoderms","Hours",11,1973
"Paul_1975",27,"Marine","Ectotherm","Direct observation","Shannon",60.85,NA,8,"10m","Echinoderms","Hours",4,1971
"Paul_1975",27,"Marine","Ectotherm","Direct observation","Shannon",60.64,NA,5,"10m","Echinoderms","Hours",56,1973
"Paul_1975",27,"Marine","Ectotherm","Direct observation","Shannon",60.64,NA,2,"10m","Echinoderms","Hours",15,1973
"Paul_1975",27,"Marine","Ectotherm","Direct observation","Shannon",60.72,NA,3,"10m","Echinoderms","Hours",102,1973
"Paul_1975",27,"Marine","Ectotherm","Direct observation","Shannon",60.64,NA,8,"10m","Echinoderms","Hours",8,1973
"Paul_1975",27,"Marine","Ectotherm","Direct observation","Shannon",60.76,NA,5,"10m","Echinoderms","Hours",37,1973
"Paul_1975",27,"Marine","Ectotherm","Direct observation","Shannon",60.34,NA,5,"10m","Echinoderms","Hours",16,1973
"Paul_1975",27,"Marine","Ectotherm","Direct observation","Shannon",60.73,NA,3,"10m","Echinoderms","Hours",58,1973
"Paul_1975",27,"Marine","Ectotherm","Direct observation","Shannon",60.85,NA,9,"10m","Echinoderms","Hours",18,1972
"Paul_1975",27,"Marine","Ectotherm","Direct observation","Shannon",60.34,NA,10,"10m","Echinoderms","Hours",20,1973
"Paul_1975",27,"Marine","Ectotherm","Direct observation","Shannon",60.64,NA,8,"10m","Echinoderms","Hours",64,1973
"Paul_1975",27,"Marine","Ectotherm","Direct observation","Shannon",60.64,NA,9,"10m","Echinoderms","Hours",36,1973
"Robilliard_1971",5,"Marine","Ectotherm","Direct observation","Shannon",48.41,NA,7,"100m","Echinoderms","Hours",8,1969
"Robilliard_1971",1,"Marine","Ectotherm","Direct observation","Shannon",48.84,NA,6,"100m","Echinoderms","Hours",5,1969
"Robilliard_1971",2,"Marine","Ectotherm","Direct observation","Shannon",50.85,NA,9,"100m","Echinoderms","Hours",10,1970
"Robilliard_1971",1,"Marine","Ectotherm","Direct observation","Shannon",48.46,NA,3,"100m","Echinoderms","Hours",2,1969
"Robilliard_1971",2,"Marine","Ectotherm","Direct observation","Shannon",48.54,NA,3,"100m","Echinoderms","Hours",3,1969
"Robilliard_1971",0,"Marine","Ectotherm","Direct observation","Shannon",48.18,NA,10,"100m","Echinoderms","Hours",2,1969
"Robilliard_1971",0,"Marine","Ectotherm","Direct observation","Shannon",48.33,NA,7,"100m","Echinoderms","Hours",2,1969
"Robilliard_1971",2,"Marine","Ectotherm","Direct observation","Shannon",48.56,NA,8,"100m","Echinoderms","Hours",3,1968
"Robilliard_1971",2,"Marine","Ectotherm","Direct observation","Shannon",48.46,NA,3,"100m","Echinoderms","Hours",5,1968
"Shivji_1983",35,"Marine","Ectotherm","Gut content (lethal)","Shannon",48.85,NA,7,"1000m","Echinoderms","Days",22,1977
"Shivji_1983",35,"Marine","Ectotherm","Gut content (lethal)","Shannon",48.85,NA,8,"1000m","Echinoderms","Days",7,1977
"Shivji_1983",35,"Marine","Ectotherm","Gut content (lethal)","Shannon",48.85,NA,6,"1000m","Echinoderms","Days",6,1977
"Shivji_1983",35,"Marine","Ectotherm","Gut content (lethal)","Shannon",48.85,NA,7,"1000m","Echinoderms","Days",3,1977
"Shivji_1983",35,"Marine","Ectotherm","Gut content (lethal)","Shannon",48.85,NA,7,"1000m","Echinoderms","Days",14,1977
"Shivji_1983",35,"Marine","Ectotherm","Gut content (lethal)","Shannon",48.85,NA,3,"1000m","Echinoderms","Days",65,1977
"Shivji_1983",35,"Marine","Ectotherm","Gut content (lethal)","Shannon",48.85,NA,5,"1000m","Echinoderms","Days",15,1977
"Shivji_1983",35,"Marine","Ectotherm","Gut content (lethal)","Shannon",48.85,NA,4,"1000m","Echinoderms","Days",70,1977
"Shivji_1983",35,"Marine","Ectotherm","Gut content (lethal)","Shannon",48.85,NA,5,"1000m","Echinoderms","Days",10,1977
"Shivji_1983",35,"Marine","Ectotherm","Gut content (lethal)","Shannon",48.85,NA,6,"1000m","Echinoderms","Days",18,1977
"Shivji_1983",35,"Marine","Ectotherm","Gut content (lethal)","Shannon",48.85,NA,8,"1000m","Echinoderms","Days",26,1977
"Shivji_1983",35,"Marine","Ectotherm","Gut content (lethal)","Shannon",48.85,NA,8,"1000m","Echinoderms","Days",9,1977
"Shivji_1983",35,"Marine","Ectotherm","Gut content (lethal)","Shannon",48.85,NA,5,"1000m","Echinoderms","Days",27,1977
"Shivji_1983",35,"Marine","Ectotherm","Gut content (lethal)","Shannon",48.85,NA,6,"1000m","Echinoderms","Days",14,1977
"Sunderland_1975",4,"Terrestrial","Ectotherm","Gut content (lethal)","Shannon",50.9,NA,6,"100m","Arthropods","Months",19,1973
"Sunderland_1975",1,"Terrestrial","Ectotherm","Gut content (lethal)","Shannon",50.9,NA,6,"100m","Arthropods","Months",12,1973
"Takahashi_1998",9,"Marine","Ectotherm","Gut content (lethal)","Shannon",39.33,NA,9,"10m","Arthropods","Hours",10,1994
"Takahashi_1998",8,"Marine","Ectotherm","Gut content (lethal)","Shannon",39.33,NA,9,"10m","Arthropods","Hours",10,1994
"Takahashi_1998",9,"Marine","Ectotherm","Gut content (lethal)","Shannon",39.33,NA,9,"10m","Arthropods","Hours",10,1994
"Takahashi_1998",8,"Marine","Ectotherm","Gut content (lethal)","Shannon",39.33,NA,9,"10m","Arthropods","Hours",10,1994
"Takahashi_1998",8,"Marine","Ectotherm","Gut content (lethal)","Shannon",39.33,NA,9,"10m","Arthropods","Hours",10,1994
"Takahashi_1998",8,"Marine","Ectotherm","Gut content (lethal)","Shannon",39.33,NA,9,"10m","Arthropods","Hours",10,1994
"Takahashi_1998",8,"Marine","Ectotherm","Gut content (lethal)","Shannon",39.33,NA,9,"10m","Arthropods","Hours",10,1994
"Takahashi_1998",8,"Marine","Ectotherm","Gut content (lethal)","Shannon",39.33,NA,9,"10m","Arthropods","Hours",10,1994
"Takahashi_1998",8,"Marine","Ectotherm","Gut content (lethal)","Shannon",39.33,NA,9,"10m","Arthropods","Hours",10,1994
"Takahashi_1998",8,"Marine","Ectotherm","Gut content (lethal)","Shannon",39.33,NA,9,"10m","Arthropods","Hours",10,1994
"Takahashi_1998",8,"Marine","Ectotherm","Gut content (lethal)","Shannon",39.33,NA,9,"10m","Arthropods","Hours",10,1994
"Takahashi_1998",9,"Marine","Ectotherm","Gut content (lethal)","Shannon",39.33,NA,9,"10m","Arthropods","Hours",10,1994
"Takahashi_1998",8,"Marine","Ectotherm","Gut content (lethal)","Shannon",39.33,NA,9,"10m","Arthropods","Hours",10,1994
"Takahashi_1998",8,"Marine","Ectotherm","Gut content (lethal)","Shannon",39.33,NA,9,"10m","Arthropods","Hours",10,1994
"Takahashi_1998",8,"Marine","Ectotherm","Gut content (lethal)","Shannon",39.33,NA,9,"10m","Arthropods","Hours",10,1994
"Takahashi_1998",8,"Marine","Ectotherm","Gut content (lethal)","Shannon",39.33,NA,9,"10m","Arthropods","Hours",10,1994
"Takahashi_1998",8,"Marine","Ectotherm","Gut content (lethal)","Shannon",39.33,NA,9,"10m","Arthropods","Hours",10,1994
"Takahashi_1998",8,"Marine","Ectotherm","Gut content (lethal)","Shannon",39.33,NA,9,"10m","Arthropods","Hours",10,1994
"Takahashi_1998",9,"Marine","Ectotherm","Gut content (lethal)","Shannon",39.33,NA,9,"10m","Arthropods","Hours",10,1994
"Takahashi_1998",8,"Marine","Ectotherm","Gut content (lethal)","Shannon",39.33,NA,9,"10m","Arthropods","Hours",10,1994
"Takahashi_1998",9,"Marine","Ectotherm","Gut content (lethal)","Shannon",39.33,NA,9,"10m","Arthropods","Hours",10,1994
"Takahashi_1998",9,"Marine","Ectotherm","Gut content (lethal)","Shannon",39.33,NA,9,"10m","Arthropods","Hours",10,1994
"Takahashi_1998",9,"Marine","Ectotherm","Gut content (lethal)","Shannon",39.33,NA,9,"10m","Arthropods","Hours",10,1994
"Takahashi_1998",9,"Marine","Ectotherm","Gut content (lethal)","Shannon",39.33,NA,9,"10m","Arthropods","Hours",10,1994
"Takahashi_1998",8,"Marine","Ectotherm","Gut content (lethal)","Shannon",39.33,NA,9,"10m","Arthropods","Hours",10,1994
"Takahashi_1998",9,"Marine","Ectotherm","Gut content (lethal)","Shannon",39.33,NA,9,"10m","Arthropods","Hours",10,1994
"Takahashi_1998",8,"Marine","Ectotherm","Gut content (lethal)","Shannon",39.33,NA,9,"10m","Arthropods","Hours",10,1994
"Takahashi_1998",13,"Marine","Ectotherm","Gut content (lethal)","Shannon",39.33,NA,9,"10m","Arthropods","Hours",10,1994
"Takahashi_1998",7,"Marine","Ectotherm","Gut content (lethal)","Shannon",39.33,NA,9,"10m","Arthropods","Hours",10,1994
"Takahashi_1998",7,"Marine","Ectotherm","Gut content (lethal)","Shannon",39.33,NA,9,"10m","Arthropods","Hours",10,1994
"Takahashi_1998",10,"Marine","Ectotherm","Gut content (lethal)","Shannon",39.33,NA,9,"10m","Arthropods","Hours",10,1994
"Takahashi_1998",7,"Marine","Ectotherm","Gut content (lethal)","Shannon",39.33,NA,9,"10m","Arthropods","Hours",10,1994
"Takahashi_1998",13,"Marine","Ectotherm","Gut content (lethal)","Shannon",39.33,NA,9,"10m","Arthropods","Hours",10,1994
"Takahashi_1998",13,"Marine","Ectotherm","Gut content (lethal)","Shannon",39.33,NA,9,"10m","Arthropods","Hours",10,1994
"Takahashi_1998",10,"Marine","Ectotherm","Gut content (lethal)","Shannon",39.33,NA,9,"10m","Arthropods","Hours",10,1994
"Takahashi_1998",7,"Marine","Ectotherm","Gut content (lethal)","Shannon",39.33,NA,9,"10m","Arthropods","Hours",10,1994
"Takahashi_1998",13,"Marine","Ectotherm","Gut content (lethal)","Shannon",39.33,NA,9,"10m","Arthropods","Hours",10,1994
"Takahashi_1998",13,"Marine","Ectotherm","Gut content (lethal)","Shannon",39.33,NA,9,"10m","Arthropods","Hours",10,1994
"Takahashi_1998",10,"Marine","Ectotherm","Gut content (lethal)","Shannon",39.33,NA,9,"10m","Arthropods","Hours",10,1994
"Takahashi_1998",13,"Marine","Ectotherm","Gut content (lethal)","Shannon",39.33,NA,9,"10m","Arthropods","Hours",10,1994
"Takahashi_1998",10,"Marine","Ectotherm","Gut content (lethal)","Shannon",39.33,NA,9,"10m","Arthropods","Hours",10,1994
"Takahashi_1998",7,"Marine","Ectotherm","Gut content (lethal)","Shannon",39.33,NA,9,"10m","Arthropods","Hours",10,1994
"Takahashi_1998",13,"Marine","Ectotherm","Gut content (lethal)","Shannon",39.33,NA,9,"10m","Arthropods","Hours",10,1994
"Takahashi_1998",7,"Marine","Ectotherm","Gut content (lethal)","Shannon",39.33,NA,9,"10m","Arthropods","Hours",10,1994
"Takahashi_1998",13,"Marine","Ectotherm","Gut content (lethal)","Shannon",39.33,NA,9,"10m","Arthropods","Hours",10,1994
"Takahashi_1998",7,"Marine","Ectotherm","Gut content (lethal)","Shannon",39.33,NA,9,"10m","Arthropods","Hours",10,1994
"Takahashi_1998",10,"Marine","Ectotherm","Gut content (lethal)","Shannon",39.33,NA,9,"10m","Arthropods","Hours",10,1994
"Takahashi_1998",10,"Marine","Ectotherm","Gut content (lethal)","Shannon",39.33,NA,9,"10m","Arthropods","Hours",10,1994
"Takahashi_1998",7,"Marine","Ectotherm","Gut content (lethal)","Shannon",39.33,NA,9,"10m","Arthropods","Hours",10,1994
"Takahashi_1998",10,"Marine","Ectotherm","Gut content (lethal)","Shannon",39.33,NA,9,"10m","Arthropods","Hours",10,1994
"Takahashi_1998",7,"Marine","Ectotherm","Gut content (lethal)","Shannon",39.33,NA,9,"10m","Arthropods","Hours",10,1994
"Takahashi_1998",10,"Marine","Ectotherm","Gut content (lethal)","Shannon",39.33,NA,9,"10m","Arthropods","Hours",10,1994
"Takahashi_1998",13,"Marine","Ectotherm","Gut content (lethal)","Shannon",39.33,NA,9,"10m","Arthropods","Hours",10,1994
"Takahashi_1998",10,"Marine","Ectotherm","Gut content (lethal)","Shannon",39.33,NA,9,"10m","Arthropods","Hours",10,1994
"Wear_1987",71,"Marine","Ectotherm","Gut content (lethal)","Shannon",-40.95,NA,6,"100km","Arthropods","Months",4324,1984
"Wells_1961",91,"Marine","Ectotherm","Gut content (lethal)","Shannon",35,NA,1,"100m","Echinoderms","Hours",124,1959
